<?xml version='1.0' encoding='UTF-8' standalone='no'?>
<doxygen xmlns:xsi="http://www.w3.org/2001/XMLSchema-instance" xsi:noNamespaceSchemaLocation="compound.xsd" version="1.10.0" xml:lang="en-US">
  <compounddef id="d8/d89/classAspNetCore_1_1Views__Home__Index" kind="class" language="C#" prot="public">
    <compoundname>AspNetCore::Views_Home_Index</compoundname>
    <basecompoundref prot="public" virt="non-virtual">global::MicrosoftAspNetCore::Mvc::Razor::RazorPage&lt; dynamic &gt;</basecompoundref>
    <sectiondef kind="property">
      <memberdef kind="property" id="d8/d89/classAspNetCore_1_1Views__Home__Index_1a1c12fddbab3a154a62b2a730eee55181" prot="public" static="no" readable="no" writable="no" gettable="yes" privategettable="no" protectedgettable="no" settable="no" privatesettable="yes" protectedsettable="no">
        <type>global::Microsoft.AspNetCore.Mvc.ViewFeatures.IModelExpressionProvider</type>
        <definition>global::Microsoft.AspNetCore.Mvc.ViewFeatures.IModelExpressionProvider AspNetCore.Views_Home_Index.ModelExpressionProvider</definition>
        <argsstring></argsstring>
        <name>ModelExpressionProvider</name>
        <qualifiedname>AspNetCore.Views_Home_Index.ModelExpressionProvider</qualifiedname>
        <briefdescription>
        </briefdescription>
        <detaileddescription>
        </detaileddescription>
        <inbodydescription>
        </inbodydescription>
        <location file="obj/Debug/net5.0/Razor/Views/Home/Index.cshtml.g.cs" line="102" column="83" bodyfile="obj/Debug/net5.0/Razor/Views/Home/Index.cshtml.g.cs" bodystart="102" bodyend="102"/>
      </memberdef>
      <memberdef kind="property" id="d8/d89/classAspNetCore_1_1Views__Home__Index_1a49920e11fc6a3866a9362b0760f02473" prot="public" static="no" readable="no" writable="no" gettable="yes" privategettable="no" protectedgettable="no" settable="no" privatesettable="yes" protectedsettable="no">
        <type>global::Microsoft.AspNetCore.Mvc.IUrlHelper</type>
        <definition>global::Microsoft.AspNetCore.Mvc.IUrlHelper AspNetCore.Views_Home_Index.Url</definition>
        <argsstring></argsstring>
        <name>Url</name>
        <qualifiedname>AspNetCore.Views_Home_Index.Url</qualifiedname>
        <briefdescription>
        </briefdescription>
        <detaileddescription>
        </detaileddescription>
        <inbodydescription>
        </inbodydescription>
        <location file="obj/Debug/net5.0/Razor/Views/Home/Index.cshtml.g.cs" line="104" column="57" bodyfile="obj/Debug/net5.0/Razor/Views/Home/Index.cshtml.g.cs" bodystart="104" bodyend="104"/>
      </memberdef>
      <memberdef kind="property" id="d8/d89/classAspNetCore_1_1Views__Home__Index_1adb326987c09e7039ba39bfd6ddc92fb5" prot="public" static="no" readable="no" writable="no" gettable="yes" privategettable="no" protectedgettable="no" settable="no" privatesettable="yes" protectedsettable="no">
        <type>global::Microsoft.AspNetCore.Mvc.IViewComponentHelper</type>
        <definition>global::Microsoft.AspNetCore.Mvc.IViewComponentHelper AspNetCore.Views_Home_Index.Component</definition>
        <argsstring></argsstring>
        <name>Component</name>
        <qualifiedname>AspNetCore.Views_Home_Index.Component</qualifiedname>
        <briefdescription>
        </briefdescription>
        <detaileddescription>
        </detaileddescription>
        <inbodydescription>
        </inbodydescription>
        <location file="obj/Debug/net5.0/Razor/Views/Home/Index.cshtml.g.cs" line="106" column="67" bodyfile="obj/Debug/net5.0/Razor/Views/Home/Index.cshtml.g.cs" bodystart="106" bodyend="106"/>
      </memberdef>
      <memberdef kind="property" id="d8/d89/classAspNetCore_1_1Views__Home__Index_1aef8cb8ae3a2a3dc735b580b6a6c0176d" prot="public" static="no" readable="no" writable="no" gettable="yes" privategettable="no" protectedgettable="no" settable="no" privatesettable="yes" protectedsettable="no">
        <type>global::Microsoft.AspNetCore.Mvc.Rendering.IJsonHelper</type>
        <definition>global::Microsoft.AspNetCore.Mvc.Rendering.IJsonHelper AspNetCore.Views_Home_Index.Json</definition>
        <argsstring></argsstring>
        <name>Json</name>
        <qualifiedname>AspNetCore.Views_Home_Index.Json</qualifiedname>
        <briefdescription>
        </briefdescription>
        <detaileddescription>
        </detaileddescription>
        <inbodydescription>
        </inbodydescription>
        <location file="obj/Debug/net5.0/Razor/Views/Home/Index.cshtml.g.cs" line="108" column="67" bodyfile="obj/Debug/net5.0/Razor/Views/Home/Index.cshtml.g.cs" bodystart="108" bodyend="108"/>
      </memberdef>
      <memberdef kind="property" id="d8/d89/classAspNetCore_1_1Views__Home__Index_1aafaaf261e7ac319bee91aa0f369c4f72" prot="public" static="no" readable="no" writable="no" gettable="yes" privategettable="no" protectedgettable="no" settable="no" privatesettable="yes" protectedsettable="no">
        <type>global::Microsoft.AspNetCore.Mvc.Rendering.IHtmlHelper&lt; dynamic &gt;</type>
        <definition>global::Microsoft.AspNetCore.Mvc.Rendering.IHtmlHelper&lt;dynamic&gt; AspNetCore.Views_Home_Index.Html</definition>
        <argsstring></argsstring>
        <name>Html</name>
        <qualifiedname>AspNetCore.Views_Home_Index.Html</qualifiedname>
        <briefdescription>
        </briefdescription>
        <detaileddescription>
        </detaileddescription>
        <inbodydescription>
        </inbodydescription>
        <location file="obj/Debug/net5.0/Razor/Views/Home/Index.cshtml.g.cs" line="110" column="67" bodyfile="obj/Debug/net5.0/Razor/Views/Home/Index.cshtml.g.cs" bodystart="110" bodyend="110"/>
      </memberdef>
    </sectiondef>
    <sectiondef kind="public-func">
      <memberdef kind="function" id="d8/d89/classAspNetCore_1_1Views__Home__Index_1a2e2b2029628bc7b5b597c00591249147" prot="public" static="no" const="no" explicit="no" inline="yes" virt="non-virtual">
        <type>async override global::System.Threading.Tasks.Task</type>
        <definition>async override global::System.Threading.Tasks.Task AspNetCore.Views_Home_Index.ExecuteAsync</definition>
        <argsstring>()</argsstring>
        <name>ExecuteAsync</name>
        <qualifiedname>AspNetCore.Views_Home_Index.ExecuteAsync</qualifiedname>
        <briefdescription>
        </briefdescription>
        <detaileddescription>
        </detaileddescription>
        <inbodydescription>
        </inbodydescription>
        <location file="obj/Debug/net5.0/Razor/Views/Home/Index.cshtml.g.cs" line="34" column="64" bodyfile="obj/Debug/net5.0/Razor/Views/Home/Index.cshtml.g.cs" bodystart="34" bodyend="99"/>
      </memberdef>
    </sectiondef>
    <briefdescription>
    </briefdescription>
    <detaileddescription>
    </detaileddescription>
    <inheritancegraph>
      <node id="1">
        <label>AspNetCore.Views_Home_Index</label>
        <link refid="d8/d89/classAspNetCore_1_1Views__Home__Index"/>
        <childnode refid="2" relation="public-inheritance">
        </childnode>
      </node>
      <node id="2">
        <label>global::MicrosoftAspNetCore::Mvc::Razor::RazorPage&lt; dynamic &gt;</label>
      </node>
    </inheritancegraph>
    <collaborationgraph>
      <node id="1">
        <label>AspNetCore.Views_Home_Index</label>
        <link refid="d8/d89/classAspNetCore_1_1Views__Home__Index"/>
        <childnode refid="2" relation="public-inheritance">
        </childnode>
      </node>
      <node id="2">
        <label>global::MicrosoftAspNetCore::Mvc::Razor::RazorPage&lt; dynamic &gt;</label>
      </node>
    </collaborationgraph>
    <location file="obj/Debug/net5.0/Razor/Views/Home/Index.cshtml.g.cs" line="31" column="11" bodyfile="obj/Debug/net5.0/Razor/Views/Home/Index.cshtml.g.cs" bodystart="32" bodyend="111"/>
    <listofallmembers>
      <member refid="d8/d89/classAspNetCore_1_1Views__Home__Index_1adb326987c09e7039ba39bfd6ddc92fb5" prot="public" virt="non-virtual"><scope>AspNetCore::Views_Home_Index</scope><name>Component</name></member>
      <member refid="d8/d89/classAspNetCore_1_1Views__Home__Index_1a2e2b2029628bc7b5b597c00591249147" prot="public" virt="non-virtual"><scope>AspNetCore::Views_Home_Index</scope><name>ExecuteAsync</name></member>
      <member refid="d8/d89/classAspNetCore_1_1Views__Home__Index_1aafaaf261e7ac319bee91aa0f369c4f72" prot="public" virt="non-virtual"><scope>AspNetCore::Views_Home_Index</scope><name>Html</name></member>
      <member refid="d8/d89/classAspNetCore_1_1Views__Home__Index_1aef8cb8ae3a2a3dc735b580b6a6c0176d" prot="public" virt="non-virtual"><scope>AspNetCore::Views_Home_Index</scope><name>Json</name></member>
      <member refid="d8/d89/classAspNetCore_1_1Views__Home__Index_1a1c12fddbab3a154a62b2a730eee55181" prot="public" virt="non-virtual"><scope>AspNetCore::Views_Home_Index</scope><name>ModelExpressionProvider</name></member>
      <member refid="d8/d89/classAspNetCore_1_1Views__Home__Index_1a49920e11fc6a3866a9362b0760f02473" prot="public" virt="non-virtual"><scope>AspNetCore::Views_Home_Index</scope><name>Url</name></member>
    </listofallmembers>
  </compounddef>
</doxygen>
