<?xml version='1.0' encoding='UTF-8' standalone='no'?>
<doxygen xmlns:xsi="http://www.w3.org/2001/XMLSchema-instance" xsi:noNamespaceSchemaLocation="compound.xsd" version="1.10.0" xml:lang="en-US">
  <compounddef id="d3/d8f/WydzialModel_8cs" kind="file" language="C#">
    <compoundname>WydzialModel.cs</compoundname>
    <innerclass refid="df/d17/classprojektowaniaOprogramowania_1_1ViewModels_1_1CollegeStructures_1_1WydzialModel" prot="public">projektowaniaOprogramowania::ViewModels::CollegeStructures::WydzialModel</innerclass>
    <innernamespace refid="d8/d9d/namespaceprojektowaniaOprogramowania">projektowaniaOprogramowania</innernamespace>
    <innernamespace refid="da/dc5/namespaceprojektowaniaOprogramowania_1_1ViewModels">projektowaniaOprogramowania::ViewModels</innernamespace>
    <innernamespace refid="d1/dc3/namespaceprojektowaniaOprogramowania_1_1ViewModels_1_1CollegeStructures">projektowaniaOprogramowania::ViewModels::CollegeStructures</innernamespace>
    <briefdescription>
    </briefdescription>
    <detaileddescription>
    </detaileddescription>
    <programlisting>
<codeline lineno="1"><highlight class="keyword">using<sp/></highlight><highlight class="normal">System.ComponentModel.DataAnnotations.Schema;</highlight></codeline>
<codeline lineno="2"><highlight class="normal"></highlight><highlight class="keyword">using<sp/></highlight><highlight class="normal">System.ComponentModel.DataAnnotations;</highlight></codeline>
<codeline lineno="3"><highlight class="normal"></highlight></codeline>
<codeline lineno="4"><highlight class="normal"></highlight><highlight class="keyword">namespace<sp/></highlight><highlight class="normal"><ref refid="d1/dc3/namespaceprojektowaniaOprogramowania_1_1ViewModels_1_1CollegeStructures" kindref="compound">projektowaniaOprogramowania.ViewModels.CollegeStructures</ref></highlight></codeline>
<codeline lineno="5"><highlight class="normal">{</highlight></codeline>
<codeline lineno="6"><highlight class="normal"><sp/><sp/><sp/><sp/>[Table(</highlight><highlight class="stringliteral">&quot;wydzialy&quot;</highlight><highlight class="normal">)]</highlight></codeline>
<codeline lineno="7" refid="df/d17/classprojektowaniaOprogramowania_1_1ViewModels_1_1CollegeStructures_1_1WydzialModel" refkind="compound"><highlight class="normal"><sp/><sp/><sp/><sp/></highlight><highlight class="keyword">public</highlight><highlight class="normal"><sp/></highlight><highlight class="keyword">class<sp/></highlight><highlight class="normal"><ref refid="df/d17/classprojektowaniaOprogramowania_1_1ViewModels_1_1CollegeStructures_1_1WydzialModel" kindref="compound">WydzialModel</ref></highlight></codeline>
<codeline lineno="8"><highlight class="normal"><sp/><sp/><sp/><sp/>{</highlight></codeline>
<codeline lineno="9"><highlight class="normal"><sp/><sp/><sp/><sp/><sp/><sp/><sp/><sp/>[Key]</highlight></codeline>
<codeline lineno="10"><highlight class="normal"><sp/><sp/><sp/><sp/><sp/><sp/><sp/><sp/>[DatabaseGenerated(DatabaseGeneratedOption.Identity)]</highlight></codeline>
<codeline lineno="11"><highlight class="normal"><sp/><sp/><sp/><sp/><sp/><sp/><sp/><sp/></highlight><highlight class="keyword">public</highlight><highlight class="normal"><sp/></highlight><highlight class="keywordtype">long</highlight><highlight class="normal"><sp/>Id<sp/>{<sp/></highlight><highlight class="keyword">get</highlight><highlight class="normal">;<sp/></highlight><highlight class="keyword">set</highlight><highlight class="normal">;<sp/>}</highlight></codeline>
<codeline lineno="12"><highlight class="normal"></highlight></codeline>
<codeline lineno="13"><highlight class="normal"><sp/><sp/><sp/><sp/><sp/><sp/><sp/><sp/>[Required]</highlight></codeline>
<codeline lineno="14"><highlight class="normal"><sp/><sp/><sp/><sp/><sp/><sp/><sp/><sp/>[StringLength(10)]</highlight></codeline>
<codeline lineno="15"><highlight class="normal"><sp/><sp/><sp/><sp/><sp/><sp/><sp/><sp/></highlight><highlight class="keyword">public</highlight><highlight class="normal"><sp/></highlight><highlight class="keywordtype">string</highlight><highlight class="normal"><sp/>NumerWydzialu<sp/>{<sp/></highlight><highlight class="keyword">get</highlight><highlight class="normal">;<sp/></highlight><highlight class="keyword">set</highlight><highlight class="normal">;<sp/>}</highlight></codeline>
<codeline lineno="16"><highlight class="normal"></highlight></codeline>
<codeline lineno="17"><highlight class="normal"><sp/><sp/><sp/><sp/><sp/><sp/><sp/><sp/>[Required]</highlight></codeline>
<codeline lineno="18"><highlight class="normal"><sp/><sp/><sp/><sp/><sp/><sp/><sp/><sp/>[StringLength(255)]</highlight></codeline>
<codeline lineno="19"><highlight class="normal"><sp/><sp/><sp/><sp/><sp/><sp/><sp/><sp/></highlight><highlight class="keyword">public</highlight><highlight class="normal"><sp/></highlight><highlight class="keywordtype">string</highlight><highlight class="normal"><sp/>NazwaWydzialu<sp/>{<sp/></highlight><highlight class="keyword">get</highlight><highlight class="normal">;<sp/></highlight><highlight class="keyword">set</highlight><highlight class="normal">;<sp/>}</highlight></codeline>
<codeline lineno="20"><highlight class="normal"></highlight></codeline>
<codeline lineno="21"><highlight class="normal"><sp/><sp/><sp/><sp/><sp/><sp/><sp/><sp/>[ForeignKey(</highlight><highlight class="stringliteral">&quot;Miasto&quot;</highlight><highlight class="normal">)]</highlight></codeline>
<codeline lineno="22"><highlight class="normal"><sp/><sp/><sp/><sp/><sp/><sp/><sp/><sp/></highlight><highlight class="keyword">public</highlight><highlight class="normal"><sp/></highlight><highlight class="keywordtype">long</highlight><highlight class="normal"><sp/>MiastoId<sp/>{<sp/></highlight><highlight class="keyword">get</highlight><highlight class="normal">;<sp/></highlight><highlight class="keyword">set</highlight><highlight class="normal">;<sp/>}</highlight></codeline>
<codeline lineno="23"><highlight class="normal"><sp/><sp/><sp/><sp/><sp/><sp/><sp/><sp/></highlight><highlight class="keyword">public</highlight><highlight class="normal"><sp/><ref refid="d6/de0/classprojektowaniaOprogramowania_1_1ViewModels_1_1CollegeStructures_1_1MiastoModel" kindref="compound">MiastoModel</ref><sp/>Miasto<sp/>{<sp/></highlight><highlight class="keyword">get</highlight><highlight class="normal">;<sp/></highlight><highlight class="keyword">set</highlight><highlight class="normal">;<sp/>}</highlight></codeline>
<codeline lineno="24"><highlight class="normal"><sp/><sp/><sp/><sp/>}</highlight></codeline>
<codeline lineno="25"><highlight class="normal">}</highlight></codeline>
    </programlisting>
    <location file="Models/CollegeStructures/WydzialModel.cs"/>
  </compounddef>
</doxygen>
