<?xml version='1.0' encoding='UTF-8' standalone='no'?>
<doxygen xmlns:xsi="http://www.w3.org/2001/XMLSchema-instance" xsi:noNamespaceSchemaLocation="compound.xsd" version="1.10.0" xml:lang="en-US">
  <compounddef id="d9/dc0/namespaceSystem_1_1Threading_1_1Tasks" kind="namespace" language="C#">
    <compoundname>System::Threading::Tasks</compoundname>
    <briefdescription>
    </briefdescription>
    <detaileddescription>
    </detaileddescription>
    <location file="Controllers/HomeController.cs" line="5" column="29"/>
  </compounddef>
</doxygen>
