<?xml version='1.0' encoding='UTF-8' standalone='no'?>
<doxygen xmlns:xsi="http://www.w3.org/2001/XMLSchema-instance" xsi:noNamespaceSchemaLocation="compound.xsd" version="1.10.0" xml:lang="en-US">
  <compounddef id="d7/ddb/DetaleKierunku_8cshtml_8g_8cs" kind="file" language="C#">
    <compoundname>DetaleKierunku.cshtml.g.cs</compoundname>
    <innerclass refid="de/d49/classAspNetCore_1_1Views__Przeglad__DetaleKierunku" prot="public">AspNetCore::Views_Przeglad_DetaleKierunku</innerclass>
    <innernamespace refid="d4/d38/namespaceAspNetCore">AspNetCore</innernamespace>
    <briefdescription>
    </briefdescription>
    <detaileddescription>
    </detaileddescription>
    <programlisting>
<codeline lineno="1"><highlight class="preprocessor">#pragma<sp/>checksum<sp/>&quot;/home/wieslaw/PWr/PO/Projekt/software-engineering-recruitment-system-ssh/software-engineering-recruitment-system/projektowaniaOprogramowania/Views/Przeglad/DetaleKierunku.cshtml&quot;<sp/>&quot;{ff1816ec-aa5e-4d10-87f7-6f4963833460}&quot;<sp/>&quot;b7fbca38413a8c7b9e6a500fa170da8515ec08a7&quot;</highlight><highlight class="normal"></highlight></codeline>
<codeline lineno="2"><highlight class="normal"></highlight><highlight class="comment">//<sp/>&lt;auto-generated/&gt;</highlight><highlight class="normal"></highlight></codeline>
<codeline lineno="3"><highlight class="normal"></highlight><highlight class="preprocessor">#pragma<sp/>warning<sp/>disable<sp/>1591</highlight><highlight class="normal"></highlight></codeline>
<codeline lineno="4"><highlight class="normal">[assembly:<sp/>global::Microsoft.AspNetCore.Razor.Hosting.RazorCompiledItemAttribute(typeof(<ref refid="d4/d38/namespaceAspNetCore" kindref="compound">AspNetCore</ref>.<ref refid="de/d49/classAspNetCore_1_1Views__Przeglad__DetaleKierunku" kindref="compound">Views_Przeglad_DetaleKierunku</ref>),<sp/></highlight><highlight class="stringliteral">@&quot;mvc.1.0.view&quot;</highlight><highlight class="normal">,<sp/></highlight><highlight class="stringliteral">@&quot;/Views/Przeglad/DetaleKierunku.cshtml&quot;</highlight><highlight class="normal">)]</highlight></codeline>
<codeline lineno="5"><highlight class="normal"></highlight><highlight class="keyword">namespace<sp/></highlight><highlight class="normal"><ref refid="d4/d38/namespaceAspNetCore" kindref="compound">AspNetCore</ref></highlight></codeline>
<codeline lineno="6"><highlight class="normal">{</highlight></codeline>
<codeline lineno="7"><highlight class="normal"></highlight><highlight class="preprocessor"><sp/><sp/><sp/><sp/>#line<sp/>hidden</highlight><highlight class="normal"></highlight></codeline>
<codeline lineno="8"><highlight class="normal"><sp/><sp/><sp/><sp/></highlight><highlight class="keyword">using<sp/></highlight><highlight class="normal">System;</highlight></codeline>
<codeline lineno="9"><highlight class="normal"><sp/><sp/><sp/><sp/></highlight><highlight class="keyword">using<sp/></highlight><highlight class="normal">System.Collections.Generic;</highlight></codeline>
<codeline lineno="10"><highlight class="normal"><sp/><sp/><sp/><sp/></highlight><highlight class="keyword">using<sp/></highlight><highlight class="normal">System.Linq;</highlight></codeline>
<codeline lineno="11"><highlight class="normal"><sp/><sp/><sp/><sp/></highlight><highlight class="keyword">using<sp/></highlight><highlight class="normal">System.Threading.Tasks;</highlight></codeline>
<codeline lineno="12"><highlight class="normal"><sp/><sp/><sp/><sp/></highlight><highlight class="keyword">using<sp/></highlight><highlight class="normal">Microsoft.AspNetCore.Mvc;</highlight></codeline>
<codeline lineno="13"><highlight class="normal"><sp/><sp/><sp/><sp/></highlight><highlight class="keyword">using<sp/></highlight><highlight class="normal">Microsoft.AspNetCore.Mvc.Rendering;</highlight></codeline>
<codeline lineno="14"><highlight class="normal"><sp/><sp/><sp/><sp/></highlight><highlight class="keyword">using<sp/></highlight><highlight class="normal">Microsoft.AspNetCore.Mvc.ViewFeatures;</highlight></codeline>
<codeline lineno="15"><highlight class="normal"></highlight><highlight class="preprocessor">#nullable<sp/>restore</highlight><highlight class="normal"></highlight></codeline>
<codeline lineno="16"><highlight class="normal"></highlight><highlight class="preprocessor">#line<sp/>1<sp/>&quot;/home/wieslaw/PWr/PO/Projekt/software-engineering-recruitment-system-ssh/software-engineering-recruitment-system/projektowaniaOprogramowania/Views/_ViewImports.cshtml&quot;</highlight><highlight class="normal"></highlight></codeline>
<codeline lineno="17"><highlight class="normal"></highlight><highlight class="keyword">using<sp/></highlight><highlight class="normal"><ref refid="d8/d9d/namespaceprojektowaniaOprogramowania" kindref="compound">projektowaniaOprogramowania</ref>;</highlight></codeline>
<codeline lineno="18"><highlight class="normal"></highlight></codeline>
<codeline lineno="19"><highlight class="normal"></highlight><highlight class="preprocessor">#line<sp/>default</highlight><highlight class="normal"></highlight></codeline>
<codeline lineno="20"><highlight class="normal"></highlight><highlight class="preprocessor">#line<sp/>hidden</highlight><highlight class="normal"></highlight></codeline>
<codeline lineno="21"><highlight class="normal"></highlight><highlight class="preprocessor">#nullable<sp/>disable</highlight><highlight class="normal"></highlight></codeline>
<codeline lineno="22"><highlight class="normal"></highlight><highlight class="preprocessor">#nullable<sp/>restore</highlight><highlight class="normal"></highlight></codeline>
<codeline lineno="23"><highlight class="normal"></highlight><highlight class="preprocessor">#line<sp/>2<sp/>&quot;/home/wieslaw/PWr/PO/Projekt/software-engineering-recruitment-system-ssh/software-engineering-recruitment-system/projektowaniaOprogramowania/Views/_ViewImports.cshtml&quot;</highlight><highlight class="normal"></highlight></codeline>
<codeline lineno="24"><highlight class="normal"></highlight><highlight class="keyword">using<sp/></highlight><highlight class="normal"><ref refid="d6/d4b/namespaceprojektowaniaOprogramowania_1_1Models" kindref="compound">projektowaniaOprogramowania.Models</ref>;</highlight></codeline>
<codeline lineno="25"><highlight class="normal"></highlight></codeline>
<codeline lineno="26"><highlight class="normal"></highlight><highlight class="preprocessor">#line<sp/>default</highlight><highlight class="normal"></highlight></codeline>
<codeline lineno="27"><highlight class="normal"></highlight><highlight class="preprocessor">#line<sp/>hidden</highlight><highlight class="normal"></highlight></codeline>
<codeline lineno="28"><highlight class="normal"></highlight><highlight class="preprocessor">#nullable<sp/>disable</highlight><highlight class="normal"></highlight></codeline>
<codeline lineno="29"><highlight class="normal"><sp/><sp/><sp/><sp/>[global::Microsoft.AspNetCore.Razor.Hosting.RazorSourceChecksumAttribute(</highlight><highlight class="stringliteral">@&quot;SHA1&quot;</highlight><highlight class="normal">,<sp/></highlight><highlight class="stringliteral">@&quot;b7fbca38413a8c7b9e6a500fa170da8515ec08a7&quot;</highlight><highlight class="normal">,<sp/></highlight><highlight class="stringliteral">@&quot;/Views/Przeglad/DetaleKierunku.cshtml&quot;</highlight><highlight class="normal">)]</highlight></codeline>
<codeline lineno="30"><highlight class="normal"><sp/><sp/><sp/><sp/>[global::Microsoft.AspNetCore.Razor.Hosting.RazorSourceChecksumAttribute(</highlight><highlight class="stringliteral">@&quot;SHA1&quot;</highlight><highlight class="normal">,<sp/></highlight><highlight class="stringliteral">@&quot;539bf3beeca7adc28425b879b50b0d4ad165e43d&quot;</highlight><highlight class="normal">,<sp/></highlight><highlight class="stringliteral">@&quot;/Views/_ViewImports.cshtml&quot;</highlight><highlight class="normal">)]</highlight></codeline>
<codeline lineno="31" refid="de/d49/classAspNetCore_1_1Views__Przeglad__DetaleKierunku" refkind="compound"><highlight class="normal"><sp/><sp/><sp/><sp/></highlight><highlight class="keyword">public</highlight><highlight class="normal"><sp/></highlight><highlight class="keyword">class<sp/></highlight><highlight class="normal"><ref refid="de/d49/classAspNetCore_1_1Views__Przeglad__DetaleKierunku" kindref="compound">Views_Przeglad_DetaleKierunku</ref><sp/>:<sp/>global::Microsoft.<ref refid="d4/d38/namespaceAspNetCore" kindref="compound">AspNetCore</ref>.Mvc.Razor.RazorPage&lt;projektowaniaOprogramowania.ViewModels.CollegeStructures.KierunekModel&gt;</highlight></codeline>
<codeline lineno="32"><highlight class="normal"><sp/><sp/><sp/><sp/>{</highlight></codeline>
<codeline lineno="33"><highlight class="normal"><sp/><sp/><sp/><sp/><sp/><sp/><sp/><sp/></highlight><highlight class="keyword">private</highlight><highlight class="normal"><sp/></highlight><highlight class="keyword">static</highlight><highlight class="normal"><sp/>readonly<sp/>global::Microsoft.AspNetCore.Razor.TagHelpers.TagHelperAttribute<sp/>__tagHelperAttribute_0<sp/>=<sp/></highlight><highlight class="keyword">new</highlight><highlight class="normal"><sp/>global::Microsoft.AspNetCore.Razor.TagHelpers.TagHelperAttribute(</highlight><highlight class="stringliteral">&quot;asp-action&quot;</highlight><highlight class="normal">,<sp/></highlight><highlight class="stringliteral">&quot;Index&quot;</highlight><highlight class="normal">,<sp/>global::Microsoft.<ref refid="d4/d38/namespaceAspNetCore" kindref="compound">AspNetCore</ref>.Razor.TagHelpers.HtmlAttributeValueStyle.DoubleQuotes);</highlight></codeline>
<codeline lineno="34"><highlight class="normal"></highlight><highlight class="preprocessor"><sp/><sp/><sp/><sp/><sp/><sp/><sp/><sp/>#line<sp/>hidden</highlight><highlight class="normal"></highlight></codeline>
<codeline lineno="35"><highlight class="normal"></highlight><highlight class="preprocessor"><sp/><sp/><sp/><sp/><sp/><sp/><sp/><sp/>#pragma<sp/>warning<sp/>disable<sp/>0649</highlight><highlight class="normal"></highlight></codeline>
<codeline lineno="36"><highlight class="normal"><sp/><sp/><sp/><sp/><sp/><sp/><sp/><sp/></highlight><highlight class="keyword">private</highlight><highlight class="normal"><sp/>global::Microsoft.AspNetCore.Razor.Runtime.TagHelpers.TagHelperExecutionContext<sp/>__tagHelperExecutionContext;</highlight></codeline>
<codeline lineno="37"><highlight class="normal"></highlight><highlight class="preprocessor"><sp/><sp/><sp/><sp/><sp/><sp/><sp/><sp/>#pragma<sp/>warning<sp/>restore<sp/>0649</highlight><highlight class="normal"></highlight></codeline>
<codeline lineno="38"><highlight class="normal"><sp/><sp/><sp/><sp/><sp/><sp/><sp/><sp/></highlight><highlight class="keyword">private</highlight><highlight class="normal"><sp/>global::Microsoft.AspNetCore.Razor.Runtime.TagHelpers.TagHelperRunner<sp/>__tagHelperRunner<sp/>=<sp/></highlight><highlight class="keyword">new</highlight><highlight class="normal"><sp/>global::Microsoft.AspNetCore.Razor.Runtime.TagHelpers.TagHelperRunner();</highlight></codeline>
<codeline lineno="39"><highlight class="normal"></highlight><highlight class="preprocessor"><sp/><sp/><sp/><sp/><sp/><sp/><sp/><sp/>#pragma<sp/>warning<sp/>disable<sp/>0169</highlight><highlight class="normal"></highlight></codeline>
<codeline lineno="40"><highlight class="normal"><sp/><sp/><sp/><sp/><sp/><sp/><sp/><sp/></highlight><highlight class="keyword">private</highlight><highlight class="normal"><sp/></highlight><highlight class="keywordtype">string</highlight><highlight class="normal"><sp/>__tagHelperStringValueBuffer;</highlight></codeline>
<codeline lineno="41"><highlight class="normal"></highlight><highlight class="preprocessor"><sp/><sp/><sp/><sp/><sp/><sp/><sp/><sp/>#pragma<sp/>warning<sp/>restore<sp/>0169</highlight><highlight class="normal"></highlight></codeline>
<codeline lineno="42"><highlight class="normal"><sp/><sp/><sp/><sp/><sp/><sp/><sp/><sp/></highlight><highlight class="keyword">private</highlight><highlight class="normal"><sp/>global::Microsoft.AspNetCore.Razor.Runtime.TagHelpers.TagHelperScopeManager<sp/>__backed__tagHelperScopeManager<sp/>=<sp/></highlight><highlight class="keyword">null</highlight><highlight class="normal">;</highlight></codeline>
<codeline lineno="43"><highlight class="normal"><sp/><sp/><sp/><sp/><sp/><sp/><sp/><sp/></highlight><highlight class="keyword">private</highlight><highlight class="normal"><sp/>global::Microsoft.AspNetCore.Razor.Runtime.TagHelpers.TagHelperScopeManager<sp/>__tagHelperScopeManager</highlight></codeline>
<codeline lineno="44"><highlight class="normal"><sp/><sp/><sp/><sp/><sp/><sp/><sp/><sp/>{</highlight></codeline>
<codeline lineno="45"><highlight class="normal"><sp/><sp/><sp/><sp/><sp/><sp/><sp/><sp/><sp/><sp/><sp/><sp/></highlight><highlight class="keyword">get</highlight><highlight class="normal"></highlight></codeline>
<codeline lineno="46"><highlight class="normal"><sp/><sp/><sp/><sp/><sp/><sp/><sp/><sp/><sp/><sp/><sp/><sp/>{</highlight></codeline>
<codeline lineno="47"><highlight class="normal"><sp/><sp/><sp/><sp/><sp/><sp/><sp/><sp/><sp/><sp/><sp/><sp/><sp/><sp/><sp/><sp/></highlight><highlight class="keywordflow">if</highlight><highlight class="normal"><sp/>(__backed__tagHelperScopeManager<sp/>==<sp/></highlight><highlight class="keyword">null</highlight><highlight class="normal">)</highlight></codeline>
<codeline lineno="48"><highlight class="normal"><sp/><sp/><sp/><sp/><sp/><sp/><sp/><sp/><sp/><sp/><sp/><sp/><sp/><sp/><sp/><sp/>{</highlight></codeline>
<codeline lineno="49"><highlight class="normal"><sp/><sp/><sp/><sp/><sp/><sp/><sp/><sp/><sp/><sp/><sp/><sp/><sp/><sp/><sp/><sp/><sp/><sp/><sp/><sp/>__backed__tagHelperScopeManager<sp/>=<sp/></highlight><highlight class="keyword">new</highlight><highlight class="normal"><sp/>global::Microsoft.AspNetCore.Razor.Runtime.TagHelpers.TagHelperScopeManager(StartTagHelperWritingScope,<sp/>EndTagHelperWritingScope);</highlight></codeline>
<codeline lineno="50"><highlight class="normal"><sp/><sp/><sp/><sp/><sp/><sp/><sp/><sp/><sp/><sp/><sp/><sp/><sp/><sp/><sp/><sp/>}</highlight></codeline>
<codeline lineno="51"><highlight class="normal"><sp/><sp/><sp/><sp/><sp/><sp/><sp/><sp/><sp/><sp/><sp/><sp/><sp/><sp/><sp/><sp/></highlight><highlight class="keywordflow">return</highlight><highlight class="normal"><sp/>__backed__tagHelperScopeManager;</highlight></codeline>
<codeline lineno="52"><highlight class="normal"><sp/><sp/><sp/><sp/><sp/><sp/><sp/><sp/><sp/><sp/><sp/><sp/>}</highlight></codeline>
<codeline lineno="53"><highlight class="normal"><sp/><sp/><sp/><sp/><sp/><sp/><sp/><sp/>}</highlight></codeline>
<codeline lineno="54"><highlight class="normal"><sp/><sp/><sp/><sp/><sp/><sp/><sp/><sp/></highlight><highlight class="keyword">private</highlight><highlight class="normal"><sp/>global::Microsoft.AspNetCore.Mvc.TagHelpers.AnchorTagHelper<sp/>__Microsoft_AspNetCore_Mvc_TagHelpers_AnchorTagHelper;</highlight></codeline>
<codeline lineno="55"><highlight class="normal"></highlight><highlight class="preprocessor"><sp/><sp/><sp/><sp/><sp/><sp/><sp/><sp/>#pragma<sp/>warning<sp/>disable<sp/>1998</highlight><highlight class="normal"></highlight></codeline>
<codeline lineno="56"><highlight class="normal"><sp/><sp/><sp/><sp/><sp/><sp/><sp/><sp/></highlight><highlight class="keyword">public</highlight><highlight class="normal"><sp/>async<sp/></highlight><highlight class="keyword">override</highlight><highlight class="normal"><sp/>global::System.Threading.Tasks.Task<sp/>ExecuteAsync()</highlight></codeline>
<codeline lineno="57"><highlight class="normal"><sp/><sp/><sp/><sp/><sp/><sp/><sp/><sp/>{</highlight></codeline>
<codeline lineno="58"><highlight class="normal"><sp/><sp/><sp/><sp/><sp/><sp/><sp/><sp/><sp/><sp/><sp/><sp/>WriteLiteral(</highlight><highlight class="stringliteral">&quot;\n&quot;</highlight><highlight class="normal">);</highlight></codeline>
<codeline lineno="59"><highlight class="normal"></highlight><highlight class="preprocessor">#nullable<sp/>restore</highlight><highlight class="normal"></highlight></codeline>
<codeline lineno="60"><highlight class="normal"></highlight><highlight class="preprocessor">#line<sp/>3<sp/>&quot;/home/wieslaw/PWr/PO/Projekt/software-engineering-recruitment-system-ssh/software-engineering-recruitment-system/projektowaniaOprogramowania/Views/Przeglad/DetaleKierunku.cshtml&quot;</highlight><highlight class="normal"></highlight></codeline>
<codeline lineno="61"><highlight class="normal"><sp/><sp/></highlight></codeline>
<codeline lineno="62"><highlight class="normal"><sp/><sp/><sp/><sp/>ViewData[</highlight><highlight class="stringliteral">&quot;Title&quot;</highlight><highlight class="normal">]<sp/>=<sp/></highlight><highlight class="stringliteral">&quot;Details&quot;</highlight><highlight class="normal">;</highlight></codeline>
<codeline lineno="63"><highlight class="normal"></highlight></codeline>
<codeline lineno="64"><highlight class="normal"></highlight><highlight class="preprocessor">#line<sp/>default</highlight><highlight class="normal"></highlight></codeline>
<codeline lineno="65"><highlight class="normal"></highlight><highlight class="preprocessor">#line<sp/>hidden</highlight><highlight class="normal"></highlight></codeline>
<codeline lineno="66"><highlight class="normal"></highlight><highlight class="preprocessor">#nullable<sp/>disable</highlight><highlight class="normal"></highlight></codeline>
<codeline lineno="67"><highlight class="normal"><sp/><sp/><sp/><sp/><sp/><sp/><sp/><sp/><sp/><sp/><sp/><sp/>WriteLiteral(</highlight><highlight class="stringliteral">&quot;\n&lt;h1&gt;Details&lt;/h1&gt;\n\n&lt;div&gt;\n<sp/><sp/><sp/><sp/>&lt;h4&gt;KierunekViewModel&lt;/h4&gt;\n<sp/><sp/><sp/><sp/>&lt;hr<sp/>/&gt;\n<sp/><sp/><sp/><sp/>&lt;dl<sp/>class=\&quot;row\&quot;&gt;\n<sp/><sp/><sp/><sp/><sp/><sp/><sp/><sp/>&lt;dt<sp/>class<sp/>=<sp/>\&quot;col-sm-2\&quot;&gt;\n<sp/><sp/><sp/><sp/><sp/><sp/><sp/><sp/><sp/><sp/><sp/><sp/>&quot;</highlight><highlight class="normal">);</highlight></codeline>
<codeline lineno="68"><highlight class="normal"></highlight><highlight class="preprocessor">#nullable<sp/>restore</highlight><highlight class="normal"></highlight></codeline>
<codeline lineno="69"><highlight class="normal"></highlight><highlight class="preprocessor">#line<sp/>14<sp/>&quot;/home/wieslaw/PWr/PO/Projekt/software-engineering-recruitment-system-ssh/software-engineering-recruitment-system/projektowaniaOprogramowania/Views/Przeglad/DetaleKierunku.cshtml&quot;</highlight><highlight class="normal"></highlight></codeline>
<codeline lineno="70"><highlight class="normal"><sp/><sp/><sp/><sp/><sp/><sp/><sp/>Write(Html.DisplayNameFor(model<sp/>=&gt;<sp/>model.NazwaKierunku));</highlight></codeline>
<codeline lineno="71"><highlight class="normal"></highlight></codeline>
<codeline lineno="72"><highlight class="normal"></highlight><highlight class="preprocessor">#line<sp/>default</highlight><highlight class="normal"></highlight></codeline>
<codeline lineno="73"><highlight class="normal"></highlight><highlight class="preprocessor">#line<sp/>hidden</highlight><highlight class="normal"></highlight></codeline>
<codeline lineno="74"><highlight class="normal"></highlight><highlight class="preprocessor">#nullable<sp/>disable</highlight><highlight class="normal"></highlight></codeline>
<codeline lineno="75"><highlight class="normal"><sp/><sp/><sp/><sp/><sp/><sp/><sp/><sp/><sp/><sp/><sp/><sp/>WriteLiteral(</highlight><highlight class="stringliteral">&quot;\n<sp/><sp/><sp/><sp/><sp/><sp/><sp/><sp/>&lt;/dt&gt;\n<sp/><sp/><sp/><sp/><sp/><sp/><sp/><sp/>&lt;dd<sp/>class<sp/>=<sp/>\&quot;col-sm-10\&quot;&gt;\n<sp/><sp/><sp/><sp/><sp/><sp/><sp/><sp/><sp/><sp/><sp/><sp/>&quot;</highlight><highlight class="normal">);</highlight></codeline>
<codeline lineno="76"><highlight class="normal"></highlight><highlight class="preprocessor">#nullable<sp/>restore</highlight><highlight class="normal"></highlight></codeline>
<codeline lineno="77"><highlight class="normal"></highlight><highlight class="preprocessor">#line<sp/>17<sp/>&quot;/home/wieslaw/PWr/PO/Projekt/software-engineering-recruitment-system-ssh/software-engineering-recruitment-system/projektowaniaOprogramowania/Views/Przeglad/DetaleKierunku.cshtml&quot;</highlight><highlight class="normal"></highlight></codeline>
<codeline lineno="78"><highlight class="normal"><sp/><sp/><sp/><sp/><sp/><sp/><sp/>Write(Html.DisplayFor(model<sp/>=&gt;<sp/>model.NazwaKierunku));</highlight></codeline>
<codeline lineno="79"><highlight class="normal"></highlight></codeline>
<codeline lineno="80"><highlight class="normal"></highlight><highlight class="preprocessor">#line<sp/>default</highlight><highlight class="normal"></highlight></codeline>
<codeline lineno="81"><highlight class="normal"></highlight><highlight class="preprocessor">#line<sp/>hidden</highlight><highlight class="normal"></highlight></codeline>
<codeline lineno="82"><highlight class="normal"></highlight><highlight class="preprocessor">#nullable<sp/>disable</highlight><highlight class="normal"></highlight></codeline>
<codeline lineno="83"><highlight class="normal"><sp/><sp/><sp/><sp/><sp/><sp/><sp/><sp/><sp/><sp/><sp/><sp/>WriteLiteral(</highlight><highlight class="stringliteral">&quot;\n<sp/><sp/><sp/><sp/><sp/><sp/><sp/><sp/>&lt;/dd&gt;\n<sp/><sp/><sp/><sp/><sp/><sp/><sp/><sp/>&lt;dt<sp/>class<sp/>=<sp/>\&quot;col-sm-2\&quot;&gt;\n<sp/><sp/><sp/><sp/><sp/><sp/><sp/><sp/><sp/><sp/><sp/><sp/>&quot;</highlight><highlight class="normal">);</highlight></codeline>
<codeline lineno="84"><highlight class="normal"></highlight><highlight class="preprocessor">#nullable<sp/>restore</highlight><highlight class="normal"></highlight></codeline>
<codeline lineno="85"><highlight class="normal"></highlight><highlight class="preprocessor">#line<sp/>20<sp/>&quot;/home/wieslaw/PWr/PO/Projekt/software-engineering-recruitment-system-ssh/software-engineering-recruitment-system/projektowaniaOprogramowania/Views/Przeglad/DetaleKierunku.cshtml&quot;</highlight><highlight class="normal"></highlight></codeline>
<codeline lineno="86"><highlight class="normal"><sp/><sp/><sp/><sp/><sp/><sp/><sp/>Write(Html.DisplayNameFor(model<sp/>=&gt;<sp/>model.SkrotKierunku));</highlight></codeline>
<codeline lineno="87"><highlight class="normal"></highlight></codeline>
<codeline lineno="88"><highlight class="normal"></highlight><highlight class="preprocessor">#line<sp/>default</highlight><highlight class="normal"></highlight></codeline>
<codeline lineno="89"><highlight class="normal"></highlight><highlight class="preprocessor">#line<sp/>hidden</highlight><highlight class="normal"></highlight></codeline>
<codeline lineno="90"><highlight class="normal"></highlight><highlight class="preprocessor">#nullable<sp/>disable</highlight><highlight class="normal"></highlight></codeline>
<codeline lineno="91"><highlight class="normal"><sp/><sp/><sp/><sp/><sp/><sp/><sp/><sp/><sp/><sp/><sp/><sp/>WriteLiteral(</highlight><highlight class="stringliteral">&quot;\n<sp/><sp/><sp/><sp/><sp/><sp/><sp/><sp/>&lt;/dt&gt;\n<sp/><sp/><sp/><sp/><sp/><sp/><sp/><sp/>&lt;dd<sp/>class<sp/>=<sp/>\&quot;col-sm-10\&quot;&gt;\n<sp/><sp/><sp/><sp/><sp/><sp/><sp/><sp/><sp/><sp/><sp/><sp/>&quot;</highlight><highlight class="normal">);</highlight></codeline>
<codeline lineno="92"><highlight class="normal"></highlight><highlight class="preprocessor">#nullable<sp/>restore</highlight><highlight class="normal"></highlight></codeline>
<codeline lineno="93"><highlight class="normal"></highlight><highlight class="preprocessor">#line<sp/>23<sp/>&quot;/home/wieslaw/PWr/PO/Projekt/software-engineering-recruitment-system-ssh/software-engineering-recruitment-system/projektowaniaOprogramowania/Views/Przeglad/DetaleKierunku.cshtml&quot;</highlight><highlight class="normal"></highlight></codeline>
<codeline lineno="94"><highlight class="normal"><sp/><sp/><sp/><sp/><sp/><sp/><sp/>Write(Html.DisplayFor(model<sp/>=&gt;<sp/>model.SkrotKierunku));</highlight></codeline>
<codeline lineno="95"><highlight class="normal"></highlight></codeline>
<codeline lineno="96"><highlight class="normal"></highlight><highlight class="preprocessor">#line<sp/>default</highlight><highlight class="normal"></highlight></codeline>
<codeline lineno="97"><highlight class="normal"></highlight><highlight class="preprocessor">#line<sp/>hidden</highlight><highlight class="normal"></highlight></codeline>
<codeline lineno="98"><highlight class="normal"></highlight><highlight class="preprocessor">#nullable<sp/>disable</highlight><highlight class="normal"></highlight></codeline>
<codeline lineno="99"><highlight class="normal"><sp/><sp/><sp/><sp/><sp/><sp/><sp/><sp/><sp/><sp/><sp/><sp/>WriteLiteral(</highlight><highlight class="stringliteral">&quot;\n<sp/><sp/><sp/><sp/><sp/><sp/><sp/><sp/>&lt;/dd&gt;\n<sp/><sp/><sp/><sp/><sp/><sp/><sp/><sp/>&lt;dt<sp/>class<sp/>=<sp/>\&quot;col-sm-2\&quot;&gt;\n<sp/><sp/><sp/><sp/><sp/><sp/><sp/><sp/><sp/><sp/><sp/><sp/>&quot;</highlight><highlight class="normal">);</highlight></codeline>
<codeline lineno="100"><highlight class="normal"></highlight><highlight class="preprocessor">#nullable<sp/>restore</highlight><highlight class="normal"></highlight></codeline>
<codeline lineno="101"><highlight class="normal"></highlight><highlight class="preprocessor">#line<sp/>26<sp/>&quot;/home/wieslaw/PWr/PO/Projekt/software-engineering-recruitment-system-ssh/software-engineering-recruitment-system/projektowaniaOprogramowania/Views/Przeglad/DetaleKierunku.cshtml&quot;</highlight><highlight class="normal"></highlight></codeline>
<codeline lineno="102"><highlight class="normal"><sp/><sp/><sp/><sp/><sp/><sp/><sp/>Write(Html.DisplayNameFor(model<sp/>=&gt;<sp/>model.ProfilKierunku));</highlight></codeline>
<codeline lineno="103"><highlight class="normal"></highlight></codeline>
<codeline lineno="104"><highlight class="normal"></highlight><highlight class="preprocessor">#line<sp/>default</highlight><highlight class="normal"></highlight></codeline>
<codeline lineno="105"><highlight class="normal"></highlight><highlight class="preprocessor">#line<sp/>hidden</highlight><highlight class="normal"></highlight></codeline>
<codeline lineno="106"><highlight class="normal"></highlight><highlight class="preprocessor">#nullable<sp/>disable</highlight><highlight class="normal"></highlight></codeline>
<codeline lineno="107"><highlight class="normal"><sp/><sp/><sp/><sp/><sp/><sp/><sp/><sp/><sp/><sp/><sp/><sp/>WriteLiteral(</highlight><highlight class="stringliteral">&quot;\n<sp/><sp/><sp/><sp/><sp/><sp/><sp/><sp/>&lt;/dt&gt;\n<sp/><sp/><sp/><sp/><sp/><sp/><sp/><sp/>&lt;dd<sp/>class<sp/>=<sp/>\&quot;col-sm-10\&quot;&gt;\n<sp/><sp/><sp/><sp/><sp/><sp/><sp/><sp/><sp/><sp/><sp/><sp/>&quot;</highlight><highlight class="normal">);</highlight></codeline>
<codeline lineno="108"><highlight class="normal"></highlight><highlight class="preprocessor">#nullable<sp/>restore</highlight><highlight class="normal"></highlight></codeline>
<codeline lineno="109"><highlight class="normal"></highlight><highlight class="preprocessor">#line<sp/>29<sp/>&quot;/home/wieslaw/PWr/PO/Projekt/software-engineering-recruitment-system-ssh/software-engineering-recruitment-system/projektowaniaOprogramowania/Views/Przeglad/DetaleKierunku.cshtml&quot;</highlight><highlight class="normal"></highlight></codeline>
<codeline lineno="110"><highlight class="normal"><sp/><sp/><sp/><sp/><sp/><sp/><sp/>Write(Html.DisplayFor(model<sp/>=&gt;<sp/>model.ProfilKierunku));</highlight></codeline>
<codeline lineno="111"><highlight class="normal"></highlight></codeline>
<codeline lineno="112"><highlight class="normal"></highlight><highlight class="preprocessor">#line<sp/>default</highlight><highlight class="normal"></highlight></codeline>
<codeline lineno="113"><highlight class="normal"></highlight><highlight class="preprocessor">#line<sp/>hidden</highlight><highlight class="normal"></highlight></codeline>
<codeline lineno="114"><highlight class="normal"></highlight><highlight class="preprocessor">#nullable<sp/>disable</highlight><highlight class="normal"></highlight></codeline>
<codeline lineno="115"><highlight class="normal"><sp/><sp/><sp/><sp/><sp/><sp/><sp/><sp/><sp/><sp/><sp/><sp/>WriteLiteral(</highlight><highlight class="stringliteral">&quot;\n<sp/><sp/><sp/><sp/><sp/><sp/><sp/><sp/>&lt;/dd&gt;\n<sp/><sp/><sp/><sp/><sp/><sp/><sp/><sp/>&lt;dt<sp/>class<sp/>=<sp/>\&quot;col-sm-2\&quot;&gt;\n<sp/><sp/><sp/><sp/><sp/><sp/><sp/><sp/><sp/><sp/><sp/><sp/>&quot;</highlight><highlight class="normal">);</highlight></codeline>
<codeline lineno="116"><highlight class="normal"></highlight><highlight class="preprocessor">#nullable<sp/>restore</highlight><highlight class="normal"></highlight></codeline>
<codeline lineno="117"><highlight class="normal"></highlight><highlight class="preprocessor">#line<sp/>32<sp/>&quot;/home/wieslaw/PWr/PO/Projekt/software-engineering-recruitment-system-ssh/software-engineering-recruitment-system/projektowaniaOprogramowania/Views/Przeglad/DetaleKierunku.cshtml&quot;</highlight><highlight class="normal"></highlight></codeline>
<codeline lineno="118"><highlight class="normal"><sp/><sp/><sp/><sp/><sp/><sp/><sp/>Write(Html.DisplayNameFor(model<sp/>=&gt;<sp/>model.Czesne));</highlight></codeline>
<codeline lineno="119"><highlight class="normal"></highlight></codeline>
<codeline lineno="120"><highlight class="normal"></highlight><highlight class="preprocessor">#line<sp/>default</highlight><highlight class="normal"></highlight></codeline>
<codeline lineno="121"><highlight class="normal"></highlight><highlight class="preprocessor">#line<sp/>hidden</highlight><highlight class="normal"></highlight></codeline>
<codeline lineno="122"><highlight class="normal"></highlight><highlight class="preprocessor">#nullable<sp/>disable</highlight><highlight class="normal"></highlight></codeline>
<codeline lineno="123"><highlight class="normal"><sp/><sp/><sp/><sp/><sp/><sp/><sp/><sp/><sp/><sp/><sp/><sp/>WriteLiteral(</highlight><highlight class="stringliteral">&quot;\n<sp/><sp/><sp/><sp/><sp/><sp/><sp/><sp/>&lt;/dt&gt;\n<sp/><sp/><sp/><sp/><sp/><sp/><sp/><sp/>&lt;dd<sp/>class<sp/>=<sp/>\&quot;col-sm-10\&quot;&gt;\n<sp/><sp/><sp/><sp/><sp/><sp/><sp/><sp/><sp/><sp/><sp/><sp/>&quot;</highlight><highlight class="normal">);</highlight></codeline>
<codeline lineno="124"><highlight class="normal"></highlight><highlight class="preprocessor">#nullable<sp/>restore</highlight><highlight class="normal"></highlight></codeline>
<codeline lineno="125"><highlight class="normal"></highlight><highlight class="preprocessor">#line<sp/>35<sp/>&quot;/home/wieslaw/PWr/PO/Projekt/software-engineering-recruitment-system-ssh/software-engineering-recruitment-system/projektowaniaOprogramowania/Views/Przeglad/DetaleKierunku.cshtml&quot;</highlight><highlight class="normal"></highlight></codeline>
<codeline lineno="126"><highlight class="normal"><sp/><sp/><sp/><sp/><sp/><sp/><sp/>Write(Html.DisplayFor(model<sp/>=&gt;<sp/>model.Czesne));</highlight></codeline>
<codeline lineno="127"><highlight class="normal"></highlight></codeline>
<codeline lineno="128"><highlight class="normal"></highlight><highlight class="preprocessor">#line<sp/>default</highlight><highlight class="normal"></highlight></codeline>
<codeline lineno="129"><highlight class="normal"></highlight><highlight class="preprocessor">#line<sp/>hidden</highlight><highlight class="normal"></highlight></codeline>
<codeline lineno="130"><highlight class="normal"></highlight><highlight class="preprocessor">#nullable<sp/>disable</highlight><highlight class="normal"></highlight></codeline>
<codeline lineno="131"><highlight class="normal"><sp/><sp/><sp/><sp/><sp/><sp/><sp/><sp/><sp/><sp/><sp/><sp/>WriteLiteral(</highlight><highlight class="stringliteral">&quot;\n<sp/><sp/><sp/><sp/><sp/><sp/><sp/><sp/>&lt;/dd&gt;\n<sp/><sp/><sp/><sp/><sp/><sp/><sp/><sp/>&lt;dt<sp/>class<sp/>=<sp/>\&quot;col-sm-2\&quot;&gt;\n<sp/><sp/><sp/><sp/><sp/><sp/><sp/><sp/><sp/><sp/><sp/><sp/>&quot;</highlight><highlight class="normal">);</highlight></codeline>
<codeline lineno="132"><highlight class="normal"></highlight><highlight class="preprocessor">#nullable<sp/>restore</highlight><highlight class="normal"></highlight></codeline>
<codeline lineno="133"><highlight class="normal"></highlight><highlight class="preprocessor">#line<sp/>38<sp/>&quot;/home/wieslaw/PWr/PO/Projekt/software-engineering-recruitment-system-ssh/software-engineering-recruitment-system/projektowaniaOprogramowania/Views/Przeglad/DetaleKierunku.cshtml&quot;</highlight><highlight class="normal"></highlight></codeline>
<codeline lineno="134"><highlight class="normal"><sp/><sp/><sp/><sp/><sp/><sp/><sp/>Write(Html.DisplayNameFor(model<sp/>=&gt;<sp/>model.CzesneDlaCudzoziemcow));</highlight></codeline>
<codeline lineno="135"><highlight class="normal"></highlight></codeline>
<codeline lineno="136"><highlight class="normal"></highlight><highlight class="preprocessor">#line<sp/>default</highlight><highlight class="normal"></highlight></codeline>
<codeline lineno="137"><highlight class="normal"></highlight><highlight class="preprocessor">#line<sp/>hidden</highlight><highlight class="normal"></highlight></codeline>
<codeline lineno="138"><highlight class="normal"></highlight><highlight class="preprocessor">#nullable<sp/>disable</highlight><highlight class="normal"></highlight></codeline>
<codeline lineno="139"><highlight class="normal"><sp/><sp/><sp/><sp/><sp/><sp/><sp/><sp/><sp/><sp/><sp/><sp/>WriteLiteral(</highlight><highlight class="stringliteral">&quot;\n<sp/><sp/><sp/><sp/><sp/><sp/><sp/><sp/>&lt;/dt&gt;\n<sp/><sp/><sp/><sp/><sp/><sp/><sp/><sp/>&lt;dd<sp/>class<sp/>=<sp/>\&quot;col-sm-10\&quot;&gt;\n<sp/><sp/><sp/><sp/><sp/><sp/><sp/><sp/><sp/><sp/><sp/><sp/>&quot;</highlight><highlight class="normal">);</highlight></codeline>
<codeline lineno="140"><highlight class="normal"></highlight><highlight class="preprocessor">#nullable<sp/>restore</highlight><highlight class="normal"></highlight></codeline>
<codeline lineno="141"><highlight class="normal"></highlight><highlight class="preprocessor">#line<sp/>41<sp/>&quot;/home/wieslaw/PWr/PO/Projekt/software-engineering-recruitment-system-ssh/software-engineering-recruitment-system/projektowaniaOprogramowania/Views/Przeglad/DetaleKierunku.cshtml&quot;</highlight><highlight class="normal"></highlight></codeline>
<codeline lineno="142"><highlight class="normal"><sp/><sp/><sp/><sp/><sp/><sp/><sp/>Write(Html.DisplayFor(model<sp/>=&gt;<sp/>model.CzesneDlaCudzoziemcow));</highlight></codeline>
<codeline lineno="143"><highlight class="normal"></highlight></codeline>
<codeline lineno="144"><highlight class="normal"></highlight><highlight class="preprocessor">#line<sp/>default</highlight><highlight class="normal"></highlight></codeline>
<codeline lineno="145"><highlight class="normal"></highlight><highlight class="preprocessor">#line<sp/>hidden</highlight><highlight class="normal"></highlight></codeline>
<codeline lineno="146"><highlight class="normal"></highlight><highlight class="preprocessor">#nullable<sp/>disable</highlight><highlight class="normal"></highlight></codeline>
<codeline lineno="147"><highlight class="normal"><sp/><sp/><sp/><sp/><sp/><sp/><sp/><sp/><sp/><sp/><sp/><sp/>WriteLiteral(</highlight><highlight class="stringliteral">&quot;\n<sp/><sp/><sp/><sp/><sp/><sp/><sp/><sp/>&lt;/dd&gt;\n<sp/><sp/><sp/><sp/><sp/><sp/><sp/><sp/>&lt;dt<sp/>class<sp/>=<sp/>\&quot;col-sm-2\&quot;&gt;\n<sp/><sp/><sp/><sp/><sp/><sp/><sp/><sp/><sp/><sp/><sp/><sp/>&quot;</highlight><highlight class="normal">);</highlight></codeline>
<codeline lineno="148"><highlight class="normal"></highlight><highlight class="preprocessor">#nullable<sp/>restore</highlight><highlight class="normal"></highlight></codeline>
<codeline lineno="149"><highlight class="normal"></highlight><highlight class="preprocessor">#line<sp/>44<sp/>&quot;/home/wieslaw/PWr/PO/Projekt/software-engineering-recruitment-system-ssh/software-engineering-recruitment-system/projektowaniaOprogramowania/Views/Przeglad/DetaleKierunku.cshtml&quot;</highlight><highlight class="normal"></highlight></codeline>
<codeline lineno="150"><highlight class="normal"><sp/><sp/><sp/><sp/><sp/><sp/><sp/>Write(Html.DisplayNameFor(model<sp/>=&gt;<sp/>model.CzasTrwaniaWSemestrach));</highlight></codeline>
<codeline lineno="151"><highlight class="normal"></highlight></codeline>
<codeline lineno="152"><highlight class="normal"></highlight><highlight class="preprocessor">#line<sp/>default</highlight><highlight class="normal"></highlight></codeline>
<codeline lineno="153"><highlight class="normal"></highlight><highlight class="preprocessor">#line<sp/>hidden</highlight><highlight class="normal"></highlight></codeline>
<codeline lineno="154"><highlight class="normal"></highlight><highlight class="preprocessor">#nullable<sp/>disable</highlight><highlight class="normal"></highlight></codeline>
<codeline lineno="155"><highlight class="normal"><sp/><sp/><sp/><sp/><sp/><sp/><sp/><sp/><sp/><sp/><sp/><sp/>WriteLiteral(</highlight><highlight class="stringliteral">&quot;\n<sp/><sp/><sp/><sp/><sp/><sp/><sp/><sp/>&lt;/dt&gt;\n<sp/><sp/><sp/><sp/><sp/><sp/><sp/><sp/>&lt;dd<sp/>class<sp/>=<sp/>\&quot;col-sm-10\&quot;&gt;\n<sp/><sp/><sp/><sp/><sp/><sp/><sp/><sp/><sp/><sp/><sp/><sp/>&quot;</highlight><highlight class="normal">);</highlight></codeline>
<codeline lineno="156"><highlight class="normal"></highlight><highlight class="preprocessor">#nullable<sp/>restore</highlight><highlight class="normal"></highlight></codeline>
<codeline lineno="157"><highlight class="normal"></highlight><highlight class="preprocessor">#line<sp/>47<sp/>&quot;/home/wieslaw/PWr/PO/Projekt/software-engineering-recruitment-system-ssh/software-engineering-recruitment-system/projektowaniaOprogramowania/Views/Przeglad/DetaleKierunku.cshtml&quot;</highlight><highlight class="normal"></highlight></codeline>
<codeline lineno="158"><highlight class="normal"><sp/><sp/><sp/><sp/><sp/><sp/><sp/>Write(Html.DisplayFor(model<sp/>=&gt;<sp/>model.CzasTrwaniaWSemestrach));</highlight></codeline>
<codeline lineno="159"><highlight class="normal"></highlight></codeline>
<codeline lineno="160"><highlight class="normal"></highlight><highlight class="preprocessor">#line<sp/>default</highlight><highlight class="normal"></highlight></codeline>
<codeline lineno="161"><highlight class="normal"></highlight><highlight class="preprocessor">#line<sp/>hidden</highlight><highlight class="normal"></highlight></codeline>
<codeline lineno="162"><highlight class="normal"></highlight><highlight class="preprocessor">#nullable<sp/>disable</highlight><highlight class="normal"></highlight></codeline>
<codeline lineno="163"><highlight class="normal"><sp/><sp/><sp/><sp/><sp/><sp/><sp/><sp/><sp/><sp/><sp/><sp/>WriteLiteral(</highlight><highlight class="stringliteral">&quot;\n<sp/><sp/><sp/><sp/><sp/><sp/><sp/><sp/>&lt;/dd&gt;\n<sp/><sp/><sp/><sp/><sp/><sp/><sp/><sp/>&lt;dt<sp/>class<sp/>=<sp/>\&quot;col-sm-2\&quot;&gt;\n<sp/><sp/><sp/><sp/><sp/><sp/><sp/><sp/><sp/><sp/><sp/><sp/>&quot;</highlight><highlight class="normal">);</highlight></codeline>
<codeline lineno="164"><highlight class="normal"></highlight><highlight class="preprocessor">#nullable<sp/>restore</highlight><highlight class="normal"></highlight></codeline>
<codeline lineno="165"><highlight class="normal"></highlight><highlight class="preprocessor">#line<sp/>50<sp/>&quot;/home/wieslaw/PWr/PO/Projekt/software-engineering-recruitment-system-ssh/software-engineering-recruitment-system/projektowaniaOprogramowania/Views/Przeglad/DetaleKierunku.cshtml&quot;</highlight><highlight class="normal"></highlight></codeline>
<codeline lineno="166"><highlight class="normal"><sp/><sp/><sp/><sp/><sp/><sp/><sp/>Write(Html.DisplayNameFor(model<sp/>=&gt;<sp/>model.Dyscyplina));</highlight></codeline>
<codeline lineno="167"><highlight class="normal"></highlight></codeline>
<codeline lineno="168"><highlight class="normal"></highlight><highlight class="preprocessor">#line<sp/>default</highlight><highlight class="normal"></highlight></codeline>
<codeline lineno="169"><highlight class="normal"></highlight><highlight class="preprocessor">#line<sp/>hidden</highlight><highlight class="normal"></highlight></codeline>
<codeline lineno="170"><highlight class="normal"></highlight><highlight class="preprocessor">#nullable<sp/>disable</highlight><highlight class="normal"></highlight></codeline>
<codeline lineno="171"><highlight class="normal"><sp/><sp/><sp/><sp/><sp/><sp/><sp/><sp/><sp/><sp/><sp/><sp/>WriteLiteral(</highlight><highlight class="stringliteral">&quot;\n<sp/><sp/><sp/><sp/><sp/><sp/><sp/><sp/>&lt;/dt&gt;\n<sp/><sp/><sp/><sp/><sp/><sp/><sp/><sp/>&lt;dd<sp/>class<sp/>=<sp/>\&quot;col-sm-10\&quot;&gt;\n<sp/><sp/><sp/><sp/><sp/><sp/><sp/><sp/><sp/><sp/><sp/><sp/>&quot;</highlight><highlight class="normal">);</highlight></codeline>
<codeline lineno="172"><highlight class="normal"></highlight><highlight class="preprocessor">#nullable<sp/>restore</highlight><highlight class="normal"></highlight></codeline>
<codeline lineno="173"><highlight class="normal"></highlight><highlight class="preprocessor">#line<sp/>53<sp/>&quot;/home/wieslaw/PWr/PO/Projekt/software-engineering-recruitment-system-ssh/software-engineering-recruitment-system/projektowaniaOprogramowania/Views/Przeglad/DetaleKierunku.cshtml&quot;</highlight><highlight class="normal"></highlight></codeline>
<codeline lineno="174"><highlight class="normal"><sp/><sp/><sp/><sp/><sp/><sp/><sp/>Write(Html.DisplayFor(model<sp/>=&gt;<sp/>model.Dyscyplina));</highlight></codeline>
<codeline lineno="175"><highlight class="normal"></highlight></codeline>
<codeline lineno="176"><highlight class="normal"></highlight><highlight class="preprocessor">#line<sp/>default</highlight><highlight class="normal"></highlight></codeline>
<codeline lineno="177"><highlight class="normal"></highlight><highlight class="preprocessor">#line<sp/>hidden</highlight><highlight class="normal"></highlight></codeline>
<codeline lineno="178"><highlight class="normal"></highlight><highlight class="preprocessor">#nullable<sp/>disable</highlight><highlight class="normal"></highlight></codeline>
<codeline lineno="179"><highlight class="normal"><sp/><sp/><sp/><sp/><sp/><sp/><sp/><sp/><sp/><sp/><sp/><sp/>WriteLiteral(</highlight><highlight class="stringliteral">&quot;\n<sp/><sp/><sp/><sp/><sp/><sp/><sp/><sp/>&lt;/dd&gt;\n<sp/><sp/><sp/><sp/><sp/><sp/><sp/><sp/>&lt;dt<sp/>class<sp/>=<sp/>\&quot;col-sm-2\&quot;&gt;\n<sp/><sp/><sp/><sp/><sp/><sp/><sp/><sp/><sp/><sp/><sp/><sp/>&quot;</highlight><highlight class="normal">);</highlight></codeline>
<codeline lineno="180"><highlight class="normal"></highlight><highlight class="preprocessor">#nullable<sp/>restore</highlight><highlight class="normal"></highlight></codeline>
<codeline lineno="181"><highlight class="normal"></highlight><highlight class="preprocessor">#line<sp/>56<sp/>&quot;/home/wieslaw/PWr/PO/Projekt/software-engineering-recruitment-system-ssh/software-engineering-recruitment-system/projektowaniaOprogramowania/Views/Przeglad/DetaleKierunku.cshtml&quot;</highlight><highlight class="normal"></highlight></codeline>
<codeline lineno="182"><highlight class="normal"><sp/><sp/><sp/><sp/><sp/><sp/><sp/>Write(Html.DisplayNameFor(model<sp/>=&gt;<sp/>model.Jezyk));</highlight></codeline>
<codeline lineno="183"><highlight class="normal"></highlight></codeline>
<codeline lineno="184"><highlight class="normal"></highlight><highlight class="preprocessor">#line<sp/>default</highlight><highlight class="normal"></highlight></codeline>
<codeline lineno="185"><highlight class="normal"></highlight><highlight class="preprocessor">#line<sp/>hidden</highlight><highlight class="normal"></highlight></codeline>
<codeline lineno="186"><highlight class="normal"></highlight><highlight class="preprocessor">#nullable<sp/>disable</highlight><highlight class="normal"></highlight></codeline>
<codeline lineno="187"><highlight class="normal"><sp/><sp/><sp/><sp/><sp/><sp/><sp/><sp/><sp/><sp/><sp/><sp/>WriteLiteral(</highlight><highlight class="stringliteral">&quot;\n<sp/><sp/><sp/><sp/><sp/><sp/><sp/><sp/>&lt;/dt&gt;\n<sp/><sp/><sp/><sp/><sp/><sp/><sp/><sp/>&lt;dd<sp/>class<sp/>=<sp/>\&quot;col-sm-10\&quot;&gt;\n<sp/><sp/><sp/><sp/><sp/><sp/><sp/><sp/><sp/><sp/><sp/><sp/>&quot;</highlight><highlight class="normal">);</highlight></codeline>
<codeline lineno="188"><highlight class="normal"></highlight><highlight class="preprocessor">#nullable<sp/>restore</highlight><highlight class="normal"></highlight></codeline>
<codeline lineno="189"><highlight class="normal"></highlight><highlight class="preprocessor">#line<sp/>59<sp/>&quot;/home/wieslaw/PWr/PO/Projekt/software-engineering-recruitment-system-ssh/software-engineering-recruitment-system/projektowaniaOprogramowania/Views/Przeglad/DetaleKierunku.cshtml&quot;</highlight><highlight class="normal"></highlight></codeline>
<codeline lineno="190"><highlight class="normal"><sp/><sp/><sp/><sp/><sp/><sp/><sp/>Write(Html.DisplayFor(model<sp/>=&gt;<sp/>model.Jezyk));</highlight></codeline>
<codeline lineno="191"><highlight class="normal"></highlight></codeline>
<codeline lineno="192"><highlight class="normal"></highlight><highlight class="preprocessor">#line<sp/>default</highlight><highlight class="normal"></highlight></codeline>
<codeline lineno="193"><highlight class="normal"></highlight><highlight class="preprocessor">#line<sp/>hidden</highlight><highlight class="normal"></highlight></codeline>
<codeline lineno="194"><highlight class="normal"></highlight><highlight class="preprocessor">#nullable<sp/>disable</highlight><highlight class="normal"></highlight></codeline>
<codeline lineno="195"><highlight class="normal"><sp/><sp/><sp/><sp/><sp/><sp/><sp/><sp/><sp/><sp/><sp/><sp/>WriteLiteral(</highlight><highlight class="stringliteral">&quot;\n<sp/><sp/><sp/><sp/><sp/><sp/><sp/><sp/>&lt;/dd&gt;\n<sp/><sp/><sp/><sp/><sp/><sp/><sp/><sp/>&lt;dt<sp/>class<sp/>=<sp/>\&quot;col-sm-2\&quot;&gt;\n<sp/><sp/><sp/><sp/><sp/><sp/><sp/><sp/><sp/><sp/><sp/><sp/>&quot;</highlight><highlight class="normal">);</highlight></codeline>
<codeline lineno="196"><highlight class="normal"></highlight><highlight class="preprocessor">#nullable<sp/>restore</highlight><highlight class="normal"></highlight></codeline>
<codeline lineno="197"><highlight class="normal"></highlight><highlight class="preprocessor">#line<sp/>62<sp/>&quot;/home/wieslaw/PWr/PO/Projekt/software-engineering-recruitment-system-ssh/software-engineering-recruitment-system/projektowaniaOprogramowania/Views/Przeglad/DetaleKierunku.cshtml&quot;</highlight><highlight class="normal"></highlight></codeline>
<codeline lineno="198"><highlight class="normal"><sp/><sp/><sp/><sp/><sp/><sp/><sp/>Write(Html.DisplayNameFor(model<sp/>=&gt;<sp/>model.StopienStudiow));</highlight></codeline>
<codeline lineno="199"><highlight class="normal"></highlight></codeline>
<codeline lineno="200"><highlight class="normal"></highlight><highlight class="preprocessor">#line<sp/>default</highlight><highlight class="normal"></highlight></codeline>
<codeline lineno="201"><highlight class="normal"></highlight><highlight class="preprocessor">#line<sp/>hidden</highlight><highlight class="normal"></highlight></codeline>
<codeline lineno="202"><highlight class="normal"></highlight><highlight class="preprocessor">#nullable<sp/>disable</highlight><highlight class="normal"></highlight></codeline>
<codeline lineno="203"><highlight class="normal"><sp/><sp/><sp/><sp/><sp/><sp/><sp/><sp/><sp/><sp/><sp/><sp/>WriteLiteral(</highlight><highlight class="stringliteral">&quot;\n<sp/><sp/><sp/><sp/><sp/><sp/><sp/><sp/>&lt;/dt&gt;\n<sp/><sp/><sp/><sp/><sp/><sp/><sp/><sp/>&lt;dd<sp/>class<sp/>=<sp/>\&quot;col-sm-10\&quot;&gt;\n<sp/><sp/><sp/><sp/><sp/><sp/><sp/><sp/><sp/><sp/><sp/><sp/>&quot;</highlight><highlight class="normal">);</highlight></codeline>
<codeline lineno="204"><highlight class="normal"></highlight><highlight class="preprocessor">#nullable<sp/>restore</highlight><highlight class="normal"></highlight></codeline>
<codeline lineno="205"><highlight class="normal"></highlight><highlight class="preprocessor">#line<sp/>65<sp/>&quot;/home/wieslaw/PWr/PO/Projekt/software-engineering-recruitment-system-ssh/software-engineering-recruitment-system/projektowaniaOprogramowania/Views/Przeglad/DetaleKierunku.cshtml&quot;</highlight><highlight class="normal"></highlight></codeline>
<codeline lineno="206"><highlight class="normal"><sp/><sp/><sp/><sp/><sp/><sp/><sp/>Write(Html.DisplayFor(model<sp/>=&gt;<sp/>model.StopienStudiow));</highlight></codeline>
<codeline lineno="207"><highlight class="normal"></highlight></codeline>
<codeline lineno="208"><highlight class="normal"></highlight><highlight class="preprocessor">#line<sp/>default</highlight><highlight class="normal"></highlight></codeline>
<codeline lineno="209"><highlight class="normal"></highlight><highlight class="preprocessor">#line<sp/>hidden</highlight><highlight class="normal"></highlight></codeline>
<codeline lineno="210"><highlight class="normal"></highlight><highlight class="preprocessor">#nullable<sp/>disable</highlight><highlight class="normal"></highlight></codeline>
<codeline lineno="211"><highlight class="normal"><sp/><sp/><sp/><sp/><sp/><sp/><sp/><sp/><sp/><sp/><sp/><sp/>WriteLiteral(</highlight><highlight class="stringliteral">&quot;\n<sp/><sp/><sp/><sp/><sp/><sp/><sp/><sp/>&lt;/dd&gt;\n<sp/><sp/><sp/><sp/><sp/><sp/><sp/><sp/>&lt;dt<sp/>class<sp/>=<sp/>\&quot;col-sm-2\&quot;&gt;\n<sp/><sp/><sp/><sp/><sp/><sp/><sp/><sp/><sp/><sp/><sp/><sp/>&quot;</highlight><highlight class="normal">);</highlight></codeline>
<codeline lineno="212"><highlight class="normal"></highlight><highlight class="preprocessor">#nullable<sp/>restore</highlight><highlight class="normal"></highlight></codeline>
<codeline lineno="213"><highlight class="normal"></highlight><highlight class="preprocessor">#line<sp/>68<sp/>&quot;/home/wieslaw/PWr/PO/Projekt/software-engineering-recruitment-system-ssh/software-engineering-recruitment-system/projektowaniaOprogramowania/Views/Przeglad/DetaleKierunku.cshtml&quot;</highlight><highlight class="normal"></highlight></codeline>
<codeline lineno="214"><highlight class="normal"><sp/><sp/><sp/><sp/><sp/><sp/><sp/>Write(Html.DisplayNameFor(model<sp/>=&gt;<sp/>model.TrybStudiowania));</highlight></codeline>
<codeline lineno="215"><highlight class="normal"></highlight></codeline>
<codeline lineno="216"><highlight class="normal"></highlight><highlight class="preprocessor">#line<sp/>default</highlight><highlight class="normal"></highlight></codeline>
<codeline lineno="217"><highlight class="normal"></highlight><highlight class="preprocessor">#line<sp/>hidden</highlight><highlight class="normal"></highlight></codeline>
<codeline lineno="218"><highlight class="normal"></highlight><highlight class="preprocessor">#nullable<sp/>disable</highlight><highlight class="normal"></highlight></codeline>
<codeline lineno="219"><highlight class="normal"><sp/><sp/><sp/><sp/><sp/><sp/><sp/><sp/><sp/><sp/><sp/><sp/>WriteLiteral(</highlight><highlight class="stringliteral">&quot;\n<sp/><sp/><sp/><sp/><sp/><sp/><sp/><sp/>&lt;/dt&gt;\n<sp/><sp/><sp/><sp/><sp/><sp/><sp/><sp/>&lt;dd<sp/>class<sp/>=<sp/>\&quot;col-sm-10\&quot;&gt;\n<sp/><sp/><sp/><sp/><sp/><sp/><sp/><sp/><sp/><sp/><sp/><sp/>&quot;</highlight><highlight class="normal">);</highlight></codeline>
<codeline lineno="220"><highlight class="normal"></highlight><highlight class="preprocessor">#nullable<sp/>restore</highlight><highlight class="normal"></highlight></codeline>
<codeline lineno="221"><highlight class="normal"></highlight><highlight class="preprocessor">#line<sp/>71<sp/>&quot;/home/wieslaw/PWr/PO/Projekt/software-engineering-recruitment-system-ssh/software-engineering-recruitment-system/projektowaniaOprogramowania/Views/Przeglad/DetaleKierunku.cshtml&quot;</highlight><highlight class="normal"></highlight></codeline>
<codeline lineno="222"><highlight class="normal"><sp/><sp/><sp/><sp/><sp/><sp/><sp/>Write(Html.DisplayFor(model<sp/>=&gt;<sp/>model.TrybStudiowania));</highlight></codeline>
<codeline lineno="223"><highlight class="normal"></highlight></codeline>
<codeline lineno="224"><highlight class="normal"></highlight><highlight class="preprocessor">#line<sp/>default</highlight><highlight class="normal"></highlight></codeline>
<codeline lineno="225"><highlight class="normal"></highlight><highlight class="preprocessor">#line<sp/>hidden</highlight><highlight class="normal"></highlight></codeline>
<codeline lineno="226"><highlight class="normal"></highlight><highlight class="preprocessor">#nullable<sp/>disable</highlight><highlight class="normal"></highlight></codeline>
<codeline lineno="227"><highlight class="normal"><sp/><sp/><sp/><sp/><sp/><sp/><sp/><sp/><sp/><sp/><sp/><sp/>WriteLiteral(</highlight><highlight class="stringliteral">&quot;\n<sp/><sp/><sp/><sp/><sp/><sp/><sp/><sp/>&lt;/dd&gt;\n<sp/><sp/><sp/><sp/><sp/><sp/><sp/><sp/>&lt;dt<sp/>class<sp/>=<sp/>\&quot;col-sm-2\&quot;&gt;\n<sp/><sp/><sp/><sp/><sp/><sp/><sp/><sp/><sp/><sp/><sp/><sp/>&quot;</highlight><highlight class="normal">);</highlight></codeline>
<codeline lineno="228"><highlight class="normal"></highlight><highlight class="preprocessor">#nullable<sp/>restore</highlight><highlight class="normal"></highlight></codeline>
<codeline lineno="229"><highlight class="normal"></highlight><highlight class="preprocessor">#line<sp/>74<sp/>&quot;/home/wieslaw/PWr/PO/Projekt/software-engineering-recruitment-system-ssh/software-engineering-recruitment-system/projektowaniaOprogramowania/Views/Przeglad/DetaleKierunku.cshtml&quot;</highlight><highlight class="normal"></highlight></codeline>
<codeline lineno="230"><highlight class="normal"><sp/><sp/><sp/><sp/><sp/><sp/><sp/>Write(Html.DisplayNameFor(model<sp/>=&gt;<sp/>model.Wydzial));</highlight></codeline>
<codeline lineno="231"><highlight class="normal"></highlight></codeline>
<codeline lineno="232"><highlight class="normal"></highlight><highlight class="preprocessor">#line<sp/>default</highlight><highlight class="normal"></highlight></codeline>
<codeline lineno="233"><highlight class="normal"></highlight><highlight class="preprocessor">#line<sp/>hidden</highlight><highlight class="normal"></highlight></codeline>
<codeline lineno="234"><highlight class="normal"></highlight><highlight class="preprocessor">#nullable<sp/>disable</highlight><highlight class="normal"></highlight></codeline>
<codeline lineno="235"><highlight class="normal"><sp/><sp/><sp/><sp/><sp/><sp/><sp/><sp/><sp/><sp/><sp/><sp/>WriteLiteral(</highlight><highlight class="stringliteral">&quot;\n<sp/><sp/><sp/><sp/><sp/><sp/><sp/><sp/>&lt;/dt&gt;\n<sp/><sp/><sp/><sp/><sp/><sp/><sp/><sp/>&lt;dd<sp/>class<sp/>=<sp/>\&quot;col-sm-10\&quot;&gt;\n<sp/><sp/><sp/><sp/><sp/><sp/><sp/><sp/><sp/><sp/><sp/><sp/>&quot;</highlight><highlight class="normal">);</highlight></codeline>
<codeline lineno="236"><highlight class="normal"></highlight><highlight class="preprocessor">#nullable<sp/>restore</highlight><highlight class="normal"></highlight></codeline>
<codeline lineno="237"><highlight class="normal"></highlight><highlight class="preprocessor">#line<sp/>77<sp/>&quot;/home/wieslaw/PWr/PO/Projekt/software-engineering-recruitment-system-ssh/software-engineering-recruitment-system/projektowaniaOprogramowania/Views/Przeglad/DetaleKierunku.cshtml&quot;</highlight><highlight class="normal"></highlight></codeline>
<codeline lineno="238"><highlight class="normal"><sp/><sp/><sp/><sp/><sp/><sp/><sp/>Write(Html.DisplayFor(model<sp/>=&gt;<sp/>model.Wydzial.NazwaWydzialu));</highlight></codeline>
<codeline lineno="239"><highlight class="normal"></highlight></codeline>
<codeline lineno="240"><highlight class="normal"></highlight><highlight class="preprocessor">#line<sp/>default</highlight><highlight class="normal"></highlight></codeline>
<codeline lineno="241"><highlight class="normal"></highlight><highlight class="preprocessor">#line<sp/>hidden</highlight><highlight class="normal"></highlight></codeline>
<codeline lineno="242"><highlight class="normal"></highlight><highlight class="preprocessor">#nullable<sp/>disable</highlight><highlight class="normal"></highlight></codeline>
<codeline lineno="243"><highlight class="normal"><sp/><sp/><sp/><sp/><sp/><sp/><sp/><sp/><sp/><sp/><sp/><sp/>WriteLiteral(</highlight><highlight class="stringliteral">&quot;\n<sp/><sp/><sp/><sp/><sp/><sp/><sp/><sp/>&lt;/dd&gt;\n&quot;</highlight><highlight class="normal">);</highlight></codeline>
<codeline lineno="244"><highlight class="normal"></highlight><highlight class="preprocessor">#nullable<sp/>restore</highlight><highlight class="normal"></highlight></codeline>
<codeline lineno="245"><highlight class="normal"></highlight><highlight class="preprocessor">#line<sp/>79<sp/>&quot;/home/wieslaw/PWr/PO/Projekt/software-engineering-recruitment-system-ssh/software-engineering-recruitment-system/projektowaniaOprogramowania/Views/Przeglad/DetaleKierunku.cshtml&quot;</highlight><highlight class="normal"></highlight></codeline>
<codeline lineno="246"><highlight class="normal"><sp/><sp/><sp/><sp/><sp/><sp/><sp/><sp/><sp/></highlight><highlight class="keywordflow">if</highlight><highlight class="normal"><sp/>(Model.CalculatedRecruitationPoints<sp/>&gt;<sp/>0)</highlight></codeline>
<codeline lineno="247"><highlight class="normal"><sp/><sp/><sp/><sp/><sp/><sp/><sp/><sp/>{</highlight></codeline>
<codeline lineno="248"><highlight class="normal"></highlight></codeline>
<codeline lineno="249"><highlight class="normal"></highlight><highlight class="preprocessor">#line<sp/>default</highlight><highlight class="normal"></highlight></codeline>
<codeline lineno="250"><highlight class="normal"></highlight><highlight class="preprocessor">#line<sp/>hidden</highlight><highlight class="normal"></highlight></codeline>
<codeline lineno="251"><highlight class="normal"></highlight><highlight class="preprocessor">#nullable<sp/>disable</highlight><highlight class="normal"></highlight></codeline>
<codeline lineno="252"><highlight class="normal"><sp/><sp/><sp/><sp/><sp/><sp/><sp/><sp/><sp/><sp/><sp/><sp/>WriteLiteral(</highlight><highlight class="stringliteral">&quot;<sp/><sp/><sp/><sp/><sp/><sp/><sp/><sp/><sp/><sp/><sp/><sp/>&lt;dt<sp/>class<sp/>=<sp/>\&quot;col-sm-8\&quot;&gt;\n<sp/><sp/><sp/><sp/><sp/><sp/><sp/><sp/><sp/><sp/><sp/><sp/><sp/><sp/><sp/><sp/>&quot;</highlight><highlight class="normal">);</highlight></codeline>
<codeline lineno="253"><highlight class="normal"></highlight><highlight class="preprocessor">#nullable<sp/>restore</highlight><highlight class="normal"></highlight></codeline>
<codeline lineno="254"><highlight class="normal"></highlight><highlight class="preprocessor">#line<sp/>82<sp/>&quot;/home/wieslaw/PWr/PO/Projekt/software-engineering-recruitment-system-ssh/software-engineering-recruitment-system/projektowaniaOprogramowania/Views/Przeglad/DetaleKierunku.cshtml&quot;</highlight><highlight class="normal"></highlight></codeline>
<codeline lineno="255"><highlight class="normal"><sp/><sp/><sp/><sp/><sp/><sp/><sp/><sp/><sp/><sp/><sp/>Write(Html.DisplayNameFor(model<sp/>=&gt;<sp/>model.CalculatedRecruitationPoints));</highlight></codeline>
<codeline lineno="256"><highlight class="normal"></highlight></codeline>
<codeline lineno="257"><highlight class="normal"></highlight><highlight class="preprocessor">#line<sp/>default</highlight><highlight class="normal"></highlight></codeline>
<codeline lineno="258"><highlight class="normal"></highlight><highlight class="preprocessor">#line<sp/>hidden</highlight><highlight class="normal"></highlight></codeline>
<codeline lineno="259"><highlight class="normal"></highlight><highlight class="preprocessor">#nullable<sp/>disable</highlight><highlight class="normal"></highlight></codeline>
<codeline lineno="260"><highlight class="normal"><sp/><sp/><sp/><sp/><sp/><sp/><sp/><sp/><sp/><sp/><sp/><sp/>WriteLiteral(</highlight><highlight class="stringliteral">&quot;\n<sp/><sp/><sp/><sp/><sp/><sp/><sp/><sp/><sp/><sp/><sp/><sp/>&lt;/dt&gt;\n<sp/><sp/><sp/><sp/><sp/><sp/><sp/><sp/><sp/><sp/><sp/><sp/>&lt;dd<sp/>class<sp/>=<sp/>\&quot;col-sm-4\&quot;&gt;\n<sp/><sp/><sp/><sp/><sp/><sp/><sp/><sp/><sp/><sp/><sp/><sp/><sp/><sp/><sp/><sp/>&quot;</highlight><highlight class="normal">);</highlight></codeline>
<codeline lineno="261"><highlight class="normal"></highlight><highlight class="preprocessor">#nullable<sp/>restore</highlight><highlight class="normal"></highlight></codeline>
<codeline lineno="262"><highlight class="normal"></highlight><highlight class="preprocessor">#line<sp/>85<sp/>&quot;/home/wieslaw/PWr/PO/Projekt/software-engineering-recruitment-system-ssh/software-engineering-recruitment-system/projektowaniaOprogramowania/Views/Przeglad/DetaleKierunku.cshtml&quot;</highlight><highlight class="normal"></highlight></codeline>
<codeline lineno="263"><highlight class="normal"><sp/><sp/><sp/><sp/><sp/><sp/><sp/><sp/><sp/><sp/><sp/>Write(Html.DisplayFor(model<sp/>=&gt;<sp/>model.CalculatedRecruitationPoints));</highlight></codeline>
<codeline lineno="264"><highlight class="normal"></highlight></codeline>
<codeline lineno="265"><highlight class="normal"></highlight><highlight class="preprocessor">#line<sp/>default</highlight><highlight class="normal"></highlight></codeline>
<codeline lineno="266"><highlight class="normal"></highlight><highlight class="preprocessor">#line<sp/>hidden</highlight><highlight class="normal"></highlight></codeline>
<codeline lineno="267"><highlight class="normal"></highlight><highlight class="preprocessor">#nullable<sp/>disable</highlight><highlight class="normal"></highlight></codeline>
<codeline lineno="268"><highlight class="normal"><sp/><sp/><sp/><sp/><sp/><sp/><sp/><sp/><sp/><sp/><sp/><sp/>WriteLiteral(</highlight><highlight class="stringliteral">&quot;\n<sp/><sp/><sp/><sp/><sp/><sp/><sp/><sp/><sp/><sp/><sp/><sp/>&lt;/dd&gt;\n<sp/><sp/><sp/><sp/><sp/><sp/><sp/><sp/><sp/><sp/><sp/><sp/>&lt;dt<sp/>class=\&quot;col-sm-8\&quot;&gt;\n<sp/><sp/><sp/><sp/><sp/><sp/><sp/><sp/><sp/><sp/><sp/><sp/><sp/><sp/><sp/><sp/>&quot;</highlight><highlight class="normal">);</highlight></codeline>
<codeline lineno="269"><highlight class="normal"></highlight><highlight class="preprocessor">#nullable<sp/>restore</highlight><highlight class="normal"></highlight></codeline>
<codeline lineno="270"><highlight class="normal"></highlight><highlight class="preprocessor">#line<sp/>88<sp/>&quot;/home/wieslaw/PWr/PO/Projekt/software-engineering-recruitment-system-ssh/software-engineering-recruitment-system/projektowaniaOprogramowania/Views/Przeglad/DetaleKierunku.cshtml&quot;</highlight><highlight class="normal"></highlight></codeline>
<codeline lineno="271"><highlight class="normal"><sp/><sp/><sp/><sp/><sp/><sp/><sp/><sp/><sp/><sp/><sp/>Write(Html.DisplayNameFor(model<sp/>=&gt;<sp/>model.CalculatedProbabilityOfSucessfulRecruitation));</highlight></codeline>
<codeline lineno="272"><highlight class="normal"></highlight></codeline>
<codeline lineno="273"><highlight class="normal"></highlight><highlight class="preprocessor">#line<sp/>default</highlight><highlight class="normal"></highlight></codeline>
<codeline lineno="274"><highlight class="normal"></highlight><highlight class="preprocessor">#line<sp/>hidden</highlight><highlight class="normal"></highlight></codeline>
<codeline lineno="275"><highlight class="normal"></highlight><highlight class="preprocessor">#nullable<sp/>disable</highlight><highlight class="normal"></highlight></codeline>
<codeline lineno="276"><highlight class="normal"><sp/><sp/><sp/><sp/><sp/><sp/><sp/><sp/><sp/><sp/><sp/><sp/>WriteLiteral(</highlight><highlight class="stringliteral">&quot;\n<sp/><sp/><sp/><sp/><sp/><sp/><sp/><sp/><sp/><sp/><sp/><sp/>&lt;/dt&gt;\n<sp/><sp/><sp/><sp/><sp/><sp/><sp/><sp/><sp/><sp/><sp/><sp/>&lt;dd<sp/>class=\&quot;col-sm-4\&quot;&gt;\n<sp/><sp/><sp/><sp/><sp/><sp/><sp/><sp/><sp/><sp/><sp/><sp/><sp/><sp/><sp/><sp/>&quot;</highlight><highlight class="normal">);</highlight></codeline>
<codeline lineno="277"><highlight class="normal"></highlight><highlight class="preprocessor">#nullable<sp/>restore</highlight><highlight class="normal"></highlight></codeline>
<codeline lineno="278"><highlight class="normal"></highlight><highlight class="preprocessor">#line<sp/>91<sp/>&quot;/home/wieslaw/PWr/PO/Projekt/software-engineering-recruitment-system-ssh/software-engineering-recruitment-system/projektowaniaOprogramowania/Views/Przeglad/DetaleKierunku.cshtml&quot;</highlight><highlight class="normal"></highlight></codeline>
<codeline lineno="279"><highlight class="normal"><sp/><sp/><sp/><sp/><sp/><sp/><sp/><sp/><sp/><sp/><sp/>Write(Html.DisplayFor(model<sp/>=&gt;<sp/>model.CalculatedProbabilityOfSucessfulRecruitation));</highlight></codeline>
<codeline lineno="280"><highlight class="normal"></highlight></codeline>
<codeline lineno="281"><highlight class="normal"></highlight><highlight class="preprocessor">#line<sp/>default</highlight><highlight class="normal"></highlight></codeline>
<codeline lineno="282"><highlight class="normal"></highlight><highlight class="preprocessor">#line<sp/>hidden</highlight><highlight class="normal"></highlight></codeline>
<codeline lineno="283"><highlight class="normal"></highlight><highlight class="preprocessor">#nullable<sp/>disable</highlight><highlight class="normal"></highlight></codeline>
<codeline lineno="284"><highlight class="normal"><sp/><sp/><sp/><sp/><sp/><sp/><sp/><sp/><sp/><sp/><sp/><sp/>WriteLiteral(</highlight><highlight class="stringliteral">&quot;\n<sp/><sp/><sp/><sp/><sp/><sp/><sp/><sp/><sp/><sp/><sp/><sp/>&lt;/dd&gt;\n&quot;</highlight><highlight class="normal">);</highlight></codeline>
<codeline lineno="285"><highlight class="normal"></highlight><highlight class="preprocessor">#nullable<sp/>restore</highlight><highlight class="normal"></highlight></codeline>
<codeline lineno="286"><highlight class="normal"></highlight><highlight class="preprocessor">#line<sp/>93<sp/>&quot;/home/wieslaw/PWr/PO/Projekt/software-engineering-recruitment-system-ssh/software-engineering-recruitment-system/projektowaniaOprogramowania/Views/Przeglad/DetaleKierunku.cshtml&quot;</highlight><highlight class="normal"></highlight></codeline>
<codeline lineno="287"><highlight class="normal"><sp/><sp/><sp/><sp/><sp/><sp/><sp/><sp/>}</highlight></codeline>
<codeline lineno="288"><highlight class="normal"></highlight></codeline>
<codeline lineno="289"><highlight class="normal"></highlight><highlight class="preprocessor">#line<sp/>default</highlight><highlight class="normal"></highlight></codeline>
<codeline lineno="290"><highlight class="normal"></highlight><highlight class="preprocessor">#line<sp/>hidden</highlight><highlight class="normal"></highlight></codeline>
<codeline lineno="291"><highlight class="normal"></highlight><highlight class="preprocessor">#nullable<sp/>disable</highlight><highlight class="normal"></highlight></codeline>
<codeline lineno="292"><highlight class="normal"><sp/><sp/><sp/><sp/><sp/><sp/><sp/><sp/><sp/><sp/><sp/><sp/>WriteLiteral(</highlight><highlight class="stringliteral">&quot;<sp/><sp/><sp/><sp/><sp/><sp/><sp/><sp/>&lt;dt<sp/>class=\&quot;col-sm-2\&quot;&gt;\n<sp/><sp/><sp/><sp/><sp/><sp/><sp/><sp/><sp/><sp/><sp/><sp/>&quot;</highlight><highlight class="normal">);</highlight></codeline>
<codeline lineno="293"><highlight class="normal"></highlight><highlight class="preprocessor">#nullable<sp/>restore</highlight><highlight class="normal"></highlight></codeline>
<codeline lineno="294"><highlight class="normal"></highlight><highlight class="preprocessor">#line<sp/>95<sp/>&quot;/home/wieslaw/PWr/PO/Projekt/software-engineering-recruitment-system-ssh/software-engineering-recruitment-system/projektowaniaOprogramowania/Views/Przeglad/DetaleKierunku.cshtml&quot;</highlight><highlight class="normal"></highlight></codeline>
<codeline lineno="295"><highlight class="normal"><sp/><sp/><sp/><sp/><sp/><sp/><sp/>Write(Html.DisplayNameFor(model<sp/>=&gt;<sp/>model.Opis));</highlight></codeline>
<codeline lineno="296"><highlight class="normal"></highlight></codeline>
<codeline lineno="297"><highlight class="normal"></highlight><highlight class="preprocessor">#line<sp/>default</highlight><highlight class="normal"></highlight></codeline>
<codeline lineno="298"><highlight class="normal"></highlight><highlight class="preprocessor">#line<sp/>hidden</highlight><highlight class="normal"></highlight></codeline>
<codeline lineno="299"><highlight class="normal"></highlight><highlight class="preprocessor">#nullable<sp/>disable</highlight><highlight class="normal"></highlight></codeline>
<codeline lineno="300"><highlight class="normal"><sp/><sp/><sp/><sp/><sp/><sp/><sp/><sp/><sp/><sp/><sp/><sp/>WriteLiteral(</highlight><highlight class="stringliteral">&quot;\n<sp/><sp/><sp/><sp/><sp/><sp/><sp/><sp/>&lt;/dt&gt;\n<sp/><sp/><sp/><sp/><sp/><sp/><sp/><sp/>&lt;dd<sp/>class=\&quot;col-sm-10\&quot;&gt;\n<sp/><sp/><sp/><sp/><sp/><sp/><sp/><sp/><sp/><sp/><sp/><sp/>&quot;</highlight><highlight class="normal">);</highlight></codeline>
<codeline lineno="301"><highlight class="normal"></highlight><highlight class="preprocessor">#nullable<sp/>restore</highlight><highlight class="normal"></highlight></codeline>
<codeline lineno="302"><highlight class="normal"></highlight><highlight class="preprocessor">#line<sp/>98<sp/>&quot;/home/wieslaw/PWr/PO/Projekt/software-engineering-recruitment-system-ssh/software-engineering-recruitment-system/projektowaniaOprogramowania/Views/Przeglad/DetaleKierunku.cshtml&quot;</highlight><highlight class="normal"></highlight></codeline>
<codeline lineno="303"><highlight class="normal"><sp/><sp/><sp/><sp/><sp/><sp/><sp/>Write(Html.DisplayFor(model<sp/>=&gt;<sp/>model.Opis));</highlight></codeline>
<codeline lineno="304"><highlight class="normal"></highlight></codeline>
<codeline lineno="305"><highlight class="normal"></highlight><highlight class="preprocessor">#line<sp/>default</highlight><highlight class="normal"></highlight></codeline>
<codeline lineno="306"><highlight class="normal"></highlight><highlight class="preprocessor">#line<sp/>hidden</highlight><highlight class="normal"></highlight></codeline>
<codeline lineno="307"><highlight class="normal"></highlight><highlight class="preprocessor">#nullable<sp/>disable</highlight><highlight class="normal"></highlight></codeline>
<codeline lineno="308"><highlight class="normal"><sp/><sp/><sp/><sp/><sp/><sp/><sp/><sp/><sp/><sp/><sp/><sp/>WriteLiteral(</highlight><highlight class="stringliteral">&quot;\n<sp/><sp/><sp/><sp/><sp/><sp/><sp/><sp/>&lt;/dd&gt;\n<sp/><sp/><sp/><sp/>&lt;/dl&gt;\n&lt;/div&gt;\n&lt;div&gt;\n<sp/><sp/><sp/><sp/>&quot;</highlight><highlight class="normal">);</highlight></codeline>
<codeline lineno="309"><highlight class="normal"><sp/><sp/><sp/><sp/><sp/><sp/><sp/><sp/><sp/><sp/><sp/><sp/>__tagHelperExecutionContext<sp/>=<sp/>__tagHelperScopeManager.Begin(</highlight><highlight class="stringliteral">&quot;a&quot;</highlight><highlight class="normal">,<sp/>global::Microsoft.<ref refid="d4/d38/namespaceAspNetCore" kindref="compound">AspNetCore</ref>.Razor.TagHelpers.TagMode.StartTagAndEndTag,<sp/></highlight><highlight class="stringliteral">&quot;b7fbca38413a8c7b9e6a500fa170da8515ec08a716440&quot;</highlight><highlight class="normal">,<sp/>async()<sp/>=&gt;<sp/>{</highlight></codeline>
<codeline lineno="310"><highlight class="normal"><sp/><sp/><sp/><sp/><sp/><sp/><sp/><sp/><sp/><sp/><sp/><sp/><sp/><sp/><sp/><sp/>WriteLiteral(</highlight><highlight class="stringliteral">&quot;Powrót&quot;</highlight><highlight class="normal">);</highlight></codeline>
<codeline lineno="311"><highlight class="normal"><sp/><sp/><sp/><sp/><sp/><sp/><sp/><sp/><sp/><sp/><sp/><sp/>}</highlight></codeline>
<codeline lineno="312"><highlight class="normal"><sp/><sp/><sp/><sp/><sp/><sp/><sp/><sp/><sp/><sp/><sp/><sp/>);</highlight></codeline>
<codeline lineno="313"><highlight class="normal"><sp/><sp/><sp/><sp/><sp/><sp/><sp/><sp/><sp/><sp/><sp/><sp/>__Microsoft_AspNetCore_Mvc_TagHelpers_AnchorTagHelper<sp/>=<sp/>CreateTagHelper&lt;global::Microsoft.AspNetCore.Mvc.TagHelpers.AnchorTagHelper&gt;();</highlight></codeline>
<codeline lineno="314"><highlight class="normal"><sp/><sp/><sp/><sp/><sp/><sp/><sp/><sp/><sp/><sp/><sp/><sp/>__tagHelperExecutionContext.Add(__Microsoft_AspNetCore_Mvc_TagHelpers_AnchorTagHelper);</highlight></codeline>
<codeline lineno="315"><highlight class="normal"><sp/><sp/><sp/><sp/><sp/><sp/><sp/><sp/><sp/><sp/><sp/><sp/>__Microsoft_AspNetCore_Mvc_TagHelpers_AnchorTagHelper.Action<sp/>=<sp/>(string)__tagHelperAttribute_0.Value;</highlight></codeline>
<codeline lineno="316"><highlight class="normal"><sp/><sp/><sp/><sp/><sp/><sp/><sp/><sp/><sp/><sp/><sp/><sp/>__tagHelperExecutionContext.AddTagHelperAttribute(__tagHelperAttribute_0);</highlight></codeline>
<codeline lineno="317"><highlight class="normal"><sp/><sp/><sp/><sp/><sp/><sp/><sp/><sp/><sp/><sp/><sp/><sp/>await<sp/>__tagHelperRunner.RunAsync(__tagHelperExecutionContext);</highlight></codeline>
<codeline lineno="318"><highlight class="normal"><sp/><sp/><sp/><sp/><sp/><sp/><sp/><sp/><sp/><sp/><sp/><sp/></highlight><highlight class="keywordflow">if</highlight><highlight class="normal"><sp/>(!__tagHelperExecutionContext.Output.IsContentModified)</highlight></codeline>
<codeline lineno="319"><highlight class="normal"><sp/><sp/><sp/><sp/><sp/><sp/><sp/><sp/><sp/><sp/><sp/><sp/>{</highlight></codeline>
<codeline lineno="320"><highlight class="normal"><sp/><sp/><sp/><sp/><sp/><sp/><sp/><sp/><sp/><sp/><sp/><sp/><sp/><sp/><sp/><sp/>await<sp/>__tagHelperExecutionContext.SetOutputContentAsync();</highlight></codeline>
<codeline lineno="321"><highlight class="normal"><sp/><sp/><sp/><sp/><sp/><sp/><sp/><sp/><sp/><sp/><sp/><sp/>}</highlight></codeline>
<codeline lineno="322"><highlight class="normal"><sp/><sp/><sp/><sp/><sp/><sp/><sp/><sp/><sp/><sp/><sp/><sp/>Write(__tagHelperExecutionContext.Output);</highlight></codeline>
<codeline lineno="323"><highlight class="normal"><sp/><sp/><sp/><sp/><sp/><sp/><sp/><sp/><sp/><sp/><sp/><sp/>__tagHelperExecutionContext<sp/>=<sp/>__tagHelperScopeManager.End();</highlight></codeline>
<codeline lineno="324"><highlight class="normal"><sp/><sp/><sp/><sp/><sp/><sp/><sp/><sp/><sp/><sp/><sp/><sp/>WriteLiteral(</highlight><highlight class="stringliteral">&quot;\n&lt;/div&gt;\n&quot;</highlight><highlight class="normal">);</highlight></codeline>
<codeline lineno="325"><highlight class="normal"><sp/><sp/><sp/><sp/><sp/><sp/><sp/><sp/>}</highlight></codeline>
<codeline lineno="326"><highlight class="normal"></highlight><highlight class="preprocessor"><sp/><sp/><sp/><sp/><sp/><sp/><sp/><sp/>#pragma<sp/>warning<sp/>restore<sp/>1998</highlight><highlight class="normal"></highlight></codeline>
<codeline lineno="327"><highlight class="normal"><sp/><sp/><sp/><sp/><sp/><sp/><sp/><sp/>[global::Microsoft.AspNetCore.Mvc.Razor.Internal.RazorInjectAttribute]</highlight></codeline>
<codeline lineno="328"><highlight class="normal"><sp/><sp/><sp/><sp/><sp/><sp/><sp/><sp/></highlight><highlight class="keyword">public</highlight><highlight class="normal"><sp/>global::Microsoft.AspNetCore.Mvc.ViewFeatures.IModelExpressionProvider<sp/>ModelExpressionProvider<sp/>{<sp/></highlight><highlight class="keyword">get</highlight><highlight class="normal">;<sp/></highlight><highlight class="keyword">private</highlight><highlight class="normal"><sp/></highlight><highlight class="keyword">set</highlight><highlight class="normal">;<sp/>}</highlight></codeline>
<codeline lineno="329"><highlight class="normal"><sp/><sp/><sp/><sp/><sp/><sp/><sp/><sp/>[global::Microsoft.AspNetCore.Mvc.Razor.Internal.RazorInjectAttribute]</highlight></codeline>
<codeline lineno="330"><highlight class="normal"><sp/><sp/><sp/><sp/><sp/><sp/><sp/><sp/></highlight><highlight class="keyword">public</highlight><highlight class="normal"><sp/>global::Microsoft.AspNetCore.Mvc.IUrlHelper<sp/>Url<sp/>{<sp/></highlight><highlight class="keyword">get</highlight><highlight class="normal">;<sp/></highlight><highlight class="keyword">private</highlight><highlight class="normal"><sp/></highlight><highlight class="keyword">set</highlight><highlight class="normal">;<sp/>}</highlight></codeline>
<codeline lineno="331"><highlight class="normal"><sp/><sp/><sp/><sp/><sp/><sp/><sp/><sp/>[global::Microsoft.AspNetCore.Mvc.Razor.Internal.RazorInjectAttribute]</highlight></codeline>
<codeline lineno="332"><highlight class="normal"><sp/><sp/><sp/><sp/><sp/><sp/><sp/><sp/></highlight><highlight class="keyword">public</highlight><highlight class="normal"><sp/>global::Microsoft.AspNetCore.Mvc.IViewComponentHelper<sp/>Component<sp/>{<sp/></highlight><highlight class="keyword">get</highlight><highlight class="normal">;<sp/></highlight><highlight class="keyword">private</highlight><highlight class="normal"><sp/></highlight><highlight class="keyword">set</highlight><highlight class="normal">;<sp/>}</highlight></codeline>
<codeline lineno="333"><highlight class="normal"><sp/><sp/><sp/><sp/><sp/><sp/><sp/><sp/>[global::Microsoft.AspNetCore.Mvc.Razor.Internal.RazorInjectAttribute]</highlight></codeline>
<codeline lineno="334"><highlight class="normal"><sp/><sp/><sp/><sp/><sp/><sp/><sp/><sp/></highlight><highlight class="keyword">public</highlight><highlight class="normal"><sp/>global::Microsoft.AspNetCore.Mvc.Rendering.IJsonHelper<sp/>Json<sp/>{<sp/></highlight><highlight class="keyword">get</highlight><highlight class="normal">;<sp/></highlight><highlight class="keyword">private</highlight><highlight class="normal"><sp/></highlight><highlight class="keyword">set</highlight><highlight class="normal">;<sp/>}</highlight></codeline>
<codeline lineno="335"><highlight class="normal"><sp/><sp/><sp/><sp/><sp/><sp/><sp/><sp/>[global::Microsoft.AspNetCore.Mvc.Razor.Internal.RazorInjectAttribute]</highlight></codeline>
<codeline lineno="336"><highlight class="normal"><sp/><sp/><sp/><sp/><sp/><sp/><sp/><sp/></highlight><highlight class="keyword">public</highlight><highlight class="normal"><sp/>global::Microsoft.AspNetCore.Mvc.Rendering.IHtmlHelper&lt;<ref refid="d8/d9d/namespaceprojektowaniaOprogramowania" kindref="compound">projektowaniaOprogramowania</ref>.<ref refid="da/dc5/namespaceprojektowaniaOprogramowania_1_1ViewModels" kindref="compound">ViewModels</ref>.<ref refid="d1/dc3/namespaceprojektowaniaOprogramowania_1_1ViewModels_1_1CollegeStructures" kindref="compound">CollegeStructures</ref>.<ref refid="dd/d2a/classprojektowaniaOprogramowania_1_1ViewModels_1_1CollegeStructures_1_1KierunekModel" kindref="compound">KierunekModel</ref>&gt;<sp/>Html<sp/>{<sp/></highlight><highlight class="keyword">get</highlight><highlight class="normal">;<sp/></highlight><highlight class="keyword">private</highlight><highlight class="normal"><sp/></highlight><highlight class="keyword">set</highlight><highlight class="normal">;<sp/>}</highlight></codeline>
<codeline lineno="337"><highlight class="normal"><sp/><sp/><sp/><sp/>}</highlight></codeline>
<codeline lineno="338"><highlight class="normal">}</highlight></codeline>
<codeline lineno="339"><highlight class="normal"></highlight><highlight class="preprocessor">#pragma<sp/>warning<sp/>restore<sp/>1591</highlight></codeline>
    </programlisting>
    <location file="obj/Debug/net5.0/Razor/Views/Przeglad/DetaleKierunku.cshtml.g.cs"/>
  </compounddef>
</doxygen>
