<?xml version='1.0' encoding='UTF-8' standalone='no'?>
<doxygen xmlns:xsi="http://www.w3.org/2001/XMLSchema-instance" xsi:noNamespaceSchemaLocation="compound.xsd" version="1.10.0" xml:lang="en-US">
  <compounddef id="d4/dfd/namespaceglobal" kind="namespace" language="C#">
    <compoundname>global</compoundname>
    <innernamespace refid="dd/dc0/namespaceglobal_1_1MicrosoftAspNetCore">global::MicrosoftAspNetCore</innernamespace>
    <briefdescription>
    </briefdescription>
    <detaileddescription>
    </detaileddescription>
    <location file="[generated]" line="1" column="1"/>
  </compounddef>
</doxygen>
