<?xml version='1.0' encoding='UTF-8' standalone='no'?>
<doxygen xmlns:xsi="http://www.w3.org/2001/XMLSchema-instance" xsi:noNamespaceSchemaLocation="compound.xsd" version="1.10.0" xml:lang="en-US">
  <compounddef id="df/d8f/namespaceglobal_1_1MicrosoftAspNetCore_1_1Mvc" kind="namespace" language="C#">
    <compoundname>global::MicrosoftAspNetCore::Mvc</compoundname>
    <innernamespace refid="d0/dae/namespaceglobal_1_1MicrosoftAspNetCore_1_1Mvc_1_1Razor">global::MicrosoftAspNetCore::Mvc::Razor</innernamespace>
    <briefdescription>
    </briefdescription>
    <detaileddescription>
    </detaileddescription>
    <location file="[generated]" line="1" column="1"/>
  </compounddef>
</doxygen>
