<?xml version='1.0' encoding='UTF-8' standalone='no'?>
<doxygen xmlns:xsi="http://www.w3.org/2001/XMLSchema-instance" xsi:noNamespaceSchemaLocation="compound.xsd" version="1.10.0" xml:lang="en-US">
  <compounddef id="d0/d6e/__KierunkiGrid_8cshtml_8g_8cs" kind="file" language="C#">
    <compoundname>_KierunkiGrid.cshtml.g.cs</compoundname>
    <innerclass refid="d6/d27/classAspNetCore_1_1Views__Shared____KierunkiGrid" prot="public">AspNetCore::Views_Shared__KierunkiGrid</innerclass>
    <innernamespace refid="d4/d38/namespaceAspNetCore">AspNetCore</innernamespace>
    <briefdescription>
    </briefdescription>
    <detaileddescription>
    </detaileddescription>
    <programlisting>
<codeline lineno="1"><highlight class="preprocessor">#pragma<sp/>checksum<sp/>&quot;/home/wieslaw/PWr/PO/Projekt/software-engineering-recruitment-system-ssh/software-engineering-recruitment-system/projektowaniaOprogramowania/Views/Shared/_KierunkiGrid.cshtml&quot;<sp/>&quot;{ff1816ec-aa5e-4d10-87f7-6f4963833460}&quot;<sp/>&quot;27ebf775823178793a7ddf45f0c586e698466bfb&quot;</highlight><highlight class="normal"></highlight></codeline>
<codeline lineno="2"><highlight class="normal"></highlight><highlight class="comment">//<sp/>&lt;auto-generated/&gt;</highlight><highlight class="normal"></highlight></codeline>
<codeline lineno="3"><highlight class="normal"></highlight><highlight class="preprocessor">#pragma<sp/>warning<sp/>disable<sp/>1591</highlight><highlight class="normal"></highlight></codeline>
<codeline lineno="4"><highlight class="normal">[assembly:<sp/>global::Microsoft.AspNetCore.Razor.Hosting.RazorCompiledItemAttribute(typeof(<ref refid="d4/d38/namespaceAspNetCore" kindref="compound">AspNetCore</ref>.<ref refid="d6/d27/classAspNetCore_1_1Views__Shared____KierunkiGrid" kindref="compound">Views_Shared__KierunkiGrid</ref>),<sp/></highlight><highlight class="stringliteral">@&quot;mvc.1.0.view&quot;</highlight><highlight class="normal">,<sp/></highlight><highlight class="stringliteral">@&quot;/Views/Shared/_KierunkiGrid.cshtml&quot;</highlight><highlight class="normal">)]</highlight></codeline>
<codeline lineno="5"><highlight class="normal"></highlight><highlight class="keyword">namespace<sp/></highlight><highlight class="normal"><ref refid="d4/d38/namespaceAspNetCore" kindref="compound">AspNetCore</ref></highlight></codeline>
<codeline lineno="6"><highlight class="normal">{</highlight></codeline>
<codeline lineno="7"><highlight class="normal"></highlight><highlight class="preprocessor"><sp/><sp/><sp/><sp/>#line<sp/>hidden</highlight><highlight class="normal"></highlight></codeline>
<codeline lineno="8"><highlight class="normal"><sp/><sp/><sp/><sp/></highlight><highlight class="keyword">using<sp/></highlight><highlight class="normal">System;</highlight></codeline>
<codeline lineno="9"><highlight class="normal"><sp/><sp/><sp/><sp/></highlight><highlight class="keyword">using<sp/></highlight><highlight class="normal">System.Collections.Generic;</highlight></codeline>
<codeline lineno="10"><highlight class="normal"><sp/><sp/><sp/><sp/></highlight><highlight class="keyword">using<sp/></highlight><highlight class="normal">System.Linq;</highlight></codeline>
<codeline lineno="11"><highlight class="normal"><sp/><sp/><sp/><sp/></highlight><highlight class="keyword">using<sp/></highlight><highlight class="normal">System.Threading.Tasks;</highlight></codeline>
<codeline lineno="12"><highlight class="normal"><sp/><sp/><sp/><sp/></highlight><highlight class="keyword">using<sp/></highlight><highlight class="normal">Microsoft.AspNetCore.Mvc;</highlight></codeline>
<codeline lineno="13"><highlight class="normal"><sp/><sp/><sp/><sp/></highlight><highlight class="keyword">using<sp/></highlight><highlight class="normal">Microsoft.AspNetCore.Mvc.Rendering;</highlight></codeline>
<codeline lineno="14"><highlight class="normal"><sp/><sp/><sp/><sp/></highlight><highlight class="keyword">using<sp/></highlight><highlight class="normal">Microsoft.AspNetCore.Mvc.ViewFeatures;</highlight></codeline>
<codeline lineno="15"><highlight class="normal"></highlight><highlight class="preprocessor">#nullable<sp/>restore</highlight><highlight class="normal"></highlight></codeline>
<codeline lineno="16"><highlight class="normal"></highlight><highlight class="preprocessor">#line<sp/>1<sp/>&quot;/home/wieslaw/PWr/PO/Projekt/software-engineering-recruitment-system-ssh/software-engineering-recruitment-system/projektowaniaOprogramowania/Views/_ViewImports.cshtml&quot;</highlight><highlight class="normal"></highlight></codeline>
<codeline lineno="17"><highlight class="normal"></highlight><highlight class="keyword">using<sp/></highlight><highlight class="normal"><ref refid="d8/d9d/namespaceprojektowaniaOprogramowania" kindref="compound">projektowaniaOprogramowania</ref>;</highlight></codeline>
<codeline lineno="18"><highlight class="normal"></highlight></codeline>
<codeline lineno="19"><highlight class="normal"></highlight><highlight class="preprocessor">#line<sp/>default</highlight><highlight class="normal"></highlight></codeline>
<codeline lineno="20"><highlight class="normal"></highlight><highlight class="preprocessor">#line<sp/>hidden</highlight><highlight class="normal"></highlight></codeline>
<codeline lineno="21"><highlight class="normal"></highlight><highlight class="preprocessor">#nullable<sp/>disable</highlight><highlight class="normal"></highlight></codeline>
<codeline lineno="22"><highlight class="normal"></highlight><highlight class="preprocessor">#nullable<sp/>restore</highlight><highlight class="normal"></highlight></codeline>
<codeline lineno="23"><highlight class="normal"></highlight><highlight class="preprocessor">#line<sp/>2<sp/>&quot;/home/wieslaw/PWr/PO/Projekt/software-engineering-recruitment-system-ssh/software-engineering-recruitment-system/projektowaniaOprogramowania/Views/_ViewImports.cshtml&quot;</highlight><highlight class="normal"></highlight></codeline>
<codeline lineno="24"><highlight class="normal"></highlight><highlight class="keyword">using<sp/></highlight><highlight class="normal"><ref refid="d6/d4b/namespaceprojektowaniaOprogramowania_1_1Models" kindref="compound">projektowaniaOprogramowania.Models</ref>;</highlight></codeline>
<codeline lineno="25"><highlight class="normal"></highlight></codeline>
<codeline lineno="26"><highlight class="normal"></highlight><highlight class="preprocessor">#line<sp/>default</highlight><highlight class="normal"></highlight></codeline>
<codeline lineno="27"><highlight class="normal"></highlight><highlight class="preprocessor">#line<sp/>hidden</highlight><highlight class="normal"></highlight></codeline>
<codeline lineno="28"><highlight class="normal"></highlight><highlight class="preprocessor">#nullable<sp/>disable</highlight><highlight class="normal"></highlight></codeline>
<codeline lineno="29"><highlight class="normal"><sp/><sp/><sp/><sp/>[global::Microsoft.AspNetCore.Razor.Hosting.RazorSourceChecksumAttribute(</highlight><highlight class="stringliteral">@&quot;SHA1&quot;</highlight><highlight class="normal">,<sp/></highlight><highlight class="stringliteral">@&quot;27ebf775823178793a7ddf45f0c586e698466bfb&quot;</highlight><highlight class="normal">,<sp/></highlight><highlight class="stringliteral">@&quot;/Views/Shared/_KierunkiGrid.cshtml&quot;</highlight><highlight class="normal">)]</highlight></codeline>
<codeline lineno="30"><highlight class="normal"><sp/><sp/><sp/><sp/>[global::Microsoft.AspNetCore.Razor.Hosting.RazorSourceChecksumAttribute(</highlight><highlight class="stringliteral">@&quot;SHA1&quot;</highlight><highlight class="normal">,<sp/></highlight><highlight class="stringliteral">@&quot;539bf3beeca7adc28425b879b50b0d4ad165e43d&quot;</highlight><highlight class="normal">,<sp/></highlight><highlight class="stringliteral">@&quot;/Views/_ViewImports.cshtml&quot;</highlight><highlight class="normal">)]</highlight></codeline>
<codeline lineno="31" refid="d6/d27/classAspNetCore_1_1Views__Shared____KierunkiGrid" refkind="compound"><highlight class="normal"><sp/><sp/><sp/><sp/></highlight><highlight class="keyword">public</highlight><highlight class="normal"><sp/></highlight><highlight class="keyword">class<sp/></highlight><highlight class="normal"><ref refid="d6/d27/classAspNetCore_1_1Views__Shared____KierunkiGrid" kindref="compound">Views_Shared__KierunkiGrid</ref><sp/>:<sp/>global::Microsoft.<ref refid="d4/d38/namespaceAspNetCore" kindref="compound">AspNetCore</ref>.Mvc.Razor.RazorPage&lt;IEnumerable&lt;projektowaniaOprogramowania.ViewModels.CollegeStructures.KierunekModel&gt;&gt;</highlight></codeline>
<codeline lineno="32"><highlight class="normal"><sp/><sp/><sp/><sp/>{</highlight></codeline>
<codeline lineno="33"><highlight class="normal"></highlight><highlight class="preprocessor"><sp/><sp/><sp/><sp/><sp/><sp/><sp/><sp/>#pragma<sp/>warning<sp/>disable<sp/>1998</highlight><highlight class="normal"></highlight></codeline>
<codeline lineno="34"><highlight class="normal"><sp/><sp/><sp/><sp/><sp/><sp/><sp/><sp/></highlight><highlight class="keyword">public</highlight><highlight class="normal"><sp/>async<sp/></highlight><highlight class="keyword">override</highlight><highlight class="normal"><sp/>global::System.Threading.<ref refid="d9/dc0/namespaceSystem_1_1Threading_1_1Tasks" kindref="compound">Tasks</ref>.Task<sp/>ExecuteAsync()</highlight></codeline>
<codeline lineno="35"><highlight class="normal"><sp/><sp/><sp/><sp/><sp/><sp/><sp/><sp/>{</highlight></codeline>
<codeline lineno="36"><highlight class="normal"><sp/><sp/><sp/><sp/><sp/><sp/><sp/><sp/><sp/><sp/><sp/><sp/>WriteLiteral(</highlight><highlight class="stringliteral">&quot;\n\n&lt;div<sp/>class=\&quot;d-flex<sp/>flex-wrap\&quot;&gt;\n&quot;</highlight><highlight class="normal">);</highlight></codeline>
<codeline lineno="37"><highlight class="normal"></highlight><highlight class="preprocessor">#nullable<sp/>restore</highlight><highlight class="normal"></highlight></codeline>
<codeline lineno="38"><highlight class="normal"></highlight><highlight class="preprocessor">#line<sp/>5<sp/>&quot;/home/wieslaw/PWr/PO/Projekt/software-engineering-recruitment-system-ssh/software-engineering-recruitment-system/projektowaniaOprogramowania/Views/Shared/_KierunkiGrid.cshtml&quot;</highlight><highlight class="normal"></highlight></codeline>
<codeline lineno="39"><highlight class="normal"><sp/><sp/><sp/><sp/><sp/></highlight><highlight class="keywordflow">foreach</highlight><highlight class="normal"><sp/>(var<sp/>kierunek<sp/></highlight><highlight class="keywordflow">in</highlight><highlight class="normal"><sp/>Model)</highlight></codeline>
<codeline lineno="40"><highlight class="normal"><sp/><sp/><sp/><sp/>{</highlight></codeline>
<codeline lineno="41"><highlight class="normal"></highlight></codeline>
<codeline lineno="42"><highlight class="normal"></highlight><highlight class="preprocessor">#line<sp/>default</highlight><highlight class="normal"></highlight></codeline>
<codeline lineno="43"><highlight class="normal"></highlight><highlight class="preprocessor">#line<sp/>hidden</highlight><highlight class="normal"></highlight></codeline>
<codeline lineno="44"><highlight class="normal"></highlight><highlight class="preprocessor">#nullable<sp/>disable</highlight><highlight class="normal"></highlight></codeline>
<codeline lineno="45"><highlight class="normal"><sp/><sp/><sp/><sp/><sp/><sp/><sp/><sp/><sp/><sp/><sp/><sp/>WriteLiteral(</highlight><highlight class="stringliteral">&quot;\t\t&lt;div<sp/>class=\&quot;card<sp/>bg-dark\&quot;<sp/>style=\&quot;width:<sp/>15rem;<sp/>margin:<sp/>2rem;\&quot;&gt;\n&quot;</highlight><highlight class="normal">);</highlight></codeline>
<codeline lineno="46"><highlight class="normal"></highlight><highlight class="preprocessor">#nullable<sp/>restore</highlight><highlight class="normal"></highlight></codeline>
<codeline lineno="47"><highlight class="normal"></highlight><highlight class="preprocessor">#line<sp/>8<sp/>&quot;/home/wieslaw/PWr/PO/Projekt/software-engineering-recruitment-system-ssh/software-engineering-recruitment-system/projektowaniaOprogramowania/Views/Shared/_KierunkiGrid.cshtml&quot;</highlight><highlight class="normal"></highlight></codeline>
<codeline lineno="48"><highlight class="normal"><sp/><sp/><sp/><sp/><sp/><sp/><sp/><sp/><sp/><sp/><sp/><sp/><sp/></highlight><highlight class="keywordflow">if</highlight><highlight class="normal"><sp/>(ViewBag.ShouldShowPoints)</highlight></codeline>
<codeline lineno="49"><highlight class="normal"><sp/><sp/><sp/><sp/><sp/><sp/><sp/><sp/><sp/><sp/><sp/><sp/>{</highlight></codeline>
<codeline lineno="50"><highlight class="normal"></highlight></codeline>
<codeline lineno="51"><highlight class="normal"></highlight><highlight class="preprocessor">#line<sp/>default</highlight><highlight class="normal"></highlight></codeline>
<codeline lineno="52"><highlight class="normal"></highlight><highlight class="preprocessor">#line<sp/>hidden</highlight><highlight class="normal"></highlight></codeline>
<codeline lineno="53"><highlight class="normal"></highlight><highlight class="preprocessor">#nullable<sp/>disable</highlight><highlight class="normal"></highlight></codeline>
<codeline lineno="54"><highlight class="normal"><sp/><sp/><sp/><sp/><sp/><sp/><sp/><sp/><sp/><sp/><sp/><sp/>WriteLiteral(</highlight><highlight class="stringliteral">&quot;\t\t\t\t&lt;div<sp/>class=\&quot;card-header\&quot;&gt;\n\t\t\t\t\tSzansa:<sp/>&quot;</highlight><highlight class="normal">);</highlight></codeline>
<codeline lineno="55"><highlight class="normal"></highlight><highlight class="preprocessor">#nullable<sp/>restore</highlight><highlight class="normal"></highlight></codeline>
<codeline lineno="56"><highlight class="normal"></highlight><highlight class="preprocessor">#line<sp/>11<sp/>&quot;/home/wieslaw/PWr/PO/Projekt/software-engineering-recruitment-system-ssh/software-engineering-recruitment-system/projektowaniaOprogramowania/Views/Shared/_KierunkiGrid.cshtml&quot;</highlight><highlight class="normal"></highlight></codeline>
<codeline lineno="57"><highlight class="normal"><sp/><sp/><sp/><sp/><sp/><sp/><sp/><sp/><sp/><sp/><sp/><sp/><sp/><sp/><sp/><sp/><sp/><sp/><sp/><sp/><sp/><sp/><sp/>Write(kierunek.CalculatedProbabilityOfSucessfulRecruitation);</highlight></codeline>
<codeline lineno="58"><highlight class="normal"></highlight></codeline>
<codeline lineno="59"><highlight class="normal"></highlight><highlight class="preprocessor">#line<sp/>default</highlight><highlight class="normal"></highlight></codeline>
<codeline lineno="60"><highlight class="normal"></highlight><highlight class="preprocessor">#line<sp/>hidden</highlight><highlight class="normal"></highlight></codeline>
<codeline lineno="61"><highlight class="normal"></highlight><highlight class="preprocessor">#nullable<sp/>disable</highlight><highlight class="normal"></highlight></codeline>
<codeline lineno="62"><highlight class="normal"><sp/><sp/><sp/><sp/><sp/><sp/><sp/><sp/><sp/><sp/><sp/><sp/>WriteLiteral(</highlight><highlight class="stringliteral">&quot;<sp/>%\n\t\t\t\t&lt;/div&gt;\n&quot;</highlight><highlight class="normal">);</highlight></codeline>
<codeline lineno="63"><highlight class="normal"></highlight><highlight class="preprocessor">#nullable<sp/>restore</highlight><highlight class="normal"></highlight></codeline>
<codeline lineno="64"><highlight class="normal"></highlight><highlight class="preprocessor">#line<sp/>13<sp/>&quot;/home/wieslaw/PWr/PO/Projekt/software-engineering-recruitment-system-ssh/software-engineering-recruitment-system/projektowaniaOprogramowania/Views/Shared/_KierunkiGrid.cshtml&quot;</highlight><highlight class="normal"></highlight></codeline>
<codeline lineno="65"><highlight class="normal"><sp/><sp/><sp/><sp/><sp/><sp/><sp/><sp/><sp/><sp/><sp/><sp/>}</highlight></codeline>
<codeline lineno="66"><highlight class="normal"></highlight></codeline>
<codeline lineno="67"><highlight class="normal"></highlight><highlight class="preprocessor">#line<sp/>default</highlight><highlight class="normal"></highlight></codeline>
<codeline lineno="68"><highlight class="normal"></highlight><highlight class="preprocessor">#line<sp/>hidden</highlight><highlight class="normal"></highlight></codeline>
<codeline lineno="69"><highlight class="normal"></highlight><highlight class="preprocessor">#nullable<sp/>disable</highlight><highlight class="normal"></highlight></codeline>
<codeline lineno="70"><highlight class="normal"><sp/><sp/><sp/><sp/><sp/><sp/><sp/><sp/><sp/><sp/><sp/><sp/>WriteLiteral(</highlight><highlight class="stringliteral">&quot;\t\t\t&lt;div<sp/>class=\&quot;card-body\&quot;&gt;\n\t\t\t\t&lt;h5<sp/>class=\&quot;card-title\&quot;&gt;\n\t\t\t\t\t&lt;a&quot;</highlight><highlight class="normal">);</highlight></codeline>
<codeline lineno="71"><highlight class="normal"><sp/><sp/><sp/><sp/><sp/><sp/><sp/><sp/><sp/><sp/><sp/><sp/>BeginWriteAttribute(</highlight><highlight class="stringliteral">&quot;href&quot;</highlight><highlight class="normal">,<sp/></highlight><highlight class="stringliteral">&quot;<sp/>href=\&quot;&quot;</highlight><highlight class="normal">,<sp/>443,<sp/></highlight><highlight class="stringliteral">&quot;\&quot;&quot;</highlight><highlight class="normal">,<sp/>525,<sp/>1);</highlight></codeline>
<codeline lineno="72"><highlight class="normal"></highlight><highlight class="preprocessor">#nullable<sp/>restore</highlight><highlight class="normal"></highlight></codeline>
<codeline lineno="73"><highlight class="normal"></highlight><highlight class="preprocessor">#line<sp/>16<sp/>&quot;/home/wieslaw/PWr/PO/Projekt/software-engineering-recruitment-system-ssh/software-engineering-recruitment-system/projektowaniaOprogramowania/Views/Shared/_KierunkiGrid.cshtml&quot;</highlight><highlight class="normal"></highlight></codeline>
<codeline lineno="74"><highlight class="normal">WriteAttributeValue(</highlight><highlight class="stringliteral">&quot;&quot;</highlight><highlight class="normal">,<sp/>450,<sp/>Url.Action(</highlight><highlight class="stringliteral">&quot;DetaleKierunku&quot;</highlight><highlight class="normal">,<sp/></highlight><highlight class="stringliteral">&quot;Przeglad&quot;</highlight><highlight class="normal">,<sp/></highlight><highlight class="keyword">new</highlight><highlight class="normal"><sp/>{<sp/>kierunekId<sp/>=<sp/>kierunek.Id<sp/>}),<sp/>450,<sp/>75,<sp/></highlight><highlight class="keyword">false</highlight><highlight class="normal">);</highlight></codeline>
<codeline lineno="75"><highlight class="normal"></highlight></codeline>
<codeline lineno="76"><highlight class="normal"></highlight><highlight class="preprocessor">#line<sp/>default</highlight><highlight class="normal"></highlight></codeline>
<codeline lineno="77"><highlight class="normal"></highlight><highlight class="preprocessor">#line<sp/>hidden</highlight><highlight class="normal"></highlight></codeline>
<codeline lineno="78"><highlight class="normal"></highlight><highlight class="preprocessor">#nullable<sp/>disable</highlight><highlight class="normal"></highlight></codeline>
<codeline lineno="79"><highlight class="normal"><sp/><sp/><sp/><sp/><sp/><sp/><sp/><sp/><sp/><sp/><sp/><sp/>EndWriteAttribute();</highlight></codeline>
<codeline lineno="80"><highlight class="normal"><sp/><sp/><sp/><sp/><sp/><sp/><sp/><sp/><sp/><sp/><sp/><sp/>WriteLiteral(</highlight><highlight class="stringliteral">&quot;&gt;&quot;</highlight><highlight class="normal">);</highlight></codeline>
<codeline lineno="81"><highlight class="normal"></highlight><highlight class="preprocessor">#nullable<sp/>restore</highlight><highlight class="normal"></highlight></codeline>
<codeline lineno="82"><highlight class="normal"></highlight><highlight class="preprocessor">#line<sp/>16<sp/>&quot;/home/wieslaw/PWr/PO/Projekt/software-engineering-recruitment-system-ssh/software-engineering-recruitment-system/projektowaniaOprogramowania/Views/Shared/_KierunkiGrid.cshtml&quot;</highlight><highlight class="normal"></highlight></codeline>
<codeline lineno="83"><highlight class="normal"><sp/><sp/><sp/><sp/><sp/><sp/><sp/><sp/><sp/><sp/><sp/><sp/><sp/><sp/><sp/><sp/><sp/><sp/><sp/><sp/><sp/><sp/><sp/><sp/><sp/><sp/><sp/><sp/><sp/><sp/><sp/><sp/><sp/><sp/><sp/><sp/><sp/><sp/><sp/><sp/><sp/><sp/><sp/><sp/><sp/><sp/><sp/><sp/><sp/><sp/><sp/><sp/><sp/><sp/><sp/><sp/><sp/><sp/><sp/><sp/><sp/><sp/><sp/><sp/><sp/><sp/><sp/><sp/><sp/><sp/><sp/><sp/><sp/><sp/><sp/><sp/><sp/><sp/><sp/><sp/><sp/><sp/><sp/><sp/><sp/><sp/><sp/><sp/><sp/><sp/><sp/><sp/><sp/><sp/><sp/><sp/><sp/><sp/><sp/><sp/><sp/>Write(kierunek.NazwaKierunku);</highlight></codeline>
<codeline lineno="84"><highlight class="normal"></highlight></codeline>
<codeline lineno="85"><highlight class="normal"></highlight><highlight class="preprocessor">#line<sp/>default</highlight><highlight class="normal"></highlight></codeline>
<codeline lineno="86"><highlight class="normal"></highlight><highlight class="preprocessor">#line<sp/>hidden</highlight><highlight class="normal"></highlight></codeline>
<codeline lineno="87"><highlight class="normal"></highlight><highlight class="preprocessor">#nullable<sp/>disable</highlight><highlight class="normal"></highlight></codeline>
<codeline lineno="88"><highlight class="normal"><sp/><sp/><sp/><sp/><sp/><sp/><sp/><sp/><sp/><sp/><sp/><sp/>WriteLiteral(</highlight><highlight class="stringliteral">&quot;&lt;/a&gt;\n\t\t\t\t&lt;/h5&gt;\n\n\t\t\t\t&lt;div<sp/>class=\&quot;progress<sp/>progress-custom\&quot;&gt;\n\t\t\t\t\t&lt;div<sp/>class=\&quot;progress-bar<sp/>progress-bar-custom\&quot;\n\t\t\t\t\t\t<sp/>role=\&quot;progressbar\&quot;\n\t\t\t\t\t\t<sp/>style=\&quot;width:<sp/>100%\&quot;&quot;</highlight><highlight class="normal">);</highlight></codeline>
<codeline lineno="89"><highlight class="normal"><sp/><sp/><sp/><sp/><sp/><sp/><sp/><sp/><sp/><sp/><sp/><sp/>BeginWriteAttribute(</highlight><highlight class="stringliteral">&quot;aria-valuenow&quot;</highlight><highlight class="normal">,<sp/></highlight><highlight class="stringliteral">&quot;\n\t\t\t\t\t\t<sp/>aria-valuenow=\&quot;&quot;</highlight><highlight class="normal">,<sp/>712,<sp/></highlight><highlight class="stringliteral">&quot;\&quot;&quot;</highlight><highlight class="normal">,<sp/>824,<sp/>1);</highlight></codeline>
<codeline lineno="90"><highlight class="normal"></highlight><highlight class="preprocessor">#nullable<sp/>restore</highlight><highlight class="normal"></highlight></codeline>
<codeline lineno="91"><highlight class="normal"></highlight><highlight class="preprocessor">#line<sp/>23<sp/>&quot;/home/wieslaw/PWr/PO/Projekt/software-engineering-recruitment-system-ssh/software-engineering-recruitment-system/projektowaniaOprogramowania/Views/Shared/_KierunkiGrid.cshtml&quot;</highlight><highlight class="normal"></highlight></codeline>
<codeline lineno="92"><highlight class="normal">WriteAttributeValue(</highlight><highlight class="stringliteral">&quot;&quot;</highlight><highlight class="normal">,<sp/>735,<sp/>ViewBag.ShouldShowPoints<sp/>?<sp/>kierunek.CalculatedProbabilityOfSucessfulRecruitation<sp/>:<sp/></highlight><highlight class="stringliteral">&quot;0&quot;</highlight><highlight class="normal">,<sp/>735,<sp/>89,<sp/></highlight><highlight class="keyword">false</highlight><highlight class="normal">);</highlight></codeline>
<codeline lineno="93"><highlight class="normal"></highlight></codeline>
<codeline lineno="94"><highlight class="normal"></highlight><highlight class="preprocessor">#line<sp/>default</highlight><highlight class="normal"></highlight></codeline>
<codeline lineno="95"><highlight class="normal"></highlight><highlight class="preprocessor">#line<sp/>hidden</highlight><highlight class="normal"></highlight></codeline>
<codeline lineno="96"><highlight class="normal"></highlight><highlight class="preprocessor">#nullable<sp/>disable</highlight><highlight class="normal"></highlight></codeline>
<codeline lineno="97"><highlight class="normal"><sp/><sp/><sp/><sp/><sp/><sp/><sp/><sp/><sp/><sp/><sp/><sp/>EndWriteAttribute();</highlight></codeline>
<codeline lineno="98"><highlight class="normal"><sp/><sp/><sp/><sp/><sp/><sp/><sp/><sp/><sp/><sp/><sp/><sp/>WriteLiteral(</highlight><highlight class="stringliteral">&quot;\n\t\t\t\t\t\t<sp/>aria-valuemin=\&quot;0\&quot;\n\t\t\t\t\t\t<sp/>aria-valuemax=\&quot;100\&quot;&gt;\n\t\t\t\t\t&lt;/div&gt;\n\t\t\t\t&lt;/div&gt;\n\t\t\t&lt;/div&gt;\n&quot;</highlight><highlight class="normal">);</highlight></codeline>
<codeline lineno="99"><highlight class="normal"></highlight><highlight class="preprocessor">#nullable<sp/>restore</highlight><highlight class="normal"></highlight></codeline>
<codeline lineno="100"><highlight class="normal"></highlight><highlight class="preprocessor">#line<sp/>29<sp/>&quot;/home/wieslaw/PWr/PO/Projekt/software-engineering-recruitment-system-ssh/software-engineering-recruitment-system/projektowaniaOprogramowania/Views/Shared/_KierunkiGrid.cshtml&quot;</highlight><highlight class="normal"></highlight></codeline>
<codeline lineno="101"><highlight class="normal"><sp/><sp/><sp/><sp/><sp/><sp/><sp/><sp/><sp/><sp/><sp/><sp/><sp/></highlight><highlight class="keywordflow">if</highlight><highlight class="normal"><sp/>(ViewBag.ShouldShowPoints)</highlight></codeline>
<codeline lineno="102"><highlight class="normal"><sp/><sp/><sp/><sp/><sp/><sp/><sp/><sp/><sp/><sp/><sp/><sp/>{</highlight></codeline>
<codeline lineno="103"><highlight class="normal"></highlight></codeline>
<codeline lineno="104"><highlight class="normal"></highlight><highlight class="preprocessor">#line<sp/>default</highlight><highlight class="normal"></highlight></codeline>
<codeline lineno="105"><highlight class="normal"></highlight><highlight class="preprocessor">#line<sp/>hidden</highlight><highlight class="normal"></highlight></codeline>
<codeline lineno="106"><highlight class="normal"></highlight><highlight class="preprocessor">#nullable<sp/>disable</highlight><highlight class="normal"></highlight></codeline>
<codeline lineno="107"><highlight class="normal"><sp/><sp/><sp/><sp/><sp/><sp/><sp/><sp/><sp/><sp/><sp/><sp/>WriteLiteral(</highlight><highlight class="stringliteral">&quot;\t\t\t\t&lt;div<sp/>class=\&quot;card-footer\&quot;&gt;\n\t\t\t\t\tPunkty:<sp/>&quot;</highlight><highlight class="normal">);</highlight></codeline>
<codeline lineno="108"><highlight class="normal"></highlight><highlight class="preprocessor">#nullable<sp/>restore</highlight><highlight class="normal"></highlight></codeline>
<codeline lineno="109"><highlight class="normal"></highlight><highlight class="preprocessor">#line<sp/>32<sp/>&quot;/home/wieslaw/PWr/PO/Projekt/software-engineering-recruitment-system-ssh/software-engineering-recruitment-system/projektowaniaOprogramowania/Views/Shared/_KierunkiGrid.cshtml&quot;</highlight><highlight class="normal"></highlight></codeline>
<codeline lineno="110"><highlight class="normal"><sp/><sp/><sp/><sp/><sp/><sp/><sp/><sp/><sp/><sp/><sp/><sp/><sp/><sp/><sp/><sp/><sp/><sp/><sp/><sp/><sp/><sp/><sp/>Write(kierunek.CalculatedRecruitationPoints);</highlight></codeline>
<codeline lineno="111"><highlight class="normal"></highlight></codeline>
<codeline lineno="112"><highlight class="normal"></highlight><highlight class="preprocessor">#line<sp/>default</highlight><highlight class="normal"></highlight></codeline>
<codeline lineno="113"><highlight class="normal"></highlight><highlight class="preprocessor">#line<sp/>hidden</highlight><highlight class="normal"></highlight></codeline>
<codeline lineno="114"><highlight class="normal"></highlight><highlight class="preprocessor">#nullable<sp/>disable</highlight><highlight class="normal"></highlight></codeline>
<codeline lineno="115"><highlight class="normal"><sp/><sp/><sp/><sp/><sp/><sp/><sp/><sp/><sp/><sp/><sp/><sp/>WriteLiteral(</highlight><highlight class="stringliteral">&quot;\n\t\t\t\t&lt;/div&gt;\n&quot;</highlight><highlight class="normal">);</highlight></codeline>
<codeline lineno="116"><highlight class="normal"></highlight><highlight class="preprocessor">#nullable<sp/>restore</highlight><highlight class="normal"></highlight></codeline>
<codeline lineno="117"><highlight class="normal"></highlight><highlight class="preprocessor">#line<sp/>34<sp/>&quot;/home/wieslaw/PWr/PO/Projekt/software-engineering-recruitment-system-ssh/software-engineering-recruitment-system/projektowaniaOprogramowania/Views/Shared/_KierunkiGrid.cshtml&quot;</highlight><highlight class="normal"></highlight></codeline>
<codeline lineno="118"><highlight class="normal"><sp/><sp/><sp/><sp/><sp/><sp/><sp/><sp/><sp/><sp/><sp/><sp/>}</highlight></codeline>
<codeline lineno="119"><highlight class="normal"></highlight></codeline>
<codeline lineno="120"><highlight class="normal"></highlight><highlight class="preprocessor">#line<sp/>default</highlight><highlight class="normal"></highlight></codeline>
<codeline lineno="121"><highlight class="normal"></highlight><highlight class="preprocessor">#line<sp/>hidden</highlight><highlight class="normal"></highlight></codeline>
<codeline lineno="122"><highlight class="normal"></highlight><highlight class="preprocessor">#nullable<sp/>disable</highlight><highlight class="normal"></highlight></codeline>
<codeline lineno="123"><highlight class="normal"><sp/><sp/><sp/><sp/><sp/><sp/><sp/><sp/><sp/><sp/><sp/><sp/>WriteLiteral(</highlight><highlight class="stringliteral">&quot;\t\t&lt;/div&gt;\n&quot;</highlight><highlight class="normal">);</highlight></codeline>
<codeline lineno="124"><highlight class="normal"></highlight><highlight class="preprocessor">#nullable<sp/>restore</highlight><highlight class="normal"></highlight></codeline>
<codeline lineno="125"><highlight class="normal"></highlight><highlight class="preprocessor">#line<sp/>36<sp/>&quot;/home/wieslaw/PWr/PO/Projekt/software-engineering-recruitment-system-ssh/software-engineering-recruitment-system/projektowaniaOprogramowania/Views/Shared/_KierunkiGrid.cshtml&quot;</highlight><highlight class="normal"></highlight></codeline>
<codeline lineno="126"><highlight class="normal"><sp/><sp/><sp/><sp/>}</highlight></codeline>
<codeline lineno="127"><highlight class="normal"></highlight></codeline>
<codeline lineno="128"><highlight class="normal"></highlight><highlight class="preprocessor">#line<sp/>default</highlight><highlight class="normal"></highlight></codeline>
<codeline lineno="129"><highlight class="normal"></highlight><highlight class="preprocessor">#line<sp/>hidden</highlight><highlight class="normal"></highlight></codeline>
<codeline lineno="130"><highlight class="normal"></highlight><highlight class="preprocessor">#nullable<sp/>disable</highlight><highlight class="normal"></highlight></codeline>
<codeline lineno="131"><highlight class="normal"><sp/><sp/><sp/><sp/><sp/><sp/><sp/><sp/><sp/><sp/><sp/><sp/>WriteLiteral(</highlight><highlight class="stringliteral">&quot;&lt;/div&gt;\n&quot;</highlight><highlight class="normal">);</highlight></codeline>
<codeline lineno="132"><highlight class="normal"><sp/><sp/><sp/><sp/><sp/><sp/><sp/><sp/>}</highlight></codeline>
<codeline lineno="133"><highlight class="normal"></highlight><highlight class="preprocessor"><sp/><sp/><sp/><sp/><sp/><sp/><sp/><sp/>#pragma<sp/>warning<sp/>restore<sp/>1998</highlight><highlight class="normal"></highlight></codeline>
<codeline lineno="134"><highlight class="normal"><sp/><sp/><sp/><sp/><sp/><sp/><sp/><sp/>[global::Microsoft.AspNetCore.Mvc.Razor.Internal.RazorInjectAttribute]</highlight></codeline>
<codeline lineno="135"><highlight class="normal"><sp/><sp/><sp/><sp/><sp/><sp/><sp/><sp/></highlight><highlight class="keyword">public</highlight><highlight class="normal"><sp/>global::Microsoft.AspNetCore.Mvc.ViewFeatures.IModelExpressionProvider<sp/>ModelExpressionProvider<sp/>{<sp/></highlight><highlight class="keyword">get</highlight><highlight class="normal">;<sp/></highlight><highlight class="keyword">private</highlight><highlight class="normal"><sp/></highlight><highlight class="keyword">set</highlight><highlight class="normal">;<sp/>}</highlight></codeline>
<codeline lineno="136"><highlight class="normal"><sp/><sp/><sp/><sp/><sp/><sp/><sp/><sp/>[global::Microsoft.AspNetCore.Mvc.Razor.Internal.RazorInjectAttribute]</highlight></codeline>
<codeline lineno="137"><highlight class="normal"><sp/><sp/><sp/><sp/><sp/><sp/><sp/><sp/></highlight><highlight class="keyword">public</highlight><highlight class="normal"><sp/>global::Microsoft.AspNetCore.Mvc.IUrlHelper<sp/>Url<sp/>{<sp/></highlight><highlight class="keyword">get</highlight><highlight class="normal">;<sp/></highlight><highlight class="keyword">private</highlight><highlight class="normal"><sp/></highlight><highlight class="keyword">set</highlight><highlight class="normal">;<sp/>}</highlight></codeline>
<codeline lineno="138"><highlight class="normal"><sp/><sp/><sp/><sp/><sp/><sp/><sp/><sp/>[global::Microsoft.AspNetCore.Mvc.Razor.Internal.RazorInjectAttribute]</highlight></codeline>
<codeline lineno="139"><highlight class="normal"><sp/><sp/><sp/><sp/><sp/><sp/><sp/><sp/></highlight><highlight class="keyword">public</highlight><highlight class="normal"><sp/>global::Microsoft.AspNetCore.Mvc.IViewComponentHelper<sp/>Component<sp/>{<sp/></highlight><highlight class="keyword">get</highlight><highlight class="normal">;<sp/></highlight><highlight class="keyword">private</highlight><highlight class="normal"><sp/></highlight><highlight class="keyword">set</highlight><highlight class="normal">;<sp/>}</highlight></codeline>
<codeline lineno="140"><highlight class="normal"><sp/><sp/><sp/><sp/><sp/><sp/><sp/><sp/>[global::Microsoft.AspNetCore.Mvc.Razor.Internal.RazorInjectAttribute]</highlight></codeline>
<codeline lineno="141"><highlight class="normal"><sp/><sp/><sp/><sp/><sp/><sp/><sp/><sp/></highlight><highlight class="keyword">public</highlight><highlight class="normal"><sp/>global::Microsoft.AspNetCore.Mvc.Rendering.IJsonHelper<sp/>Json<sp/>{<sp/></highlight><highlight class="keyword">get</highlight><highlight class="normal">;<sp/></highlight><highlight class="keyword">private</highlight><highlight class="normal"><sp/></highlight><highlight class="keyword">set</highlight><highlight class="normal">;<sp/>}</highlight></codeline>
<codeline lineno="142"><highlight class="normal"><sp/><sp/><sp/><sp/><sp/><sp/><sp/><sp/>[global::Microsoft.AspNetCore.Mvc.Razor.Internal.RazorInjectAttribute]</highlight></codeline>
<codeline lineno="143"><highlight class="normal"><sp/><sp/><sp/><sp/><sp/><sp/><sp/><sp/></highlight><highlight class="keyword">public</highlight><highlight class="normal"><sp/>global::Microsoft.AspNetCore.Mvc.Rendering.IHtmlHelper&lt;IEnumerable&lt;<ref refid="d8/d9d/namespaceprojektowaniaOprogramowania" kindref="compound">projektowaniaOprogramowania</ref>.<ref refid="da/dc5/namespaceprojektowaniaOprogramowania_1_1ViewModels" kindref="compound">ViewModels</ref>.<ref refid="d1/dc3/namespaceprojektowaniaOprogramowania_1_1ViewModels_1_1CollegeStructures" kindref="compound">CollegeStructures</ref>.<ref refid="dd/d2a/classprojektowaniaOprogramowania_1_1ViewModels_1_1CollegeStructures_1_1KierunekModel" kindref="compound">KierunekModel</ref>&gt;&gt;<sp/>Html<sp/>{<sp/></highlight><highlight class="keyword">get</highlight><highlight class="normal">;<sp/></highlight><highlight class="keyword">private</highlight><highlight class="normal"><sp/></highlight><highlight class="keyword">set</highlight><highlight class="normal">;<sp/>}</highlight></codeline>
<codeline lineno="144"><highlight class="normal"><sp/><sp/><sp/><sp/>}</highlight></codeline>
<codeline lineno="145"><highlight class="normal">}</highlight></codeline>
<codeline lineno="146"><highlight class="normal"></highlight><highlight class="preprocessor">#pragma<sp/>warning<sp/>restore<sp/>1591</highlight></codeline>
    </programlisting>
    <location file="obj/Debug/net5.0/Razor/Views/Shared/_KierunkiGrid.cshtml.g.cs"/>
  </compounddef>
</doxygen>
