<?xml version='1.0' encoding='UTF-8' standalone='no'?>
<doxygen xmlns:xsi="http://www.w3.org/2001/XMLSchema-instance" xsi:noNamespaceSchemaLocation="compound.xsd" version="1.10.0" xml:lang="en-US">
  <compounddef id="d6/de0/classprojektowaniaOprogramowania_1_1ViewModels_1_1CollegeStructures_1_1MiastoModel" kind="class" language="C#" prot="public">
    <compoundname>projektowaniaOprogramowania::ViewModels::CollegeStructures::MiastoModel</compoundname>
    <sectiondef kind="property">
      <memberdef kind="property" id="d6/de0/classprojektowaniaOprogramowania_1_1ViewModels_1_1CollegeStructures_1_1MiastoModel_1ad622f96bc38c60828b6fd50a255fb134" prot="public" static="no" readable="no" writable="no" gettable="yes" privategettable="no" protectedgettable="no" settable="yes" privatesettable="no" protectedsettable="no">
        <type>long</type>
        <definition>long projektowaniaOprogramowania.ViewModels.CollegeStructures.MiastoModel.Id</definition>
        <argsstring></argsstring>
        <name>Id</name>
        <qualifiedname>projektowaniaOprogramowania.ViewModels.CollegeStructures.MiastoModel.Id</qualifiedname>
        <briefdescription>
        </briefdescription>
        <detaileddescription>
        </detaileddescription>
        <inbodydescription>
        </inbodydescription>
        <location file="Models/CollegeStructures/MiastoModel.cs" line="11" column="21" bodyfile="Models/CollegeStructures/MiastoModel.cs" bodystart="11" bodyend="11"/>
      </memberdef>
      <memberdef kind="property" id="d6/de0/classprojektowaniaOprogramowania_1_1ViewModels_1_1CollegeStructures_1_1MiastoModel_1a0d55cecfa1fc70de791511e65e74fb56" prot="public" static="no" readable="no" writable="no" gettable="yes" privategettable="no" protectedgettable="no" settable="yes" privatesettable="no" protectedsettable="no">
        <type>string</type>
        <definition>string projektowaniaOprogramowania.ViewModels.CollegeStructures.MiastoModel.NazwaMiasta</definition>
        <argsstring></argsstring>
        <name>NazwaMiasta</name>
        <qualifiedname>projektowaniaOprogramowania.ViewModels.CollegeStructures.MiastoModel.NazwaMiasta</qualifiedname>
        <briefdescription>
        </briefdescription>
        <detaileddescription>
        </detaileddescription>
        <inbodydescription>
        </inbodydescription>
        <location file="Models/CollegeStructures/MiastoModel.cs" line="15" column="23" bodyfile="Models/CollegeStructures/MiastoModel.cs" bodystart="15" bodyend="15"/>
      </memberdef>
    </sectiondef>
    <briefdescription>
    </briefdescription>
    <detaileddescription>
    </detaileddescription>
    <location file="Models/CollegeStructures/MiastoModel.cs" line="7" column="11" bodyfile="Models/CollegeStructures/MiastoModel.cs" bodystart="8" bodyend="16"/>
    <listofallmembers>
      <member refid="d6/de0/classprojektowaniaOprogramowania_1_1ViewModels_1_1CollegeStructures_1_1MiastoModel_1ad622f96bc38c60828b6fd50a255fb134" prot="public" virt="non-virtual"><scope>projektowaniaOprogramowania::ViewModels::CollegeStructures::MiastoModel</scope><name>Id</name></member>
      <member refid="d6/de0/classprojektowaniaOprogramowania_1_1ViewModels_1_1CollegeStructures_1_1MiastoModel_1a0d55cecfa1fc70de791511e65e74fb56" prot="public" virt="non-virtual"><scope>projektowaniaOprogramowania::ViewModels::CollegeStructures::MiastoModel</scope><name>NazwaMiasta</name></member>
    </listofallmembers>
  </compounddef>
</doxygen>
