<?xml version='1.0' encoding='UTF-8' standalone='no'?>
<doxygen xmlns:xsi="http://www.w3.org/2001/XMLSchema-instance" xsi:noNamespaceSchemaLocation="compound.xsd" version="1.10.0" xml:lang="en-US">
  <compounddef id="d7/dbb/PodanieNaStudiaIIStopniaModel_8cs" kind="file" language="C#">
    <compoundname>PodanieNaStudiaIIStopniaModel.cs</compoundname>
    <innerclass refid="d5/da0/classprojektowaniaOprogramowania_1_1ViewModels_1_1PodanieNaStudiaIIStopniaModel" prot="public">projektowaniaOprogramowania::ViewModels::PodanieNaStudiaIIStopniaModel</innerclass>
    <innernamespace refid="d8/d9d/namespaceprojektowaniaOprogramowania">projektowaniaOprogramowania</innernamespace>
    <innernamespace refid="da/dc5/namespaceprojektowaniaOprogramowania_1_1ViewModels">projektowaniaOprogramowania::ViewModels</innernamespace>
    <briefdescription>
    </briefdescription>
    <detaileddescription>
    </detaileddescription>
    <programlisting>
<codeline lineno="1"><highlight class="keyword">using<sp/></highlight><highlight class="normal">System.ComponentModel.DataAnnotations.Schema;</highlight></codeline>
<codeline lineno="2"><highlight class="normal"></highlight><highlight class="keyword">using<sp/></highlight><highlight class="normal">System.ComponentModel.DataAnnotations;</highlight></codeline>
<codeline lineno="3"><highlight class="normal"></highlight></codeline>
<codeline lineno="4"><highlight class="normal"></highlight><highlight class="keyword">namespace<sp/></highlight><highlight class="normal"><ref refid="da/dc5/namespaceprojektowaniaOprogramowania_1_1ViewModels" kindref="compound">projektowaniaOprogramowania.ViewModels</ref></highlight></codeline>
<codeline lineno="5"><highlight class="normal">{</highlight></codeline>
<codeline lineno="6"><highlight class="normal"><sp/><sp/><sp/><sp/></highlight><highlight class="comment">//[Table(&quot;podania_na_II_stopien&quot;)]</highlight><highlight class="normal"></highlight></codeline>
<codeline lineno="7" refid="d5/da0/classprojektowaniaOprogramowania_1_1ViewModels_1_1PodanieNaStudiaIIStopniaModel" refkind="compound"><highlight class="normal"><sp/><sp/><sp/><sp/></highlight><highlight class="keyword">public</highlight><highlight class="normal"><sp/></highlight><highlight class="keyword">class<sp/></highlight><highlight class="normal"><ref refid="d5/da0/classprojektowaniaOprogramowania_1_1ViewModels_1_1PodanieNaStudiaIIStopniaModel" kindref="compound">PodanieNaStudiaIIStopniaModel</ref><sp/>:<sp/><ref refid="db/dbf/classprojektowaniaOprogramowania_1_1ViewModels_1_1PodanieKandydataModel" kindref="compound">PodanieKandydataModel</ref></highlight></codeline>
<codeline lineno="8"><highlight class="normal"><sp/><sp/><sp/><sp/>{</highlight></codeline>
<codeline lineno="9"><highlight class="normal"><sp/><sp/><sp/><sp/><sp/><sp/><sp/><sp/></highlight><highlight class="comment">/*</highlight></codeline>
<codeline lineno="10"><highlight class="comment"><sp/><sp/><sp/><sp/><sp/><sp/><sp/><sp/>[Key]</highlight></codeline>
<codeline lineno="11"><highlight class="comment"><sp/><sp/><sp/><sp/><sp/><sp/><sp/><sp/>[ForeignKey(&quot;PodanieKandydata&quot;)]</highlight></codeline>
<codeline lineno="12"><highlight class="comment"><sp/><sp/><sp/><sp/><sp/><sp/><sp/><sp/>public<sp/>long<sp/>PkFkIdPodanieKandydata<sp/>{<sp/>get;<sp/>set;<sp/>}</highlight></codeline>
<codeline lineno="13"><highlight class="comment"><sp/><sp/><sp/><sp/><sp/><sp/><sp/><sp/>public<sp/>PodanieKandydataViewModel<sp/>PodanieKandydata<sp/>{<sp/>get;<sp/>set;<sp/>}</highlight></codeline>
<codeline lineno="14"><highlight class="comment"><sp/><sp/><sp/><sp/><sp/><sp/><sp/><sp/>*/</highlight><highlight class="normal"></highlight></codeline>
<codeline lineno="15"><highlight class="normal"></highlight></codeline>
<codeline lineno="16"><highlight class="normal"><sp/><sp/><sp/><sp/><sp/><sp/><sp/><sp/>[Required]</highlight></codeline>
<codeline lineno="17"><highlight class="normal"><sp/><sp/><sp/><sp/><sp/><sp/><sp/><sp/></highlight><highlight class="keyword">public</highlight><highlight class="normal"><sp/></highlight><highlight class="keywordtype">float</highlight><highlight class="normal"><sp/>SredniaZTokuStudiow<sp/>{<sp/></highlight><highlight class="keyword">get</highlight><highlight class="normal">;<sp/></highlight><highlight class="keyword">set</highlight><highlight class="normal">;<sp/>}</highlight></codeline>
<codeline lineno="18"><highlight class="normal"></highlight></codeline>
<codeline lineno="19"><highlight class="normal"><sp/><sp/><sp/><sp/><sp/><sp/><sp/><sp/>[Required]</highlight></codeline>
<codeline lineno="20"><highlight class="normal"><sp/><sp/><sp/><sp/><sp/><sp/><sp/><sp/></highlight><highlight class="keyword">public</highlight><highlight class="normal"><sp/></highlight><highlight class="keywordtype">float</highlight><highlight class="normal"><sp/>OcenaZPracyDyplomowej<sp/>{<sp/></highlight><highlight class="keyword">get</highlight><highlight class="normal">;<sp/></highlight><highlight class="keyword">set</highlight><highlight class="normal">;<sp/>}</highlight></codeline>
<codeline lineno="21"><highlight class="normal"><sp/><sp/><sp/><sp/>}</highlight></codeline>
<codeline lineno="22"><highlight class="normal">}</highlight></codeline>
    </programlisting>
    <location file="Models/Other/PodanieNaStudiaIIStopniaModel.cs"/>
  </compounddef>
</doxygen>
