<?xml version='1.0' encoding='UTF-8' standalone='no'?>
<doxygen xmlns:xsi="http://www.w3.org/2001/XMLSchema-instance" xsi:noNamespaceSchemaLocation="compound.xsd" version="1.10.0" xml:lang="en-US">
  <compounddef id="d2/dde/namespaceprojektowaniaOprogramowania_1_1Migrations" kind="namespace" language="C#">
    <compoundname>projektowaniaOprogramowania::Migrations</compoundname>
    <innerclass refid="d7/dc7/classprojektowaniaOprogramowania_1_1Migrations_1_1Init" prot="public">projektowaniaOprogramowania::Migrations::Init</innerclass>
    <innerclass refid="da/d7d/classprojektowaniaOprogramowania_1_1Migrations_1_1MyDbContextModelSnapshot" prot="public">projektowaniaOprogramowania::Migrations::MyDbContextModelSnapshot</innerclass>
    <briefdescription>
    </briefdescription>
    <detaileddescription>
    </detaileddescription>
    <location file="Migrations/20240114094427_Init.cs" line="5" column="1"/>
  </compounddef>
</doxygen>
