<?xml version='1.0' encoding='UTF-8' standalone='no'?>
<doxygen xmlns:xsi="http://www.w3.org/2001/XMLSchema-instance" xsi:noNamespaceSchemaLocation="compound.xsd" version="1.10.0" xml:lang="en-US">
  <compounddef id="d8/d7e/ModelBuilderExtension_8cs" kind="file" language="C#">
    <compoundname>ModelBuilderExtension.cs</compoundname>
    <innerclass refid="dc/d7f/classprojektowaniaOprogramowania_1_1Models_1_1ModelBuilderExtension" prot="public">projektowaniaOprogramowania::Models::ModelBuilderExtension</innerclass>
    <innernamespace refid="d8/d9d/namespaceprojektowaniaOprogramowania">projektowaniaOprogramowania</innernamespace>
    <innernamespace refid="d6/d4b/namespaceprojektowaniaOprogramowania_1_1Models">projektowaniaOprogramowania::Models</innernamespace>
    <innernamespace refid="d5/d76/namespaceMicrosoft_1_1EntityFrameworkCore_1_1Metadata_1_1Internal">Microsoft::EntityFrameworkCore::Metadata::Internal</innernamespace>
    <briefdescription>
    </briefdescription>
    <detaileddescription>
    </detaileddescription>
    <programlisting>
<codeline lineno="1"><highlight class="keyword">using<sp/></highlight><highlight class="normal">System.ComponentModel.DataAnnotations.Schema;</highlight></codeline>
<codeline lineno="2"><highlight class="normal"></highlight><highlight class="keyword">using<sp/></highlight><highlight class="normal">System.ComponentModel.DataAnnotations;</highlight></codeline>
<codeline lineno="3"><highlight class="normal"></highlight><highlight class="keyword">using<sp/></highlight><highlight class="normal">System;</highlight></codeline>
<codeline lineno="4"><highlight class="normal"></highlight><highlight class="keyword">using<sp/></highlight><highlight class="normal">System.Collections.Generic;</highlight></codeline>
<codeline lineno="5"><highlight class="normal"></highlight><highlight class="keyword">using<sp/></highlight><highlight class="normal">Microsoft.EntityFrameworkCore;</highlight></codeline>
<codeline lineno="6"><highlight class="normal"></highlight><highlight class="keyword">using<sp/></highlight><highlight class="normal">Microsoft.EntityFrameworkCore.Metadata.Internal;</highlight></codeline>
<codeline lineno="7"><highlight class="normal"></highlight><highlight class="keyword">using<sp/></highlight><highlight class="normal"><ref refid="da/dc5/namespaceprojektowaniaOprogramowania_1_1ViewModels" kindref="compound">projektowaniaOprogramowania.ViewModels</ref>;</highlight></codeline>
<codeline lineno="8"><highlight class="normal"></highlight><highlight class="keyword">using<sp/></highlight><highlight class="normal"><ref refid="d9/dc8/namespaceprojektowaniaOprogramowania_1_1ViewModels_1_1Users" kindref="compound">projektowaniaOprogramowania.ViewModels.Users</ref>;</highlight></codeline>
<codeline lineno="9"><highlight class="normal"></highlight><highlight class="keyword">using<sp/></highlight><highlight class="normal"><ref refid="d1/dc3/namespaceprojektowaniaOprogramowania_1_1ViewModels_1_1CollegeStructures" kindref="compound">projektowaniaOprogramowania.ViewModels.CollegeStructures</ref>;</highlight></codeline>
<codeline lineno="10"><highlight class="normal"></highlight></codeline>
<codeline lineno="11"><highlight class="normal"></highlight><highlight class="keyword">namespace<sp/></highlight><highlight class="normal"><ref refid="d6/d4b/namespaceprojektowaniaOprogramowania_1_1Models" kindref="compound">projektowaniaOprogramowania.Models</ref></highlight></codeline>
<codeline lineno="12"><highlight class="normal">{</highlight></codeline>
<codeline lineno="13"><highlight class="normal"><sp/><sp/><sp/><sp/></highlight><highlight class="keyword">public</highlight><highlight class="normal"><sp/></highlight><highlight class="keyword">static</highlight><highlight class="normal"><sp/></highlight><highlight class="keyword">class<sp/></highlight><highlight class="normal">ModelBuilderExtension</highlight></codeline>
<codeline lineno="14"><highlight class="normal"><sp/><sp/><sp/><sp/>{</highlight></codeline>
<codeline lineno="15"><highlight class="normal"><sp/><sp/><sp/><sp/><sp/><sp/><sp/><sp/></highlight><highlight class="keyword">public</highlight><highlight class="normal"><sp/></highlight><highlight class="keyword">static</highlight><highlight class="normal"><sp/></highlight><highlight class="keywordtype">void</highlight><highlight class="normal"><sp/>Seed(</highlight><highlight class="keyword">this</highlight><highlight class="normal"><sp/>ModelBuilder<sp/>modelBuilder)</highlight></codeline>
<codeline lineno="16"><highlight class="normal"><sp/><sp/><sp/><sp/><sp/><sp/><sp/><sp/>{</highlight></codeline>
<codeline lineno="17"><highlight class="normal"><sp/><sp/><sp/><sp/><sp/><sp/><sp/><sp/><sp/><sp/><sp/><sp/>DefaultValuesCreator<sp/>creator<sp/>=<sp/></highlight><highlight class="keyword">new</highlight><highlight class="normal">();</highlight></codeline>
<codeline lineno="18"><highlight class="normal"></highlight></codeline>
<codeline lineno="19"><highlight class="normal"><sp/><sp/><sp/><sp/><sp/><sp/><sp/><sp/><sp/><sp/><sp/><sp/>modelBuilder.Entity&lt;<ref refid="db/de7/classprojektowaniaOprogramowania_1_1ViewModels_1_1RekrutacjaModel" kindref="compound">RekrutacjaModel</ref>&gt;().HasData(creator.Rekrutacje);</highlight></codeline>
<codeline lineno="20"><highlight class="normal"></highlight></codeline>
<codeline lineno="21"><highlight class="normal"><sp/><sp/><sp/><sp/><sp/><sp/><sp/><sp/><sp/><sp/><sp/><sp/>modelBuilder.Entity&lt;<ref refid="d6/da6/classprojektowaniaOprogramowania_1_1ViewModels_1_1Users_1_1KandydatModel" kindref="compound">KandydatModel</ref>&gt;().HasData(creator.Kandydaci);</highlight></codeline>
<codeline lineno="22"><highlight class="normal"></highlight></codeline>
<codeline lineno="23"><highlight class="normal"><sp/><sp/><sp/><sp/><sp/><sp/><sp/><sp/><sp/><sp/><sp/><sp/>modelBuilder.Entity&lt;<ref refid="d7/d00/classprojektowaniaOprogramowania_1_1ViewModels_1_1PrzedmiotModel" kindref="compound">PrzedmiotModel</ref>&gt;().HasData(creator.Przedmioty);</highlight></codeline>
<codeline lineno="24"><highlight class="normal"></highlight></codeline>
<codeline lineno="25"><highlight class="normal"><sp/><sp/><sp/><sp/><sp/><sp/><sp/><sp/><sp/><sp/><sp/><sp/>modelBuilder.Entity&lt;<ref refid="d1/d11/classprojektowaniaOprogramowania_1_1ViewModels_1_1KategoriaDorobkuModel" kindref="compound">KategoriaDorobkuModel</ref>&gt;().HasData(creator.KategorieDorobku);</highlight></codeline>
<codeline lineno="26"><highlight class="normal"></highlight></codeline>
<codeline lineno="27"><highlight class="normal"><sp/><sp/><sp/><sp/><sp/><sp/><sp/><sp/><sp/><sp/><sp/><sp/>modelBuilder.Entity&lt;<ref refid="d1/d07/classprojektowaniaOprogramowania_1_1ViewModels_1_1PrzelicznikPrzedmiotuModel" kindref="compound">PrzelicznikPrzedmiotuModel</ref>&gt;().HasData(creator.PrzelicznikiPrzedmiotow);</highlight></codeline>
<codeline lineno="28"><highlight class="normal"></highlight></codeline>
<codeline lineno="29"><highlight class="normal"><sp/><sp/><sp/><sp/><sp/><sp/><sp/><sp/><sp/><sp/><sp/><sp/>modelBuilder.Entity&lt;<ref refid="dc/df4/classprojektowaniaOprogramowania_1_1ViewModels_1_1PrzelicznikKierunkowyModel" kindref="compound">PrzelicznikKierunkowyModel</ref>&gt;().HasData(creator.PrzelicznikiKierunkowe);</highlight></codeline>
<codeline lineno="30"><highlight class="normal"></highlight></codeline>
<codeline lineno="31"><highlight class="normal"><sp/><sp/><sp/><sp/><sp/><sp/><sp/><sp/><sp/><sp/><sp/><sp/>modelBuilder.Entity&lt;<ref refid="dd/d0a/classprojektowaniaOprogramowania_1_1ViewModels_1_1PrzelicznikOsiagniecModel" kindref="compound">PrzelicznikOsiagniecModel</ref>&gt;().HasData(creator.PrzelicznikiOsiagniec);</highlight></codeline>
<codeline lineno="32"><highlight class="normal"></highlight></codeline>
<codeline lineno="33"><highlight class="normal"><sp/><sp/><sp/><sp/><sp/><sp/><sp/><sp/><sp/><sp/><sp/><sp/>modelBuilder.Entity&lt;<ref refid="d6/de0/classprojektowaniaOprogramowania_1_1ViewModels_1_1CollegeStructures_1_1MiastoModel" kindref="compound">MiastoModel</ref>&gt;().HasData(creator.Miasta);</highlight></codeline>
<codeline lineno="34"><highlight class="normal"></highlight></codeline>
<codeline lineno="35"><highlight class="normal"><sp/><sp/><sp/><sp/><sp/><sp/><sp/><sp/><sp/><sp/><sp/><sp/>modelBuilder.Entity&lt;<ref refid="de/d64/classprojektowaniaOprogramowania_1_1ViewModels_1_1KategoriaOsiagnieciaModel" kindref="compound">KategoriaOsiagnieciaModel</ref>&gt;().HasData(creator.KategorieOsiagniec);</highlight></codeline>
<codeline lineno="36"><highlight class="normal"></highlight></codeline>
<codeline lineno="37"><highlight class="normal"><sp/><sp/><sp/><sp/><sp/><sp/><sp/><sp/><sp/><sp/><sp/><sp/>modelBuilder.Entity&lt;<ref refid="df/d17/classprojektowaniaOprogramowania_1_1ViewModels_1_1CollegeStructures_1_1WydzialModel" kindref="compound">WydzialModel</ref>&gt;().HasData(creator.Wydzialy);</highlight></codeline>
<codeline lineno="38"><highlight class="normal"></highlight></codeline>
<codeline lineno="39"><highlight class="normal"><sp/><sp/><sp/><sp/><sp/><sp/><sp/><sp/><sp/><sp/><sp/><sp/>modelBuilder.Entity&lt;<ref refid="dd/d2a/classprojektowaniaOprogramowania_1_1ViewModels_1_1CollegeStructures_1_1KierunekModel" kindref="compound">KierunekModel</ref>&gt;().HasData(creator.Kierunki);</highlight></codeline>
<codeline lineno="40"><highlight class="normal"></highlight></codeline>
<codeline lineno="41"><highlight class="normal"><sp/><sp/><sp/><sp/><sp/><sp/><sp/><sp/><sp/><sp/><sp/><sp/>modelBuilder.Entity&lt;<ref refid="db/dbf/classprojektowaniaOprogramowania_1_1ViewModels_1_1PodanieKandydataModel" kindref="compound">PodanieKandydataModel</ref>&gt;().HasData(creator.PodaniaKandydata);</highlight></codeline>
<codeline lineno="42"><highlight class="normal"><sp/><sp/><sp/><sp/><sp/><sp/><sp/><sp/>}</highlight></codeline>
<codeline lineno="43"><highlight class="normal"><sp/><sp/><sp/><sp/>}</highlight></codeline>
<codeline lineno="44"><highlight class="normal">}</highlight></codeline>
    </programlisting>
    <location file="Models/ModelBuilderExtension.cs"/>
  </compounddef>
</doxygen>
