<?xml version='1.0' encoding='UTF-8' standalone='no'?>
<doxygen xmlns:xsi="http://www.w3.org/2001/XMLSchema-instance" xsi:noNamespaceSchemaLocation="compound.xsd" version="1.10.0" xml:lang="en-US">
  <compounddef id="da/d72/classprojektowaniaOprogramowania_1_1Models_1_1MyDbContext" kind="class" language="C#" prot="public">
    <compoundname>projektowaniaOprogramowania::Models::MyDbContext</compoundname>
    <basecompoundref prot="public" virt="non-virtual">DbContext</basecompoundref>
    <sectiondef kind="property">
      <memberdef kind="property" id="da/d72/classprojektowaniaOprogramowania_1_1Models_1_1MyDbContext_1ad936bed2752b603485cbddcdff624262" prot="public" static="no" readable="no" writable="no" gettable="yes" privategettable="no" protectedgettable="no" settable="yes" privatesettable="no" protectedsettable="no">
        <type>DbSet&lt; <ref refid="d4/dad/classprojektowaniaOprogramowania_1_1ViewModels_1_1Users_1_1OsobaModel" kindref="compound">OsobaModel</ref> &gt;</type>
        <definition>virtual DbSet&lt;OsobaModel&gt; projektowaniaOprogramowania.Models.MyDbContext.Osoby</definition>
        <argsstring></argsstring>
        <name>Osoby</name>
        <qualifiedname>projektowaniaOprogramowania.Models.MyDbContext.Osoby</qualifiedname>
        <briefdescription>
        </briefdescription>
        <detaileddescription>
        </detaileddescription>
        <inbodydescription>
        </inbodydescription>
        <location file="Models/MyDbContext.cs" line="13" column="30" bodyfile="Models/MyDbContext.cs" bodystart="13" bodyend="13"/>
      </memberdef>
      <memberdef kind="property" id="da/d72/classprojektowaniaOprogramowania_1_1Models_1_1MyDbContext_1ad6990f400d5809c7f5a2cbda8e3959f8" prot="public" static="no" readable="no" writable="no" gettable="yes" privategettable="no" protectedgettable="no" settable="yes" privatesettable="no" protectedsettable="no">
        <type>DbSet&lt; <ref refid="d6/da6/classprojektowaniaOprogramowania_1_1ViewModels_1_1Users_1_1KandydatModel" kindref="compound">KandydatModel</ref> &gt;</type>
        <definition>virtual DbSet&lt;KandydatModel&gt; projektowaniaOprogramowania.Models.MyDbContext.Kandydaci</definition>
        <argsstring></argsstring>
        <name>Kandydaci</name>
        <qualifiedname>projektowaniaOprogramowania.Models.MyDbContext.Kandydaci</qualifiedname>
        <briefdescription>
        </briefdescription>
        <detaileddescription>
        </detaileddescription>
        <inbodydescription>
        </inbodydescription>
        <location file="Models/MyDbContext.cs" line="14" column="22" bodyfile="Models/MyDbContext.cs" bodystart="14" bodyend="14"/>
      </memberdef>
      <memberdef kind="property" id="da/d72/classprojektowaniaOprogramowania_1_1Models_1_1MyDbContext_1a6741ecd3173dccc25add71ba0b538081" prot="public" static="no" readable="no" writable="no" gettable="yes" privategettable="no" protectedgettable="no" settable="yes" privatesettable="no" protectedsettable="no">
        <type>DbSet&lt; <ref refid="da/d6f/classprojektowaniaOprogramowania_1_1ViewModels_1_1Users_1_1PracownikModel" kindref="compound">PracownikModel</ref> &gt;</type>
        <definition>virtual DbSet&lt;PracownikModel&gt; projektowaniaOprogramowania.Models.MyDbContext.Pracownicy</definition>
        <argsstring></argsstring>
        <name>Pracownicy</name>
        <qualifiedname>projektowaniaOprogramowania.Models.MyDbContext.Pracownicy</qualifiedname>
        <briefdescription>
        </briefdescription>
        <detaileddescription>
        </detaileddescription>
        <inbodydescription>
        </inbodydescription>
        <location file="Models/MyDbContext.cs" line="15" column="22" bodyfile="Models/MyDbContext.cs" bodystart="15" bodyend="15"/>
      </memberdef>
      <memberdef kind="property" id="da/d72/classprojektowaniaOprogramowania_1_1Models_1_1MyDbContext_1aa8304d29fcfa65baa9e058b9eea1cc75" prot="public" static="no" readable="no" writable="no" gettable="yes" privategettable="no" protectedgettable="no" settable="yes" privatesettable="no" protectedsettable="no">
        <type>DbSet&lt; <ref refid="db/de7/classprojektowaniaOprogramowania_1_1ViewModels_1_1RekrutacjaModel" kindref="compound">RekrutacjaModel</ref> &gt;</type>
        <definition>virtual DbSet&lt;RekrutacjaModel&gt; projektowaniaOprogramowania.Models.MyDbContext.Rekrutacje</definition>
        <argsstring></argsstring>
        <name>Rekrutacje</name>
        <qualifiedname>projektowaniaOprogramowania.Models.MyDbContext.Rekrutacje</qualifiedname>
        <briefdescription>
        </briefdescription>
        <detaileddescription>
        </detaileddescription>
        <inbodydescription>
        </inbodydescription>
        <location file="Models/MyDbContext.cs" line="16" column="22" bodyfile="Models/MyDbContext.cs" bodystart="16" bodyend="16"/>
      </memberdef>
      <memberdef kind="property" id="da/d72/classprojektowaniaOprogramowania_1_1Models_1_1MyDbContext_1a6dee31d127fd8c89fc393ab8b156744b" prot="public" static="no" readable="no" writable="no" gettable="yes" privategettable="no" protectedgettable="no" settable="yes" privatesettable="no" protectedsettable="no">
        <type>DbSet&lt; <ref refid="de/d64/classprojektowaniaOprogramowania_1_1ViewModels_1_1KategoriaOsiagnieciaModel" kindref="compound">KategoriaOsiagnieciaModel</ref> &gt;</type>
        <definition>virtual DbSet&lt;KategoriaOsiagnieciaModel&gt; projektowaniaOprogramowania.Models.MyDbContext.KategorieOsiagniec</definition>
        <argsstring></argsstring>
        <name>KategorieOsiagniec</name>
        <qualifiedname>projektowaniaOprogramowania.Models.MyDbContext.KategorieOsiagniec</qualifiedname>
        <briefdescription>
        </briefdescription>
        <detaileddescription>
        </detaileddescription>
        <inbodydescription>
        </inbodydescription>
        <location file="Models/MyDbContext.cs" line="17" column="22" bodyfile="Models/MyDbContext.cs" bodystart="17" bodyend="17"/>
      </memberdef>
      <memberdef kind="property" id="da/d72/classprojektowaniaOprogramowania_1_1Models_1_1MyDbContext_1a68f3f7de11a2962612da19d24dbc873d" prot="public" static="no" readable="no" writable="no" gettable="yes" privategettable="no" protectedgettable="no" settable="yes" privatesettable="no" protectedsettable="no">
        <type>DbSet&lt; <ref refid="de/d4a/classprojektowaniaOprogramowania_1_1ViewModels_1_1DodatkoweOsiagniecieModel" kindref="compound">DodatkoweOsiagniecieModel</ref> &gt;</type>
        <definition>virtual DbSet&lt;DodatkoweOsiagniecieModel&gt; projektowaniaOprogramowania.Models.MyDbContext.DodatkoweOsiagniecia</definition>
        <argsstring></argsstring>
        <name>DodatkoweOsiagniecia</name>
        <qualifiedname>projektowaniaOprogramowania.Models.MyDbContext.DodatkoweOsiagniecia</qualifiedname>
        <briefdescription>
        </briefdescription>
        <detaileddescription>
        </detaileddescription>
        <inbodydescription>
        </inbodydescription>
        <location file="Models/MyDbContext.cs" line="18" column="22" bodyfile="Models/MyDbContext.cs" bodystart="18" bodyend="18"/>
      </memberdef>
      <memberdef kind="property" id="da/d72/classprojektowaniaOprogramowania_1_1Models_1_1MyDbContext_1a0e0da1d8c5f2ca1f1eff6d414028a3e5" prot="public" static="no" readable="no" writable="no" gettable="yes" privategettable="no" protectedgettable="no" settable="yes" privatesettable="no" protectedsettable="no">
        <type>DbSet&lt; <ref refid="d4/d0e/classprojektowaniaOprogramowania_1_1ViewModels_1_1DorobekNaukowyModel" kindref="compound">DorobekNaukowyModel</ref> &gt;</type>
        <definition>virtual DbSet&lt;DorobekNaukowyModel&gt; projektowaniaOprogramowania.Models.MyDbContext.DorobkiNaukowe</definition>
        <argsstring></argsstring>
        <name>DorobkiNaukowe</name>
        <qualifiedname>projektowaniaOprogramowania.Models.MyDbContext.DorobkiNaukowe</qualifiedname>
        <briefdescription>
        </briefdescription>
        <detaileddescription>
        </detaileddescription>
        <inbodydescription>
        </inbodydescription>
        <location file="Models/MyDbContext.cs" line="19" column="22" bodyfile="Models/MyDbContext.cs" bodystart="19" bodyend="19"/>
      </memberdef>
      <memberdef kind="property" id="da/d72/classprojektowaniaOprogramowania_1_1Models_1_1MyDbContext_1a319fc7e80979da69eae977a1f4dc1315" prot="public" static="no" readable="no" writable="no" gettable="yes" privategettable="no" protectedgettable="no" settable="yes" privatesettable="no" protectedsettable="no">
        <type>DbSet&lt; <ref refid="d1/d11/classprojektowaniaOprogramowania_1_1ViewModels_1_1KategoriaDorobkuModel" kindref="compound">KategoriaDorobkuModel</ref> &gt;</type>
        <definition>virtual DbSet&lt;KategoriaDorobkuModel&gt; projektowaniaOprogramowania.Models.MyDbContext.KategorieDorobku</definition>
        <argsstring></argsstring>
        <name>KategorieDorobku</name>
        <qualifiedname>projektowaniaOprogramowania.Models.MyDbContext.KategorieDorobku</qualifiedname>
        <briefdescription>
        </briefdescription>
        <detaileddescription>
        </detaileddescription>
        <inbodydescription>
        </inbodydescription>
        <location file="Models/MyDbContext.cs" line="20" column="22" bodyfile="Models/MyDbContext.cs" bodystart="20" bodyend="20"/>
      </memberdef>
      <memberdef kind="property" id="da/d72/classprojektowaniaOprogramowania_1_1Models_1_1MyDbContext_1a1821566856e59e294ddf8f70152ef98c" prot="public" static="no" readable="no" writable="no" gettable="yes" privategettable="no" protectedgettable="no" settable="yes" privatesettable="no" protectedsettable="no">
        <type>DbSet&lt; <ref refid="d6/de0/classprojektowaniaOprogramowania_1_1ViewModels_1_1CollegeStructures_1_1MiastoModel" kindref="compound">MiastoModel</ref> &gt;</type>
        <definition>virtual DbSet&lt;MiastoModel&gt; projektowaniaOprogramowania.Models.MyDbContext.Miasta</definition>
        <argsstring></argsstring>
        <name>Miasta</name>
        <qualifiedname>projektowaniaOprogramowania.Models.MyDbContext.Miasta</qualifiedname>
        <briefdescription>
        </briefdescription>
        <detaileddescription>
        </detaileddescription>
        <inbodydescription>
        </inbodydescription>
        <location file="Models/MyDbContext.cs" line="21" column="22" bodyfile="Models/MyDbContext.cs" bodystart="21" bodyend="21"/>
      </memberdef>
      <memberdef kind="property" id="da/d72/classprojektowaniaOprogramowania_1_1Models_1_1MyDbContext_1af899e9a385ccf45609f66fcae8be39ca" prot="public" static="no" readable="no" writable="no" gettable="yes" privategettable="no" protectedgettable="no" settable="yes" privatesettable="no" protectedsettable="no">
        <type>DbSet&lt; <ref refid="df/d17/classprojektowaniaOprogramowania_1_1ViewModels_1_1CollegeStructures_1_1WydzialModel" kindref="compound">WydzialModel</ref> &gt;</type>
        <definition>virtual DbSet&lt;WydzialModel&gt; projektowaniaOprogramowania.Models.MyDbContext.Wydzialy</definition>
        <argsstring></argsstring>
        <name>Wydzialy</name>
        <qualifiedname>projektowaniaOprogramowania.Models.MyDbContext.Wydzialy</qualifiedname>
        <briefdescription>
        </briefdescription>
        <detaileddescription>
        </detaileddescription>
        <inbodydescription>
        </inbodydescription>
        <location file="Models/MyDbContext.cs" line="22" column="22" bodyfile="Models/MyDbContext.cs" bodystart="22" bodyend="22"/>
      </memberdef>
      <memberdef kind="property" id="da/d72/classprojektowaniaOprogramowania_1_1Models_1_1MyDbContext_1a290eee77f99dbe8b5e3be273f7ac1bdc" prot="public" static="no" readable="no" writable="no" gettable="yes" privategettable="no" protectedgettable="no" settable="yes" privatesettable="no" protectedsettable="no">
        <type>DbSet&lt; <ref refid="dd/d2a/classprojektowaniaOprogramowania_1_1ViewModels_1_1CollegeStructures_1_1KierunekModel" kindref="compound">KierunekModel</ref> &gt;</type>
        <definition>virtual DbSet&lt;KierunekModel&gt; projektowaniaOprogramowania.Models.MyDbContext.Kierunki</definition>
        <argsstring></argsstring>
        <name>Kierunki</name>
        <qualifiedname>projektowaniaOprogramowania.Models.MyDbContext.Kierunki</qualifiedname>
        <briefdescription>
        </briefdescription>
        <detaileddescription>
        </detaileddescription>
        <inbodydescription>
        </inbodydescription>
        <location file="Models/MyDbContext.cs" line="23" column="22" bodyfile="Models/MyDbContext.cs" bodystart="23" bodyend="23"/>
      </memberdef>
      <memberdef kind="property" id="da/d72/classprojektowaniaOprogramowania_1_1Models_1_1MyDbContext_1a7fc8d568d68fe72e95e716543a4dd26c" prot="public" static="no" readable="no" writable="no" gettable="yes" privategettable="no" protectedgettable="no" settable="yes" privatesettable="no" protectedsettable="no">
        <type>DbSet&lt; <ref refid="d5/da0/classprojektowaniaOprogramowania_1_1ViewModels_1_1PodanieNaStudiaIIStopniaModel" kindref="compound">PodanieNaStudiaIIStopniaModel</ref> &gt;</type>
        <definition>virtual DbSet&lt;PodanieNaStudiaIIStopniaModel&gt; projektowaniaOprogramowania.Models.MyDbContext.PodaniaNaIIStopien</definition>
        <argsstring></argsstring>
        <name>PodaniaNaIIStopien</name>
        <qualifiedname>projektowaniaOprogramowania.Models.MyDbContext.PodaniaNaIIStopien</qualifiedname>
        <briefdescription>
        </briefdescription>
        <detaileddescription>
        </detaileddescription>
        <inbodydescription>
        </inbodydescription>
        <location file="Models/MyDbContext.cs" line="24" column="22" bodyfile="Models/MyDbContext.cs" bodystart="24" bodyend="24"/>
      </memberdef>
      <memberdef kind="property" id="da/d72/classprojektowaniaOprogramowania_1_1Models_1_1MyDbContext_1a84554051751d7547513aec2b1ab42687" prot="public" static="no" readable="no" writable="no" gettable="yes" privategettable="no" protectedgettable="no" settable="yes" privatesettable="no" protectedsettable="no">
        <type>DbSet&lt; <ref refid="df/dc3/classprojektowaniaOprogramowania_1_1ViewModels_1_1MaturaModel" kindref="compound">MaturaModel</ref> &gt;</type>
        <definition>virtual DbSet&lt;MaturaModel&gt; projektowaniaOprogramowania.Models.MyDbContext.Matury</definition>
        <argsstring></argsstring>
        <name>Matury</name>
        <qualifiedname>projektowaniaOprogramowania.Models.MyDbContext.Matury</qualifiedname>
        <briefdescription>
        </briefdescription>
        <detaileddescription>
        </detaileddescription>
        <inbodydescription>
        </inbodydescription>
        <location file="Models/MyDbContext.cs" line="25" column="22" bodyfile="Models/MyDbContext.cs" bodystart="25" bodyend="25"/>
      </memberdef>
      <memberdef kind="property" id="da/d72/classprojektowaniaOprogramowania_1_1Models_1_1MyDbContext_1a8fc2859e99a4c2bfc01e31b541a3e3a8" prot="public" static="no" readable="no" writable="no" gettable="yes" privategettable="no" protectedgettable="no" settable="yes" privatesettable="no" protectedsettable="no">
        <type>DbSet&lt; <ref refid="dd/d59/classprojektowaniaOprogramowania_1_1ViewModels_1_1OcenaModel" kindref="compound">OcenaModel</ref> &gt;</type>
        <definition>virtual DbSet&lt;OcenaModel&gt; projektowaniaOprogramowania.Models.MyDbContext.Oceny</definition>
        <argsstring></argsstring>
        <name>Oceny</name>
        <qualifiedname>projektowaniaOprogramowania.Models.MyDbContext.Oceny</qualifiedname>
        <briefdescription>
        </briefdescription>
        <detaileddescription>
        </detaileddescription>
        <inbodydescription>
        </inbodydescription>
        <location file="Models/MyDbContext.cs" line="26" column="22" bodyfile="Models/MyDbContext.cs" bodystart="26" bodyend="26"/>
      </memberdef>
      <memberdef kind="property" id="da/d72/classprojektowaniaOprogramowania_1_1Models_1_1MyDbContext_1a2859587046b5f9085c134dd9e50c38a5" prot="public" static="no" readable="no" writable="no" gettable="yes" privategettable="no" protectedgettable="no" settable="yes" privatesettable="no" protectedsettable="no">
        <type>DbSet&lt; <ref refid="d7/d00/classprojektowaniaOprogramowania_1_1ViewModels_1_1PrzedmiotModel" kindref="compound">PrzedmiotModel</ref> &gt;</type>
        <definition>virtual DbSet&lt;PrzedmiotModel&gt; projektowaniaOprogramowania.Models.MyDbContext.Przedmioty</definition>
        <argsstring></argsstring>
        <name>Przedmioty</name>
        <qualifiedname>projektowaniaOprogramowania.Models.MyDbContext.Przedmioty</qualifiedname>
        <briefdescription>
        </briefdescription>
        <detaileddescription>
        </detaileddescription>
        <inbodydescription>
        </inbodydescription>
        <location file="Models/MyDbContext.cs" line="27" column="22" bodyfile="Models/MyDbContext.cs" bodystart="27" bodyend="27"/>
      </memberdef>
      <memberdef kind="property" id="da/d72/classprojektowaniaOprogramowania_1_1Models_1_1MyDbContext_1a5fb27cf5d48a59ef92a399d9e9bb8a75" prot="public" static="no" readable="no" writable="no" gettable="yes" privategettable="no" protectedgettable="no" settable="yes" privatesettable="no" protectedsettable="no">
        <type>DbSet&lt; <ref refid="da/d3d/classprojektowaniaOprogramowania_1_1ViewModels_1_1KierunekNaPodaniuModel" kindref="compound">KierunekNaPodaniuModel</ref> &gt;</type>
        <definition>virtual DbSet&lt;KierunekNaPodaniuModel&gt; projektowaniaOprogramowania.Models.MyDbContext.KierunkiNaPodaniu</definition>
        <argsstring></argsstring>
        <name>KierunkiNaPodaniu</name>
        <qualifiedname>projektowaniaOprogramowania.Models.MyDbContext.KierunkiNaPodaniu</qualifiedname>
        <briefdescription>
        </briefdescription>
        <detaileddescription>
        </detaileddescription>
        <inbodydescription>
        </inbodydescription>
        <location file="Models/MyDbContext.cs" line="28" column="22" bodyfile="Models/MyDbContext.cs" bodystart="28" bodyend="28"/>
      </memberdef>
      <memberdef kind="property" id="da/d72/classprojektowaniaOprogramowania_1_1Models_1_1MyDbContext_1a87dd3d551393f07a7f8595335b2e9924" prot="public" static="no" readable="no" writable="no" gettable="yes" privategettable="no" protectedgettable="no" settable="yes" privatesettable="no" protectedsettable="no">
        <type>DbSet&lt; <ref refid="dc/df4/classprojektowaniaOprogramowania_1_1ViewModels_1_1PrzelicznikKierunkowyModel" kindref="compound">PrzelicznikKierunkowyModel</ref> &gt;</type>
        <definition>virtual DbSet&lt;PrzelicznikKierunkowyModel&gt; projektowaniaOprogramowania.Models.MyDbContext.PrzelicznikiKierunkowe</definition>
        <argsstring></argsstring>
        <name>PrzelicznikiKierunkowe</name>
        <qualifiedname>projektowaniaOprogramowania.Models.MyDbContext.PrzelicznikiKierunkowe</qualifiedname>
        <briefdescription>
        </briefdescription>
        <detaileddescription>
        </detaileddescription>
        <inbodydescription>
        </inbodydescription>
        <location file="Models/MyDbContext.cs" line="29" column="22" bodyfile="Models/MyDbContext.cs" bodystart="29" bodyend="29"/>
      </memberdef>
      <memberdef kind="property" id="da/d72/classprojektowaniaOprogramowania_1_1Models_1_1MyDbContext_1a7a45d5f4dff97f1bffeda1f036f6b600" prot="public" static="no" readable="no" writable="no" gettable="yes" privategettable="no" protectedgettable="no" settable="yes" privatesettable="no" protectedsettable="no">
        <type>DbSet&lt; <ref refid="dd/d0a/classprojektowaniaOprogramowania_1_1ViewModels_1_1PrzelicznikOsiagniecModel" kindref="compound">PrzelicznikOsiagniecModel</ref> &gt;</type>
        <definition>virtual DbSet&lt;PrzelicznikOsiagniecModel&gt; projektowaniaOprogramowania.Models.MyDbContext.PrzelicznikiOsiagniec</definition>
        <argsstring></argsstring>
        <name>PrzelicznikiOsiagniec</name>
        <qualifiedname>projektowaniaOprogramowania.Models.MyDbContext.PrzelicznikiOsiagniec</qualifiedname>
        <briefdescription>
        </briefdescription>
        <detaileddescription>
        </detaileddescription>
        <inbodydescription>
        </inbodydescription>
        <location file="Models/MyDbContext.cs" line="30" column="22" bodyfile="Models/MyDbContext.cs" bodystart="30" bodyend="30"/>
      </memberdef>
      <memberdef kind="property" id="da/d72/classprojektowaniaOprogramowania_1_1Models_1_1MyDbContext_1ad26651286e43542752bf9b6caeb4a6f1" prot="public" static="no" readable="no" writable="no" gettable="yes" privategettable="no" protectedgettable="no" settable="yes" privatesettable="no" protectedsettable="no">
        <type>DbSet&lt; <ref refid="dd/d10/classprojektowaniaOprogramowania_1_1ViewModels_1_1PrzelicznikDorobkuModel" kindref="compound">PrzelicznikDorobkuModel</ref> &gt;</type>
        <definition>virtual DbSet&lt;PrzelicznikDorobkuModel&gt; projektowaniaOprogramowania.Models.MyDbContext.PrzelicznikiDorobku</definition>
        <argsstring></argsstring>
        <name>PrzelicznikiDorobku</name>
        <qualifiedname>projektowaniaOprogramowania.Models.MyDbContext.PrzelicznikiDorobku</qualifiedname>
        <briefdescription>
        </briefdescription>
        <detaileddescription>
        </detaileddescription>
        <inbodydescription>
        </inbodydescription>
        <location file="Models/MyDbContext.cs" line="31" column="22" bodyfile="Models/MyDbContext.cs" bodystart="31" bodyend="31"/>
      </memberdef>
      <memberdef kind="property" id="da/d72/classprojektowaniaOprogramowania_1_1Models_1_1MyDbContext_1a90e8842b03b9fff7e556fa30420cd373" prot="public" static="no" readable="no" writable="no" gettable="yes" privategettable="no" protectedgettable="no" settable="yes" privatesettable="no" protectedsettable="no">
        <type>DbSet&lt; <ref refid="d1/d07/classprojektowaniaOprogramowania_1_1ViewModels_1_1PrzelicznikPrzedmiotuModel" kindref="compound">PrzelicznikPrzedmiotuModel</ref> &gt;</type>
        <definition>virtual DbSet&lt;PrzelicznikPrzedmiotuModel&gt; projektowaniaOprogramowania.Models.MyDbContext.PrzelicznikiPrzedmiotow</definition>
        <argsstring></argsstring>
        <name>PrzelicznikiPrzedmiotow</name>
        <qualifiedname>projektowaniaOprogramowania.Models.MyDbContext.PrzelicznikiPrzedmiotow</qualifiedname>
        <briefdescription>
        </briefdescription>
        <detaileddescription>
        </detaileddescription>
        <inbodydescription>
        </inbodydescription>
        <location file="Models/MyDbContext.cs" line="32" column="22" bodyfile="Models/MyDbContext.cs" bodystart="32" bodyend="32"/>
      </memberdef>
      <memberdef kind="property" id="da/d72/classprojektowaniaOprogramowania_1_1Models_1_1MyDbContext_1a53fdadf037ed1a1ac4cd6e698e7e191d" prot="public" static="no" readable="no" writable="no" gettable="yes" privategettable="no" protectedgettable="no" settable="yes" privatesettable="no" protectedsettable="no">
        <type>DbSet&lt; <ref refid="d8/d22/classprojektowaniaOprogramowania_1_1ViewModels_1_1PodanieNaStudiaIStopniaModel" kindref="compound">PodanieNaStudiaIStopniaModel</ref> &gt;</type>
        <definition>virtual DbSet&lt;PodanieNaStudiaIStopniaModel&gt; projektowaniaOprogramowania.Models.MyDbContext.PodaniaNaIStopien</definition>
        <argsstring></argsstring>
        <name>PodaniaNaIStopien</name>
        <qualifiedname>projektowaniaOprogramowania.Models.MyDbContext.PodaniaNaIStopien</qualifiedname>
        <briefdescription>
        </briefdescription>
        <detaileddescription>
        </detaileddescription>
        <inbodydescription>
        </inbodydescription>
        <location file="Models/MyDbContext.cs" line="33" column="22" bodyfile="Models/MyDbContext.cs" bodystart="33" bodyend="33"/>
      </memberdef>
      <memberdef kind="property" id="da/d72/classprojektowaniaOprogramowania_1_1Models_1_1MyDbContext_1a3d0f21de2ea932b13923e0768f40c04b" prot="public" static="no" readable="no" writable="no" gettable="yes" privategettable="no" protectedgettable="no" settable="yes" privatesettable="no" protectedsettable="no">
        <type>DbSet&lt; <ref refid="de/d1b/classprojektowaniaOprogramowania_1_1ViewModels_1_1Users_1_1PracownikDzialuRekrutacjiModel" kindref="compound">PracownikDzialuRekrutacjiModel</ref> &gt;</type>
        <definition>virtual DbSet&lt;PracownikDzialuRekrutacjiModel&gt; projektowaniaOprogramowania.Models.MyDbContext.PracownicyDzialuRekrutacji</definition>
        <argsstring></argsstring>
        <name>PracownicyDzialuRekrutacji</name>
        <qualifiedname>projektowaniaOprogramowania.Models.MyDbContext.PracownicyDzialuRekrutacji</qualifiedname>
        <briefdescription>
        </briefdescription>
        <detaileddescription>
        </detaileddescription>
        <inbodydescription>
        </inbodydescription>
        <location file="Models/MyDbContext.cs" line="34" column="22" bodyfile="Models/MyDbContext.cs" bodystart="34" bodyend="34"/>
      </memberdef>
      <memberdef kind="property" id="da/d72/classprojektowaniaOprogramowania_1_1Models_1_1MyDbContext_1a11867cab73ce576565815f57b01e0c9b" prot="public" static="no" readable="no" writable="no" gettable="yes" privategettable="no" protectedgettable="no" settable="yes" privatesettable="no" protectedsettable="no">
        <type>DbSet&lt; <ref refid="d4/d15/classprojektowaniaOprogramowania_1_1Models_1_1Other_1_1PracownikDzialuRekrutacjiNaPodanieKandydataModel" kindref="compound">PracownikDzialuRekrutacjiNaPodanieKandydataModel</ref> &gt;</type>
        <definition>virtual DbSet&lt;PracownikDzialuRekrutacjiNaPodanieKandydataModel&gt; projektowaniaOprogramowania.Models.MyDbContext.PracownicyDzialuRekrutacjiNaPodaniaKandydatow</definition>
        <argsstring></argsstring>
        <name>PracownicyDzialuRekrutacjiNaPodaniaKandydatow</name>
        <qualifiedname>projektowaniaOprogramowania.Models.MyDbContext.PracownicyDzialuRekrutacjiNaPodaniaKandydatow</qualifiedname>
        <briefdescription>
        </briefdescription>
        <detaileddescription>
        </detaileddescription>
        <inbodydescription>
        </inbodydescription>
        <location file="Models/MyDbContext.cs" line="35" column="22" bodyfile="Models/MyDbContext.cs" bodystart="35" bodyend="35"/>
      </memberdef>
      <memberdef kind="property" id="da/d72/classprojektowaniaOprogramowania_1_1Models_1_1MyDbContext_1a67de6ded2036fc4206f74948bfc3d7c2" prot="public" static="no" readable="no" writable="no" gettable="yes" privategettable="no" protectedgettable="no" settable="yes" privatesettable="no" protectedsettable="no">
        <type>DbSet&lt; <ref refid="db/dbf/classprojektowaniaOprogramowania_1_1ViewModels_1_1PodanieKandydataModel" kindref="compound">PodanieKandydataModel</ref> &gt;</type>
        <definition>virtual DbSet&lt;PodanieKandydataModel&gt; projektowaniaOprogramowania.Models.MyDbContext.PodaniaKandydatow</definition>
        <argsstring></argsstring>
        <name>PodaniaKandydatow</name>
        <qualifiedname>projektowaniaOprogramowania.Models.MyDbContext.PodaniaKandydatow</qualifiedname>
        <briefdescription>
        </briefdescription>
        <detaileddescription>
        </detaileddescription>
        <inbodydescription>
        </inbodydescription>
        <location file="Models/MyDbContext.cs" line="36" column="22" bodyfile="Models/MyDbContext.cs" bodystart="36" bodyend="36"/>
      </memberdef>
    </sectiondef>
    <sectiondef kind="public-func">
      <memberdef kind="function" id="da/d72/classprojektowaniaOprogramowania_1_1Models_1_1MyDbContext_1a5d6e164d5f7c9b98c1a4d51713e0c51d" prot="public" static="no" const="no" explicit="no" inline="yes" virt="non-virtual">
        <type></type>
        <definition>projektowaniaOprogramowania.Models.MyDbContext.MyDbContext</definition>
        <argsstring>(DbContextOptions&lt; MyDbContext &gt; options)</argsstring>
        <name>MyDbContext</name>
        <qualifiedname>projektowaniaOprogramowania.Models.MyDbContext.MyDbContext</qualifiedname>
        <param>
          <type>DbContextOptions&lt; <ref refid="da/d72/classprojektowaniaOprogramowania_1_1Models_1_1MyDbContext" kindref="compound">MyDbContext</ref> &gt;</type>
          <declname>options</declname>
        </param>
        <briefdescription>
        </briefdescription>
        <detaileddescription>
        </detaileddescription>
        <inbodydescription>
        </inbodydescription>
        <location file="Models/MyDbContext.cs" line="37" column="8" bodyfile="Models/MyDbContext.cs" bodystart="37" bodyend="39"/>
      </memberdef>
    </sectiondef>
    <sectiondef kind="protected-func">
      <memberdef kind="function" id="da/d72/classprojektowaniaOprogramowania_1_1Models_1_1MyDbContext_1a990691389de1677b23679e984f03c1c5" prot="protected" static="no" const="no" explicit="no" inline="yes" virt="non-virtual">
        <type>override void</type>
        <definition>override void projektowaniaOprogramowania.Models.MyDbContext.OnModelCreating</definition>
        <argsstring>(ModelBuilder modelBuilder)</argsstring>
        <name>OnModelCreating</name>
        <qualifiedname>projektowaniaOprogramowania.Models.MyDbContext.OnModelCreating</qualifiedname>
        <param>
          <type>ModelBuilder</type>
          <declname>modelBuilder</declname>
        </param>
        <briefdescription>
        </briefdescription>
        <detaileddescription>
        </detaileddescription>
        <inbodydescription>
        </inbodydescription>
        <location file="Models/MyDbContext.cs" line="41" column="25" bodyfile="Models/MyDbContext.cs" bodystart="41" bodyend="78"/>
      </memberdef>
    </sectiondef>
    <briefdescription>
    </briefdescription>
    <detaileddescription>
    </detaileddescription>
    <inheritancegraph>
      <node id="2">
        <label>DbContext</label>
      </node>
      <node id="1">
        <label>projektowaniaOprogramowania.Models.MyDbContext</label>
        <link refid="da/d72/classprojektowaniaOprogramowania_1_1Models_1_1MyDbContext"/>
        <childnode refid="2" relation="public-inheritance">
        </childnode>
      </node>
    </inheritancegraph>
    <collaborationgraph>
      <node id="2">
        <label>DbContext</label>
      </node>
      <node id="1">
        <label>projektowaniaOprogramowania.Models.MyDbContext</label>
        <link refid="da/d72/classprojektowaniaOprogramowania_1_1Models_1_1MyDbContext"/>
        <childnode refid="2" relation="public-inheritance">
        </childnode>
      </node>
    </collaborationgraph>
    <location file="Models/MyDbContext.cs" line="10" column="11" bodyfile="Models/MyDbContext.cs" bodystart="11" bodyend="79"/>
    <listofallmembers>
      <member refid="da/d72/classprojektowaniaOprogramowania_1_1Models_1_1MyDbContext_1a68f3f7de11a2962612da19d24dbc873d" prot="public" virt="non-virtual"><scope>projektowaniaOprogramowania::Models::MyDbContext</scope><name>DodatkoweOsiagniecia</name></member>
      <member refid="da/d72/classprojektowaniaOprogramowania_1_1Models_1_1MyDbContext_1a0e0da1d8c5f2ca1f1eff6d414028a3e5" prot="public" virt="non-virtual"><scope>projektowaniaOprogramowania::Models::MyDbContext</scope><name>DorobkiNaukowe</name></member>
      <member refid="da/d72/classprojektowaniaOprogramowania_1_1Models_1_1MyDbContext_1ad6990f400d5809c7f5a2cbda8e3959f8" prot="public" virt="non-virtual"><scope>projektowaniaOprogramowania::Models::MyDbContext</scope><name>Kandydaci</name></member>
      <member refid="da/d72/classprojektowaniaOprogramowania_1_1Models_1_1MyDbContext_1a319fc7e80979da69eae977a1f4dc1315" prot="public" virt="non-virtual"><scope>projektowaniaOprogramowania::Models::MyDbContext</scope><name>KategorieDorobku</name></member>
      <member refid="da/d72/classprojektowaniaOprogramowania_1_1Models_1_1MyDbContext_1a6dee31d127fd8c89fc393ab8b156744b" prot="public" virt="non-virtual"><scope>projektowaniaOprogramowania::Models::MyDbContext</scope><name>KategorieOsiagniec</name></member>
      <member refid="da/d72/classprojektowaniaOprogramowania_1_1Models_1_1MyDbContext_1a290eee77f99dbe8b5e3be273f7ac1bdc" prot="public" virt="non-virtual"><scope>projektowaniaOprogramowania::Models::MyDbContext</scope><name>Kierunki</name></member>
      <member refid="da/d72/classprojektowaniaOprogramowania_1_1Models_1_1MyDbContext_1a5fb27cf5d48a59ef92a399d9e9bb8a75" prot="public" virt="non-virtual"><scope>projektowaniaOprogramowania::Models::MyDbContext</scope><name>KierunkiNaPodaniu</name></member>
      <member refid="da/d72/classprojektowaniaOprogramowania_1_1Models_1_1MyDbContext_1a84554051751d7547513aec2b1ab42687" prot="public" virt="non-virtual"><scope>projektowaniaOprogramowania::Models::MyDbContext</scope><name>Matury</name></member>
      <member refid="da/d72/classprojektowaniaOprogramowania_1_1Models_1_1MyDbContext_1a1821566856e59e294ddf8f70152ef98c" prot="public" virt="non-virtual"><scope>projektowaniaOprogramowania::Models::MyDbContext</scope><name>Miasta</name></member>
      <member refid="da/d72/classprojektowaniaOprogramowania_1_1Models_1_1MyDbContext_1a5d6e164d5f7c9b98c1a4d51713e0c51d" prot="public" virt="non-virtual"><scope>projektowaniaOprogramowania::Models::MyDbContext</scope><name>MyDbContext</name></member>
      <member refid="da/d72/classprojektowaniaOprogramowania_1_1Models_1_1MyDbContext_1a8fc2859e99a4c2bfc01e31b541a3e3a8" prot="public" virt="non-virtual"><scope>projektowaniaOprogramowania::Models::MyDbContext</scope><name>Oceny</name></member>
      <member refid="da/d72/classprojektowaniaOprogramowania_1_1Models_1_1MyDbContext_1a990691389de1677b23679e984f03c1c5" prot="protected" virt="non-virtual"><scope>projektowaniaOprogramowania::Models::MyDbContext</scope><name>OnModelCreating</name></member>
      <member refid="da/d72/classprojektowaniaOprogramowania_1_1Models_1_1MyDbContext_1ad936bed2752b603485cbddcdff624262" prot="public" virt="non-virtual"><scope>projektowaniaOprogramowania::Models::MyDbContext</scope><name>Osoby</name></member>
      <member refid="da/d72/classprojektowaniaOprogramowania_1_1Models_1_1MyDbContext_1a67de6ded2036fc4206f74948bfc3d7c2" prot="public" virt="non-virtual"><scope>projektowaniaOprogramowania::Models::MyDbContext</scope><name>PodaniaKandydatow</name></member>
      <member refid="da/d72/classprojektowaniaOprogramowania_1_1Models_1_1MyDbContext_1a7fc8d568d68fe72e95e716543a4dd26c" prot="public" virt="non-virtual"><scope>projektowaniaOprogramowania::Models::MyDbContext</scope><name>PodaniaNaIIStopien</name></member>
      <member refid="da/d72/classprojektowaniaOprogramowania_1_1Models_1_1MyDbContext_1a53fdadf037ed1a1ac4cd6e698e7e191d" prot="public" virt="non-virtual"><scope>projektowaniaOprogramowania::Models::MyDbContext</scope><name>PodaniaNaIStopien</name></member>
      <member refid="da/d72/classprojektowaniaOprogramowania_1_1Models_1_1MyDbContext_1a6741ecd3173dccc25add71ba0b538081" prot="public" virt="non-virtual"><scope>projektowaniaOprogramowania::Models::MyDbContext</scope><name>Pracownicy</name></member>
      <member refid="da/d72/classprojektowaniaOprogramowania_1_1Models_1_1MyDbContext_1a3d0f21de2ea932b13923e0768f40c04b" prot="public" virt="non-virtual"><scope>projektowaniaOprogramowania::Models::MyDbContext</scope><name>PracownicyDzialuRekrutacji</name></member>
      <member refid="da/d72/classprojektowaniaOprogramowania_1_1Models_1_1MyDbContext_1a11867cab73ce576565815f57b01e0c9b" prot="public" virt="non-virtual"><scope>projektowaniaOprogramowania::Models::MyDbContext</scope><name>PracownicyDzialuRekrutacjiNaPodaniaKandydatow</name></member>
      <member refid="da/d72/classprojektowaniaOprogramowania_1_1Models_1_1MyDbContext_1a2859587046b5f9085c134dd9e50c38a5" prot="public" virt="non-virtual"><scope>projektowaniaOprogramowania::Models::MyDbContext</scope><name>Przedmioty</name></member>
      <member refid="da/d72/classprojektowaniaOprogramowania_1_1Models_1_1MyDbContext_1ad26651286e43542752bf9b6caeb4a6f1" prot="public" virt="non-virtual"><scope>projektowaniaOprogramowania::Models::MyDbContext</scope><name>PrzelicznikiDorobku</name></member>
      <member refid="da/d72/classprojektowaniaOprogramowania_1_1Models_1_1MyDbContext_1a87dd3d551393f07a7f8595335b2e9924" prot="public" virt="non-virtual"><scope>projektowaniaOprogramowania::Models::MyDbContext</scope><name>PrzelicznikiKierunkowe</name></member>
      <member refid="da/d72/classprojektowaniaOprogramowania_1_1Models_1_1MyDbContext_1a7a45d5f4dff97f1bffeda1f036f6b600" prot="public" virt="non-virtual"><scope>projektowaniaOprogramowania::Models::MyDbContext</scope><name>PrzelicznikiOsiagniec</name></member>
      <member refid="da/d72/classprojektowaniaOprogramowania_1_1Models_1_1MyDbContext_1a90e8842b03b9fff7e556fa30420cd373" prot="public" virt="non-virtual"><scope>projektowaniaOprogramowania::Models::MyDbContext</scope><name>PrzelicznikiPrzedmiotow</name></member>
      <member refid="da/d72/classprojektowaniaOprogramowania_1_1Models_1_1MyDbContext_1aa8304d29fcfa65baa9e058b9eea1cc75" prot="public" virt="non-virtual"><scope>projektowaniaOprogramowania::Models::MyDbContext</scope><name>Rekrutacje</name></member>
      <member refid="da/d72/classprojektowaniaOprogramowania_1_1Models_1_1MyDbContext_1af899e9a385ccf45609f66fcae8be39ca" prot="public" virt="non-virtual"><scope>projektowaniaOprogramowania::Models::MyDbContext</scope><name>Wydzialy</name></member>
    </listofallmembers>
  </compounddef>
</doxygen>
