<?xml version='1.0' encoding='UTF-8' standalone='no'?>
<doxygen xmlns:xsi="http://www.w3.org/2001/XMLSchema-instance" xsi:noNamespaceSchemaLocation="compound.xsd" version="1.10.0" xml:lang="en-US">
  <compounddef id="d8/d61/_8NETCoreApp_00Version_0av5_80_8AssemblyAttributes_8cs" kind="file" language="C#">
    <compoundname>.NETCoreApp,Version=v5.0.AssemblyAttributes.cs</compoundname>
    <innernamespace refid="d2/d2c/namespaceSystem_1_1Reflection">System::Reflection</innernamespace>
    <briefdescription>
    </briefdescription>
    <detaileddescription>
    </detaileddescription>
    <programlisting>
<codeline lineno="1"><highlight class="comment">//<sp/>&lt;autogenerated<sp/>/&gt;</highlight><highlight class="normal"></highlight></codeline>
<codeline lineno="2"><highlight class="normal"></highlight><highlight class="keyword">using<sp/></highlight><highlight class="normal">System;</highlight></codeline>
<codeline lineno="3"><highlight class="normal"></highlight><highlight class="keyword">using<sp/></highlight><highlight class="normal">System.Reflection;</highlight></codeline>
<codeline lineno="4"><highlight class="normal">[assembly:<sp/>global::System.Runtime.Versioning.TargetFrameworkAttribute(</highlight><highlight class="stringliteral">&quot;.NETCoreApp,Version=v5.0&quot;</highlight><highlight class="normal">,<sp/>FrameworkDisplayName<sp/>=<sp/></highlight><highlight class="stringliteral">&quot;&quot;</highlight><highlight class="normal">)]</highlight></codeline>
    </programlisting>
    <location file="obj/Debug/net5.0/.NETCoreApp,Version=v5.0.AssemblyAttributes.cs"/>
  </compounddef>
</doxygen>
