<?xml version='1.0' encoding='UTF-8' standalone='no'?>
<doxygen xmlns:xsi="http://www.w3.org/2001/XMLSchema-instance" xsi:noNamespaceSchemaLocation="compound.xsd" version="1.10.0" xml:lang="en-US">
  <compounddef id="d6/d27/classAspNetCore_1_1Views__Shared____KierunkiGrid" kind="class" language="C#" prot="public">
    <compoundname>AspNetCore::Views_Shared__KierunkiGrid</compoundname>
    <basecompoundref prot="public" virt="non-virtual">global::MicrosoftAspNetCore::Mvc::Razor::RazorPage&lt; IEnumerable&lt; projektowaniaOprogramowania.ViewModels.CollegeStructures.KierunekModel &gt; &gt;</basecompoundref>
    <sectiondef kind="property">
      <memberdef kind="property" id="d6/d27/classAspNetCore_1_1Views__Shared____KierunkiGrid_1a3c01e20e049639f17ca29a60bc1804e6" prot="public" static="no" readable="no" writable="no" gettable="yes" privategettable="no" protectedgettable="no" settable="no" privatesettable="yes" protectedsettable="no">
        <type>global::Microsoft.AspNetCore.Mvc.ViewFeatures.IModelExpressionProvider</type>
        <definition>global::Microsoft.AspNetCore.Mvc.ViewFeatures.IModelExpressionProvider AspNetCore.Views_Shared__KierunkiGrid.ModelExpressionProvider</definition>
        <argsstring></argsstring>
        <name>ModelExpressionProvider</name>
        <qualifiedname>AspNetCore.Views_Shared__KierunkiGrid.ModelExpressionProvider</qualifiedname>
        <briefdescription>
        </briefdescription>
        <detaileddescription>
        </detaileddescription>
        <inbodydescription>
        </inbodydescription>
        <location file="obj/Debug/net5.0/Razor/Views/Shared/_KierunkiGrid.cshtml.g.cs" line="135" column="83" bodyfile="obj/Debug/net5.0/Razor/Views/Shared/_KierunkiGrid.cshtml.g.cs" bodystart="135" bodyend="135"/>
      </memberdef>
      <memberdef kind="property" id="d6/d27/classAspNetCore_1_1Views__Shared____KierunkiGrid_1a3f87f83fefdd6b555d5a67fafcfdf9d0" prot="public" static="no" readable="no" writable="no" gettable="yes" privategettable="no" protectedgettable="no" settable="no" privatesettable="yes" protectedsettable="no">
        <type>global::Microsoft.AspNetCore.Mvc.IUrlHelper</type>
        <definition>global::Microsoft.AspNetCore.Mvc.IUrlHelper AspNetCore.Views_Shared__KierunkiGrid.Url</definition>
        <argsstring></argsstring>
        <name>Url</name>
        <qualifiedname>AspNetCore.Views_Shared__KierunkiGrid.Url</qualifiedname>
        <briefdescription>
        </briefdescription>
        <detaileddescription>
        </detaileddescription>
        <inbodydescription>
        </inbodydescription>
        <location file="obj/Debug/net5.0/Razor/Views/Shared/_KierunkiGrid.cshtml.g.cs" line="137" column="57" bodyfile="obj/Debug/net5.0/Razor/Views/Shared/_KierunkiGrid.cshtml.g.cs" bodystart="137" bodyend="137"/>
      </memberdef>
      <memberdef kind="property" id="d6/d27/classAspNetCore_1_1Views__Shared____KierunkiGrid_1a049514e73bd2e409cacd9684d3c58c5f" prot="public" static="no" readable="no" writable="no" gettable="yes" privategettable="no" protectedgettable="no" settable="no" privatesettable="yes" protectedsettable="no">
        <type>global::Microsoft.AspNetCore.Mvc.IViewComponentHelper</type>
        <definition>global::Microsoft.AspNetCore.Mvc.IViewComponentHelper AspNetCore.Views_Shared__KierunkiGrid.Component</definition>
        <argsstring></argsstring>
        <name>Component</name>
        <qualifiedname>AspNetCore.Views_Shared__KierunkiGrid.Component</qualifiedname>
        <briefdescription>
        </briefdescription>
        <detaileddescription>
        </detaileddescription>
        <inbodydescription>
        </inbodydescription>
        <location file="obj/Debug/net5.0/Razor/Views/Shared/_KierunkiGrid.cshtml.g.cs" line="139" column="67" bodyfile="obj/Debug/net5.0/Razor/Views/Shared/_KierunkiGrid.cshtml.g.cs" bodystart="139" bodyend="139"/>
      </memberdef>
      <memberdef kind="property" id="d6/d27/classAspNetCore_1_1Views__Shared____KierunkiGrid_1a9eaee78fba62cdfdf2325894f2d53ebd" prot="public" static="no" readable="no" writable="no" gettable="yes" privategettable="no" protectedgettable="no" settable="no" privatesettable="yes" protectedsettable="no">
        <type>global::Microsoft.AspNetCore.Mvc.Rendering.IJsonHelper</type>
        <definition>global::Microsoft.AspNetCore.Mvc.Rendering.IJsonHelper AspNetCore.Views_Shared__KierunkiGrid.Json</definition>
        <argsstring></argsstring>
        <name>Json</name>
        <qualifiedname>AspNetCore.Views_Shared__KierunkiGrid.Json</qualifiedname>
        <briefdescription>
        </briefdescription>
        <detaileddescription>
        </detaileddescription>
        <inbodydescription>
        </inbodydescription>
        <location file="obj/Debug/net5.0/Razor/Views/Shared/_KierunkiGrid.cshtml.g.cs" line="141" column="67" bodyfile="obj/Debug/net5.0/Razor/Views/Shared/_KierunkiGrid.cshtml.g.cs" bodystart="141" bodyend="141"/>
      </memberdef>
      <memberdef kind="property" id="d6/d27/classAspNetCore_1_1Views__Shared____KierunkiGrid_1a46e2fd04549793821c708525e243974f" prot="public" static="no" readable="no" writable="no" gettable="yes" privategettable="no" protectedgettable="no" settable="no" privatesettable="yes" protectedsettable="no">
        <type>global::Microsoft.AspNetCore.Mvc.Rendering.IHtmlHelper&lt; IEnumerable&lt; <ref refid="dd/d2a/classprojektowaniaOprogramowania_1_1ViewModels_1_1CollegeStructures_1_1KierunekModel" kindref="compound">projektowaniaOprogramowania.ViewModels.CollegeStructures.KierunekModel</ref> &gt; &gt;</type>
        <definition>global::Microsoft.AspNetCore.Mvc.Rendering.IHtmlHelper&lt;IEnumerable&lt;projektowaniaOprogramowania.ViewModels.CollegeStructures.KierunekModel&gt; &gt; AspNetCore.Views_Shared__KierunkiGrid.Html</definition>
        <argsstring></argsstring>
        <name>Html</name>
        <qualifiedname>AspNetCore.Views_Shared__KierunkiGrid.Html</qualifiedname>
        <briefdescription>
        </briefdescription>
        <detaileddescription>
        </detaileddescription>
        <inbodydescription>
        </inbodydescription>
        <location file="obj/Debug/net5.0/Razor/Views/Shared/_KierunkiGrid.cshtml.g.cs" line="143" column="67" bodyfile="obj/Debug/net5.0/Razor/Views/Shared/_KierunkiGrid.cshtml.g.cs" bodystart="143" bodyend="143"/>
      </memberdef>
    </sectiondef>
    <sectiondef kind="public-func">
      <memberdef kind="function" id="d6/d27/classAspNetCore_1_1Views__Shared____KierunkiGrid_1a623d63d5a8ca206b6d715eb1ff7d5c24" prot="public" static="no" const="no" explicit="no" inline="yes" virt="non-virtual">
        <type>async override global::System.Threading.Tasks.Task</type>
        <definition>async override global::System.Threading.Tasks.Task AspNetCore.Views_Shared__KierunkiGrid.ExecuteAsync</definition>
        <argsstring>()</argsstring>
        <name>ExecuteAsync</name>
        <qualifiedname>AspNetCore.Views_Shared__KierunkiGrid.ExecuteAsync</qualifiedname>
        <briefdescription>
        </briefdescription>
        <detaileddescription>
        </detaileddescription>
        <inbodydescription>
        </inbodydescription>
        <location file="obj/Debug/net5.0/Razor/Views/Shared/_KierunkiGrid.cshtml.g.cs" line="34" column="64" bodyfile="obj/Debug/net5.0/Razor/Views/Shared/_KierunkiGrid.cshtml.g.cs" bodystart="34" bodyend="132"/>
      </memberdef>
    </sectiondef>
    <briefdescription>
    </briefdescription>
    <detaileddescription>
    </detaileddescription>
    <inheritancegraph>
      <node id="1">
        <label>AspNetCore.Views_Shared__KierunkiGrid</label>
        <link refid="d6/d27/classAspNetCore_1_1Views__Shared____KierunkiGrid"/>
        <childnode refid="2" relation="public-inheritance">
        </childnode>
      </node>
      <node id="2">
        <label>global::MicrosoftAspNetCore::Mvc::Razor::RazorPage&lt; IEnumerable&lt; projektowaniaOprogramowania.ViewModels.CollegeStructures.KierunekModel &gt; &gt;</label>
      </node>
    </inheritancegraph>
    <collaborationgraph>
      <node id="1">
        <label>AspNetCore.Views_Shared__KierunkiGrid</label>
        <link refid="d6/d27/classAspNetCore_1_1Views__Shared____KierunkiGrid"/>
        <childnode refid="2" relation="public-inheritance">
        </childnode>
      </node>
      <node id="2">
        <label>global::MicrosoftAspNetCore::Mvc::Razor::RazorPage&lt; IEnumerable&lt; projektowaniaOprogramowania.ViewModels.CollegeStructures.KierunekModel &gt; &gt;</label>
      </node>
    </collaborationgraph>
    <location file="obj/Debug/net5.0/Razor/Views/Shared/_KierunkiGrid.cshtml.g.cs" line="31" column="11" bodyfile="obj/Debug/net5.0/Razor/Views/Shared/_KierunkiGrid.cshtml.g.cs" bodystart="32" bodyend="144"/>
    <listofallmembers>
      <member refid="d6/d27/classAspNetCore_1_1Views__Shared____KierunkiGrid_1a049514e73bd2e409cacd9684d3c58c5f" prot="public" virt="non-virtual"><scope>AspNetCore::Views_Shared__KierunkiGrid</scope><name>Component</name></member>
      <member refid="d6/d27/classAspNetCore_1_1Views__Shared____KierunkiGrid_1a623d63d5a8ca206b6d715eb1ff7d5c24" prot="public" virt="non-virtual"><scope>AspNetCore::Views_Shared__KierunkiGrid</scope><name>ExecuteAsync</name></member>
      <member refid="d6/d27/classAspNetCore_1_1Views__Shared____KierunkiGrid_1a46e2fd04549793821c708525e243974f" prot="public" virt="non-virtual"><scope>AspNetCore::Views_Shared__KierunkiGrid</scope><name>Html</name></member>
      <member refid="d6/d27/classAspNetCore_1_1Views__Shared____KierunkiGrid_1a9eaee78fba62cdfdf2325894f2d53ebd" prot="public" virt="non-virtual"><scope>AspNetCore::Views_Shared__KierunkiGrid</scope><name>Json</name></member>
      <member refid="d6/d27/classAspNetCore_1_1Views__Shared____KierunkiGrid_1a3c01e20e049639f17ca29a60bc1804e6" prot="public" virt="non-virtual"><scope>AspNetCore::Views_Shared__KierunkiGrid</scope><name>ModelExpressionProvider</name></member>
      <member refid="d6/d27/classAspNetCore_1_1Views__Shared____KierunkiGrid_1a3f87f83fefdd6b555d5a67fafcfdf9d0" prot="public" virt="non-virtual"><scope>AspNetCore::Views_Shared__KierunkiGrid</scope><name>Url</name></member>
    </listofallmembers>
  </compounddef>
</doxygen>
