<?xml version='1.0' encoding='UTF-8' standalone='no'?>
<doxygen xmlns:xsi="http://www.w3.org/2001/XMLSchema-instance" xsi:noNamespaceSchemaLocation="compound.xsd" version="1.10.0" xml:lang="en-US">
  <compounddef id="df/d17/classprojektowaniaOprogramowania_1_1ViewModels_1_1CollegeStructures_1_1WydzialModel" kind="class" language="C#" prot="public">
    <compoundname>projektowaniaOprogramowania::ViewModels::CollegeStructures::WydzialModel</compoundname>
    <sectiondef kind="property">
      <memberdef kind="property" id="df/d17/classprojektowaniaOprogramowania_1_1ViewModels_1_1CollegeStructures_1_1WydzialModel_1a81610b88e1ba2d2a757b081092a8d5eb" prot="public" static="no" readable="no" writable="no" gettable="yes" privategettable="no" protectedgettable="no" settable="yes" privatesettable="no" protectedsettable="no">
        <type>long</type>
        <definition>long projektowaniaOprogramowania.ViewModels.CollegeStructures.WydzialModel.Id</definition>
        <argsstring></argsstring>
        <name>Id</name>
        <qualifiedname>projektowaniaOprogramowania.ViewModels.CollegeStructures.WydzialModel.Id</qualifiedname>
        <briefdescription>
        </briefdescription>
        <detaileddescription>
        </detaileddescription>
        <inbodydescription>
        </inbodydescription>
        <location file="Models/CollegeStructures/WydzialModel.cs" line="11" column="21" bodyfile="Models/CollegeStructures/WydzialModel.cs" bodystart="11" bodyend="11"/>
      </memberdef>
      <memberdef kind="property" id="df/d17/classprojektowaniaOprogramowania_1_1ViewModels_1_1CollegeStructures_1_1WydzialModel_1a73dc1f23cae4c42a5e9bf63db8ba1467" prot="public" static="no" readable="no" writable="no" gettable="yes" privategettable="no" protectedgettable="no" settable="yes" privatesettable="no" protectedsettable="no">
        <type>string</type>
        <definition>string projektowaniaOprogramowania.ViewModels.CollegeStructures.WydzialModel.NumerWydzialu</definition>
        <argsstring></argsstring>
        <name>NumerWydzialu</name>
        <qualifiedname>projektowaniaOprogramowania.ViewModels.CollegeStructures.WydzialModel.NumerWydzialu</qualifiedname>
        <briefdescription>
        </briefdescription>
        <detaileddescription>
        </detaileddescription>
        <inbodydescription>
        </inbodydescription>
        <location file="Models/CollegeStructures/WydzialModel.cs" line="15" column="23" bodyfile="Models/CollegeStructures/WydzialModel.cs" bodystart="15" bodyend="15"/>
      </memberdef>
      <memberdef kind="property" id="df/d17/classprojektowaniaOprogramowania_1_1ViewModels_1_1CollegeStructures_1_1WydzialModel_1a971fa26074d1a881c6e1850cc552b110" prot="public" static="no" readable="no" writable="no" gettable="yes" privategettable="no" protectedgettable="no" settable="yes" privatesettable="no" protectedsettable="no">
        <type>string</type>
        <definition>string projektowaniaOprogramowania.ViewModels.CollegeStructures.WydzialModel.NazwaWydzialu</definition>
        <argsstring></argsstring>
        <name>NazwaWydzialu</name>
        <qualifiedname>projektowaniaOprogramowania.ViewModels.CollegeStructures.WydzialModel.NazwaWydzialu</qualifiedname>
        <briefdescription>
        </briefdescription>
        <detaileddescription>
        </detaileddescription>
        <inbodydescription>
        </inbodydescription>
        <location file="Models/CollegeStructures/WydzialModel.cs" line="19" column="23" bodyfile="Models/CollegeStructures/WydzialModel.cs" bodystart="19" bodyend="19"/>
      </memberdef>
      <memberdef kind="property" id="df/d17/classprojektowaniaOprogramowania_1_1ViewModels_1_1CollegeStructures_1_1WydzialModel_1a44dc757f3c05d3a3530d1f484f282c0a" prot="public" static="no" readable="no" writable="no" gettable="yes" privategettable="no" protectedgettable="no" settable="yes" privatesettable="no" protectedsettable="no">
        <type>long</type>
        <definition>long projektowaniaOprogramowania.ViewModels.CollegeStructures.WydzialModel.MiastoId</definition>
        <argsstring></argsstring>
        <name>MiastoId</name>
        <qualifiedname>projektowaniaOprogramowania.ViewModels.CollegeStructures.WydzialModel.MiastoId</qualifiedname>
        <briefdescription>
        </briefdescription>
        <detaileddescription>
        </detaileddescription>
        <inbodydescription>
        </inbodydescription>
        <location file="Models/CollegeStructures/WydzialModel.cs" line="22" column="21" bodyfile="Models/CollegeStructures/WydzialModel.cs" bodystart="22" bodyend="22"/>
      </memberdef>
      <memberdef kind="property" id="df/d17/classprojektowaniaOprogramowania_1_1ViewModels_1_1CollegeStructures_1_1WydzialModel_1a60abc8536b2bdedd416fab92e7aaaa34" prot="public" static="no" readable="no" writable="no" gettable="yes" privategettable="no" protectedgettable="no" settable="yes" privatesettable="no" protectedsettable="no">
        <type><ref refid="d6/de0/classprojektowaniaOprogramowania_1_1ViewModels_1_1CollegeStructures_1_1MiastoModel" kindref="compound">MiastoModel</ref></type>
        <definition>MiastoModel projektowaniaOprogramowania.ViewModels.CollegeStructures.WydzialModel.Miasto</definition>
        <argsstring></argsstring>
        <name>Miasto</name>
        <qualifiedname>projektowaniaOprogramowania.ViewModels.CollegeStructures.WydzialModel.Miasto</qualifiedname>
        <briefdescription>
        </briefdescription>
        <detaileddescription>
        </detaileddescription>
        <inbodydescription>
        </inbodydescription>
        <location file="Models/CollegeStructures/WydzialModel.cs" line="23" column="28" bodyfile="Models/CollegeStructures/WydzialModel.cs" bodystart="23" bodyend="23"/>
      </memberdef>
    </sectiondef>
    <briefdescription>
    </briefdescription>
    <detaileddescription>
    </detaileddescription>
    <location file="Models/CollegeStructures/WydzialModel.cs" line="7" column="11" bodyfile="Models/CollegeStructures/WydzialModel.cs" bodystart="8" bodyend="24"/>
    <listofallmembers>
      <member refid="df/d17/classprojektowaniaOprogramowania_1_1ViewModels_1_1CollegeStructures_1_1WydzialModel_1a81610b88e1ba2d2a757b081092a8d5eb" prot="public" virt="non-virtual"><scope>projektowaniaOprogramowania::ViewModels::CollegeStructures::WydzialModel</scope><name>Id</name></member>
      <member refid="df/d17/classprojektowaniaOprogramowania_1_1ViewModels_1_1CollegeStructures_1_1WydzialModel_1a60abc8536b2bdedd416fab92e7aaaa34" prot="public" virt="non-virtual"><scope>projektowaniaOprogramowania::ViewModels::CollegeStructures::WydzialModel</scope><name>Miasto</name></member>
      <member refid="df/d17/classprojektowaniaOprogramowania_1_1ViewModels_1_1CollegeStructures_1_1WydzialModel_1a44dc757f3c05d3a3530d1f484f282c0a" prot="public" virt="non-virtual"><scope>projektowaniaOprogramowania::ViewModels::CollegeStructures::WydzialModel</scope><name>MiastoId</name></member>
      <member refid="df/d17/classprojektowaniaOprogramowania_1_1ViewModels_1_1CollegeStructures_1_1WydzialModel_1a971fa26074d1a881c6e1850cc552b110" prot="public" virt="non-virtual"><scope>projektowaniaOprogramowania::ViewModels::CollegeStructures::WydzialModel</scope><name>NazwaWydzialu</name></member>
      <member refid="df/d17/classprojektowaniaOprogramowania_1_1ViewModels_1_1CollegeStructures_1_1WydzialModel_1a73dc1f23cae4c42a5e9bf63db8ba1467" prot="public" virt="non-virtual"><scope>projektowaniaOprogramowania::ViewModels::CollegeStructures::WydzialModel</scope><name>NumerWydzialu</name></member>
    </listofallmembers>
  </compounddef>
</doxygen>
