<?xml version='1.0' encoding='UTF-8' standalone='no'?>
<doxygen xmlns:xsi="http://www.w3.org/2001/XMLSchema-instance" xsi:noNamespaceSchemaLocation="compound.xsd" version="1.10.0" xml:lang="en-US">
  <compounddef id="df/dfe/namespaceMicrosoft_1_1EntityFrameworkCore_1_1Storage_1_1ValueConversion" kind="namespace" language="C#">
    <compoundname>Microsoft::EntityFrameworkCore::Storage::ValueConversion</compoundname>
    <briefdescription>
    </briefdescription>
    <detaileddescription>
    </detaileddescription>
    <location file="Migrations/20240114094427_Init.Designer.cs" line="6" column="60"/>
  </compounddef>
</doxygen>
