<?xml version='1.0' encoding='UTF-8' standalone='no'?>
<doxygen xmlns:xsi="http://www.w3.org/2001/XMLSchema-instance" xsi:noNamespaceSchemaLocation="compound.xsd" version="1.10.0" xml:lang="en-US">
  <compounddef id="d0/d17/classprojektowaniaOprogramowania_1_1Models_1_1ErrorViewModel" kind="class" language="C#" prot="public">
    <compoundname>projektowaniaOprogramowania::Models::ErrorViewModel</compoundname>
    <sectiondef kind="property">
      <memberdef kind="property" id="d0/d17/classprojektowaniaOprogramowania_1_1Models_1_1ErrorViewModel_1a42d4d6fb9249648fb9abd1e1d0c029e3" prot="public" static="no" readable="no" writable="no" gettable="yes" privategettable="no" protectedgettable="no" settable="yes" privatesettable="no" protectedsettable="no">
        <type>string</type>
        <definition>string projektowaniaOprogramowania.Models.ErrorViewModel.RequestId</definition>
        <argsstring></argsstring>
        <name>RequestId</name>
        <qualifiedname>projektowaniaOprogramowania.Models.ErrorViewModel.RequestId</qualifiedname>
        <briefdescription>
        </briefdescription>
        <detaileddescription>
        </detaileddescription>
        <inbodydescription>
        </inbodydescription>
        <location file="Models/ErrorViewModel.cs" line="7" column="23" bodyfile="Models/ErrorViewModel.cs" bodystart="7" bodyend="7"/>
      </memberdef>
      <memberdef kind="property" id="d0/d17/classprojektowaniaOprogramowania_1_1Models_1_1ErrorViewModel_1ac3bab6f50b916732e219c16a942d8639" prot="public" static="no" readable="no" writable="no" gettable="yes" privategettable="no" protectedgettable="no" settable="no" privatesettable="no" protectedsettable="no">
        <type>bool</type>
        <definition>bool projektowaniaOprogramowania.Models.ErrorViewModel.ShowRequestId</definition>
        <argsstring></argsstring>
        <name>ShowRequestId</name>
        <qualifiedname>projektowaniaOprogramowania.Models.ErrorViewModel.ShowRequestId</qualifiedname>
        <briefdescription>
        </briefdescription>
        <detaileddescription>
        </detaileddescription>
        <inbodydescription>
        </inbodydescription>
        <location file="Models/ErrorViewModel.cs" line="9" column="21" bodyfile="Models/ErrorViewModel.cs" bodystart="9" bodyend="-1"/>
      </memberdef>
    </sectiondef>
    <briefdescription>
    </briefdescription>
    <detaileddescription>
    </detaileddescription>
    <location file="Models/ErrorViewModel.cs" line="5" column="11" bodyfile="Models/ErrorViewModel.cs" bodystart="6" bodyend="10"/>
    <listofallmembers>
      <member refid="d0/d17/classprojektowaniaOprogramowania_1_1Models_1_1ErrorViewModel_1a42d4d6fb9249648fb9abd1e1d0c029e3" prot="public" virt="non-virtual"><scope>projektowaniaOprogramowania::Models::ErrorViewModel</scope><name>RequestId</name></member>
      <member refid="d0/d17/classprojektowaniaOprogramowania_1_1Models_1_1ErrorViewModel_1ac3bab6f50b916732e219c16a942d8639" prot="public" virt="non-virtual"><scope>projektowaniaOprogramowania::Models::ErrorViewModel</scope><name>ShowRequestId</name></member>
    </listofallmembers>
  </compounddef>
</doxygen>
