<?xml version='1.0' encoding='UTF-8' standalone='no'?>
<doxygen xmlns:xsi="http://www.w3.org/2001/XMLSchema-instance" xsi:noNamespaceSchemaLocation="compound.xsd" version="1.10.0" xml:lang="en-US">
  <compounddef id="df/dce/OsobaModel_8cs" kind="file" language="C#">
    <compoundname>OsobaModel.cs</compoundname>
    <innerclass refid="d4/dad/classprojektowaniaOprogramowania_1_1ViewModels_1_1Users_1_1OsobaModel" prot="public">projektowaniaOprogramowania::ViewModels::Users::OsobaModel</innerclass>
    <innernamespace refid="d8/d9d/namespaceprojektowaniaOprogramowania">projektowaniaOprogramowania</innernamespace>
    <innernamespace refid="da/dc5/namespaceprojektowaniaOprogramowania_1_1ViewModels">projektowaniaOprogramowania::ViewModels</innernamespace>
    <innernamespace refid="d9/dc8/namespaceprojektowaniaOprogramowania_1_1ViewModels_1_1Users">projektowaniaOprogramowania::ViewModels::Users</innernamespace>
    <briefdescription>
    </briefdescription>
    <detaileddescription>
    </detaileddescription>
    <programlisting>
<codeline lineno="1"><highlight class="keyword">namespace<sp/></highlight><highlight class="normal"><ref refid="d9/dc8/namespaceprojektowaniaOprogramowania_1_1ViewModels_1_1Users" kindref="compound">projektowaniaOprogramowania.ViewModels.Users</ref></highlight></codeline>
<codeline lineno="2"><highlight class="normal">{</highlight></codeline>
<codeline lineno="3"><highlight class="normal"><sp/><sp/><sp/><sp/></highlight><highlight class="keyword">using<sp/></highlight><highlight class="normal">System;</highlight></codeline>
<codeline lineno="4"><highlight class="normal"><sp/><sp/><sp/><sp/></highlight><highlight class="keyword">using<sp/></highlight><highlight class="normal">System.ComponentModel.DataAnnotations;</highlight></codeline>
<codeline lineno="5"><highlight class="normal"><sp/><sp/><sp/><sp/></highlight><highlight class="keyword">using<sp/></highlight><highlight class="normal">System.ComponentModel.DataAnnotations.Schema;</highlight></codeline>
<codeline lineno="6"><highlight class="normal"></highlight></codeline>
<codeline lineno="7"><highlight class="normal"><sp/><sp/><sp/><sp/></highlight><highlight class="comment">//[Table(&quot;osoby&quot;)]</highlight><highlight class="normal"></highlight></codeline>
<codeline lineno="8" refid="d4/dad/classprojektowaniaOprogramowania_1_1ViewModels_1_1Users_1_1OsobaModel" refkind="compound"><highlight class="normal"><sp/><sp/><sp/><sp/></highlight><highlight class="keyword">public</highlight><highlight class="normal"><sp/></highlight><highlight class="keyword">class<sp/></highlight><highlight class="normal"><ref refid="d4/dad/classprojektowaniaOprogramowania_1_1ViewModels_1_1Users_1_1OsobaModel" kindref="compound">OsobaModel</ref></highlight></codeline>
<codeline lineno="9"><highlight class="normal"><sp/><sp/><sp/><sp/>{</highlight></codeline>
<codeline lineno="10"><highlight class="normal"><sp/><sp/><sp/><sp/><sp/><sp/><sp/><sp/>[Key]</highlight></codeline>
<codeline lineno="11"><highlight class="normal"><sp/><sp/><sp/><sp/><sp/><sp/><sp/><sp/>[DatabaseGenerated(DatabaseGeneratedOption.Identity)]</highlight></codeline>
<codeline lineno="12"><highlight class="normal"><sp/><sp/><sp/><sp/><sp/><sp/><sp/><sp/></highlight><highlight class="keyword">public</highlight><highlight class="normal"><sp/></highlight><highlight class="keywordtype">long</highlight><highlight class="normal"><sp/>Id<sp/>{<sp/></highlight><highlight class="keyword">get</highlight><highlight class="normal">;<sp/></highlight><highlight class="keyword">set</highlight><highlight class="normal">;<sp/>}</highlight></codeline>
<codeline lineno="13"><highlight class="normal"></highlight></codeline>
<codeline lineno="14"><highlight class="normal"><sp/><sp/><sp/><sp/><sp/><sp/><sp/><sp/>[Required]</highlight></codeline>
<codeline lineno="15"><highlight class="normal"><sp/><sp/><sp/><sp/><sp/><sp/><sp/><sp/>[StringLength(255)]</highlight></codeline>
<codeline lineno="16"><highlight class="normal"><sp/><sp/><sp/><sp/><sp/><sp/><sp/><sp/></highlight><highlight class="keyword">public</highlight><highlight class="normal"><sp/></highlight><highlight class="keywordtype">string</highlight><highlight class="normal"><sp/>Login<sp/>{<sp/></highlight><highlight class="keyword">get</highlight><highlight class="normal">;<sp/></highlight><highlight class="keyword">set</highlight><highlight class="normal">;<sp/>}</highlight></codeline>
<codeline lineno="17"><highlight class="normal"></highlight></codeline>
<codeline lineno="18"><highlight class="normal"><sp/><sp/><sp/><sp/><sp/><sp/><sp/><sp/>[Required]</highlight></codeline>
<codeline lineno="19"><highlight class="normal"><sp/><sp/><sp/><sp/><sp/><sp/><sp/><sp/>[StringLength(255)]</highlight></codeline>
<codeline lineno="20"><highlight class="normal"><sp/><sp/><sp/><sp/><sp/><sp/><sp/><sp/>[EmailAddress]</highlight></codeline>
<codeline lineno="21"><highlight class="normal"><sp/><sp/><sp/><sp/><sp/><sp/><sp/><sp/></highlight><highlight class="keyword">public</highlight><highlight class="normal"><sp/></highlight><highlight class="keywordtype">string</highlight><highlight class="normal"><sp/>Email<sp/>{<sp/></highlight><highlight class="keyword">get</highlight><highlight class="normal">;<sp/></highlight><highlight class="keyword">set</highlight><highlight class="normal">;<sp/>}</highlight></codeline>
<codeline lineno="22"><highlight class="normal"></highlight></codeline>
<codeline lineno="23"><highlight class="normal"><sp/><sp/><sp/><sp/><sp/><sp/><sp/><sp/>[Required]</highlight></codeline>
<codeline lineno="24"><highlight class="normal"><sp/><sp/><sp/><sp/><sp/><sp/><sp/><sp/>[StringLength(128)]</highlight></codeline>
<codeline lineno="25"><highlight class="normal"><sp/><sp/><sp/><sp/><sp/><sp/><sp/><sp/></highlight><highlight class="keyword">public</highlight><highlight class="normal"><sp/></highlight><highlight class="keywordtype">string</highlight><highlight class="normal"><sp/>Haslo<sp/>{<sp/></highlight><highlight class="keyword">get</highlight><highlight class="normal">;<sp/></highlight><highlight class="keyword">set</highlight><highlight class="normal">;<sp/>}</highlight></codeline>
<codeline lineno="26"><highlight class="normal"></highlight></codeline>
<codeline lineno="27"><highlight class="normal"><sp/><sp/><sp/><sp/><sp/><sp/><sp/><sp/>[StringLength(11)]</highlight></codeline>
<codeline lineno="28"><highlight class="normal"><sp/><sp/><sp/><sp/><sp/><sp/><sp/><sp/></highlight><highlight class="keyword">public</highlight><highlight class="normal"><sp/></highlight><highlight class="keywordtype">string</highlight><highlight class="normal"><sp/>Pesel<sp/>{<sp/></highlight><highlight class="keyword">get</highlight><highlight class="normal">;<sp/></highlight><highlight class="keyword">set</highlight><highlight class="normal">;<sp/>}</highlight></codeline>
<codeline lineno="29"><highlight class="normal"><sp/><sp/><sp/><sp/><sp/><sp/><sp/><sp/></highlight><highlight class="comment">//<sp/>pesel<sp/>or<sp/>numerPaszportu<sp/>must<sp/>not<sp/>be<sp/>empty/null,<sp/>but<sp/>how?</highlight><highlight class="normal"></highlight></codeline>
<codeline lineno="30"><highlight class="normal"></highlight></codeline>
<codeline lineno="31"><highlight class="normal"><sp/><sp/><sp/><sp/><sp/><sp/><sp/><sp/>[StringLength(10)]</highlight></codeline>
<codeline lineno="32"><highlight class="normal"><sp/><sp/><sp/><sp/><sp/><sp/><sp/><sp/></highlight><highlight class="keyword">public</highlight><highlight class="normal"><sp/></highlight><highlight class="keywordtype">string</highlight><highlight class="normal"><sp/>NumerPaszportu<sp/>{<sp/></highlight><highlight class="keyword">get</highlight><highlight class="normal">;<sp/></highlight><highlight class="keyword">set</highlight><highlight class="normal">;<sp/>}</highlight></codeline>
<codeline lineno="33"><highlight class="normal"></highlight></codeline>
<codeline lineno="34"><highlight class="normal"><sp/><sp/><sp/><sp/><sp/><sp/><sp/><sp/>[Required]</highlight></codeline>
<codeline lineno="35"><highlight class="normal"><sp/><sp/><sp/><sp/><sp/><sp/><sp/><sp/>[StringLength(128)]</highlight></codeline>
<codeline lineno="36"><highlight class="normal"><sp/><sp/><sp/><sp/><sp/><sp/><sp/><sp/></highlight><highlight class="keyword">public</highlight><highlight class="normal"><sp/></highlight><highlight class="keywordtype">string</highlight><highlight class="normal"><sp/>Imie<sp/>{<sp/></highlight><highlight class="keyword">get</highlight><highlight class="normal">;<sp/></highlight><highlight class="keyword">set</highlight><highlight class="normal">;<sp/>}</highlight></codeline>
<codeline lineno="37"><highlight class="normal"></highlight></codeline>
<codeline lineno="38"><highlight class="normal"><sp/><sp/><sp/><sp/><sp/><sp/><sp/><sp/>[Required]</highlight></codeline>
<codeline lineno="39"><highlight class="normal"><sp/><sp/><sp/><sp/><sp/><sp/><sp/><sp/>[StringLength(128)]</highlight></codeline>
<codeline lineno="40"><highlight class="normal"><sp/><sp/><sp/><sp/><sp/><sp/><sp/><sp/></highlight><highlight class="keyword">public</highlight><highlight class="normal"><sp/></highlight><highlight class="keywordtype">string</highlight><highlight class="normal"><sp/>Nazwisko<sp/>{<sp/></highlight><highlight class="keyword">get</highlight><highlight class="normal">;<sp/></highlight><highlight class="keyword">set</highlight><highlight class="normal">;<sp/>}</highlight></codeline>
<codeline lineno="41"><highlight class="normal"></highlight></codeline>
<codeline lineno="42"><highlight class="normal"><sp/><sp/><sp/><sp/><sp/><sp/><sp/><sp/>[Required]</highlight></codeline>
<codeline lineno="43"><highlight class="normal"><sp/><sp/><sp/><sp/><sp/><sp/><sp/><sp/></highlight><highlight class="keyword">public</highlight><highlight class="normal"><sp/>DateTime<sp/>DataZarejestrowania<sp/>{<sp/></highlight><highlight class="keyword">get</highlight><highlight class="normal">;<sp/></highlight><highlight class="keyword">set</highlight><highlight class="normal">;<sp/>}</highlight></codeline>
<codeline lineno="44"><highlight class="normal"></highlight></codeline>
<codeline lineno="45"><highlight class="normal"><sp/><sp/><sp/><sp/><sp/><sp/><sp/><sp/>[Required]</highlight></codeline>
<codeline lineno="46"><highlight class="normal"><sp/><sp/><sp/><sp/><sp/><sp/><sp/><sp/></highlight><highlight class="keyword">public</highlight><highlight class="normal"><sp/></highlight><highlight class="keywordtype">bool</highlight><highlight class="normal"><sp/>CzyEmailPotwierdzony<sp/>{<sp/></highlight><highlight class="keyword">get</highlight><highlight class="normal">;<sp/></highlight><highlight class="keyword">set</highlight><highlight class="normal">;<sp/>}</highlight></codeline>
<codeline lineno="47"><highlight class="normal"><sp/><sp/><sp/><sp/>}</highlight></codeline>
<codeline lineno="48"><highlight class="normal">}</highlight></codeline>
    </programlisting>
    <location file="Models/Users/OsobaModel.cs"/>
  </compounddef>
</doxygen>
