<?xml version='1.0' encoding='UTF-8' standalone='no'?>
<doxygen xmlns:xsi="http://www.w3.org/2001/XMLSchema-instance" xsi:noNamespaceSchemaLocation="compound.xsd" version="1.10.0" xml:lang="en-US">
  <compounddef id="d2/d2c/namespaceSystem_1_1Reflection" kind="namespace" language="C#">
    <compoundname>System::Reflection</compoundname>
    <briefdescription>
    </briefdescription>
    <detaileddescription>
    </detaileddescription>
    <location file="obj/Debug/net5.0/.NETCoreApp,Version=v5.0.AssemblyAttributes.cs" line="3" column="24"/>
  </compounddef>
</doxygen>
