<?xml version='1.0' encoding='UTF-8' standalone='no'?>
<doxygen xmlns:xsi="http://www.w3.org/2001/XMLSchema-instance" xsi:noNamespaceSchemaLocation="compound.xsd" version="1.10.0" xml:lang="en-US">
  <compounddef id="dc/dfd/classprojektowaniaOprogramowania_1_1ViewModels_1_1MaturaAndDorobekNaukowyAndDodatkoweOsiagnieciePackage" kind="class" language="C#" prot="public">
    <compoundname>projektowaniaOprogramowania::ViewModels::MaturaAndDorobekNaukowyAndDodatkoweOsiagnieciePackage</compoundname>
    <sectiondef kind="property">
      <memberdef kind="property" id="dc/dfd/classprojektowaniaOprogramowania_1_1ViewModels_1_1MaturaAndDorobekNaukowyAndDodatkoweOsiagnieciePackage_1ac389045f7a298c0af4a054e5f6488f33" prot="public" static="no" readable="no" writable="no" gettable="yes" privategettable="no" protectedgettable="no" settable="yes" privatesettable="no" protectedsettable="no">
        <type>List&lt; <ref refid="de/d4a/classprojektowaniaOprogramowania_1_1ViewModels_1_1DodatkoweOsiagniecieModel" kindref="compound">DodatkoweOsiagniecieModel</ref> &gt;</type>
        <definition>List&lt;DodatkoweOsiagniecieModel&gt; projektowaniaOprogramowania.ViewModels.MaturaAndDorobekNaukowyAndDodatkoweOsiagnieciePackage.DodatkoweOsiagniecia</definition>
        <argsstring></argsstring>
        <name>DodatkoweOsiagniecia</name>
        <qualifiedname>projektowaniaOprogramowania.ViewModels.MaturaAndDorobekNaukowyAndDodatkoweOsiagnieciePackage.DodatkoweOsiagniecia</qualifiedname>
        <briefdescription>
        </briefdescription>
        <detaileddescription>
        </detaileddescription>
        <inbodydescription>
        </inbodydescription>
        <location file="ViewModels/MaturaAndDorobekNaukowyAndDodatkoweOsiagnieciePackage.cs" line="9" column="13" bodyfile="ViewModels/MaturaAndDorobekNaukowyAndDodatkoweOsiagnieciePackage.cs" bodystart="9" bodyend="9"/>
      </memberdef>
      <memberdef kind="property" id="dc/dfd/classprojektowaniaOprogramowania_1_1ViewModels_1_1MaturaAndDorobekNaukowyAndDodatkoweOsiagnieciePackage_1a03a734e135ae408a04c1f454f81158de" prot="public" static="no" readable="no" writable="no" gettable="yes" privategettable="no" protectedgettable="no" settable="yes" privatesettable="no" protectedsettable="no">
        <type>List&lt; <ref refid="dd/d0a/classprojektowaniaOprogramowania_1_1ViewModels_1_1PrzelicznikOsiagniecModel" kindref="compound">PrzelicznikOsiagniecModel</ref> &gt;</type>
        <definition>List&lt;PrzelicznikOsiagniecModel&gt; projektowaniaOprogramowania.ViewModels.MaturaAndDorobekNaukowyAndDodatkoweOsiagnieciePackage.PrzelicznikiOsiagniec</definition>
        <argsstring></argsstring>
        <name>PrzelicznikiOsiagniec</name>
        <qualifiedname>projektowaniaOprogramowania.ViewModels.MaturaAndDorobekNaukowyAndDodatkoweOsiagnieciePackage.PrzelicznikiOsiagniec</qualifiedname>
        <briefdescription>
        </briefdescription>
        <detaileddescription>
        </detaileddescription>
        <inbodydescription>
        </inbodydescription>
        <location file="ViewModels/MaturaAndDorobekNaukowyAndDodatkoweOsiagnieciePackage.cs" line="10" column="13" bodyfile="ViewModels/MaturaAndDorobekNaukowyAndDodatkoweOsiagnieciePackage.cs" bodystart="10" bodyend="10"/>
      </memberdef>
      <memberdef kind="property" id="dc/dfd/classprojektowaniaOprogramowania_1_1ViewModels_1_1MaturaAndDorobekNaukowyAndDodatkoweOsiagnieciePackage_1ad49edba0c546275af47be88a1e6636f7" prot="public" static="no" readable="no" writable="no" gettable="yes" privategettable="no" protectedgettable="no" settable="yes" privatesettable="no" protectedsettable="no">
        <type>List&lt; <ref refid="dd/d59/classprojektowaniaOprogramowania_1_1ViewModels_1_1OcenaModel" kindref="compound">OcenaModel</ref> &gt;</type>
        <definition>List&lt;OcenaModel&gt; projektowaniaOprogramowania.ViewModels.MaturaAndDorobekNaukowyAndDodatkoweOsiagnieciePackage.Oceny</definition>
        <argsstring></argsstring>
        <name>Oceny</name>
        <qualifiedname>projektowaniaOprogramowania.ViewModels.MaturaAndDorobekNaukowyAndDodatkoweOsiagnieciePackage.Oceny</qualifiedname>
        <briefdescription>
        </briefdescription>
        <detaileddescription>
        </detaileddescription>
        <inbodydescription>
        </inbodydescription>
        <location file="ViewModels/MaturaAndDorobekNaukowyAndDodatkoweOsiagnieciePackage.cs" line="11" column="13" bodyfile="ViewModels/MaturaAndDorobekNaukowyAndDodatkoweOsiagnieciePackage.cs" bodystart="11" bodyend="11"/>
      </memberdef>
      <memberdef kind="property" id="dc/dfd/classprojektowaniaOprogramowania_1_1ViewModels_1_1MaturaAndDorobekNaukowyAndDodatkoweOsiagnieciePackage_1a8da23ff650c861b90d56726d64ab382d" prot="public" static="no" readable="no" writable="no" gettable="yes" privategettable="no" protectedgettable="no" settable="yes" privatesettable="no" protectedsettable="no">
        <type>List&lt; <ref refid="d4/d0e/classprojektowaniaOprogramowania_1_1ViewModels_1_1DorobekNaukowyModel" kindref="compound">DorobekNaukowyModel</ref> &gt;</type>
        <definition>List&lt;DorobekNaukowyModel&gt; projektowaniaOprogramowania.ViewModels.MaturaAndDorobekNaukowyAndDodatkoweOsiagnieciePackage.DorobkiNaukowe</definition>
        <argsstring></argsstring>
        <name>DorobkiNaukowe</name>
        <qualifiedname>projektowaniaOprogramowania.ViewModels.MaturaAndDorobekNaukowyAndDodatkoweOsiagnieciePackage.DorobkiNaukowe</qualifiedname>
        <briefdescription>
        </briefdescription>
        <detaileddescription>
        </detaileddescription>
        <inbodydescription>
        </inbodydescription>
        <location file="ViewModels/MaturaAndDorobekNaukowyAndDodatkoweOsiagnieciePackage.cs" line="12" column="13" bodyfile="ViewModels/MaturaAndDorobekNaukowyAndDodatkoweOsiagnieciePackage.cs" bodystart="12" bodyend="12"/>
      </memberdef>
      <memberdef kind="property" id="dc/dfd/classprojektowaniaOprogramowania_1_1ViewModels_1_1MaturaAndDorobekNaukowyAndDodatkoweOsiagnieciePackage_1accd4a8bedadc84294f81e23bb9b5717a" prot="public" static="no" readable="no" writable="no" gettable="yes" privategettable="no" protectedgettable="no" settable="yes" privatesettable="no" protectedsettable="no">
        <type>List&lt; <ref refid="d1/d11/classprojektowaniaOprogramowania_1_1ViewModels_1_1KategoriaDorobkuModel" kindref="compound">KategoriaDorobkuModel</ref> &gt;</type>
        <definition>List&lt;KategoriaDorobkuModel&gt; projektowaniaOprogramowania.ViewModels.MaturaAndDorobekNaukowyAndDodatkoweOsiagnieciePackage.KategorieDorobku</definition>
        <argsstring></argsstring>
        <name>KategorieDorobku</name>
        <qualifiedname>projektowaniaOprogramowania.ViewModels.MaturaAndDorobekNaukowyAndDodatkoweOsiagnieciePackage.KategorieDorobku</qualifiedname>
        <briefdescription>
        </briefdescription>
        <detaileddescription>
        </detaileddescription>
        <inbodydescription>
        </inbodydescription>
        <location file="ViewModels/MaturaAndDorobekNaukowyAndDodatkoweOsiagnieciePackage.cs" line="13" column="13" bodyfile="ViewModels/MaturaAndDorobekNaukowyAndDodatkoweOsiagnieciePackage.cs" bodystart="13" bodyend="13"/>
      </memberdef>
      <memberdef kind="property" id="dc/dfd/classprojektowaniaOprogramowania_1_1ViewModels_1_1MaturaAndDorobekNaukowyAndDodatkoweOsiagnieciePackage_1ad7aed2c6cf046fae1a28d4e0904c4172" prot="public" static="no" readable="no" writable="no" gettable="yes" privategettable="no" protectedgettable="no" settable="yes" privatesettable="no" protectedsettable="no">
        <type><ref refid="df/dc3/classprojektowaniaOprogramowania_1_1ViewModels_1_1MaturaModel" kindref="compound">MaturaModel</ref></type>
        <definition>MaturaModel projektowaniaOprogramowania.ViewModels.MaturaAndDorobekNaukowyAndDodatkoweOsiagnieciePackage.Matura</definition>
        <argsstring></argsstring>
        <name>Matura</name>
        <qualifiedname>projektowaniaOprogramowania.ViewModels.MaturaAndDorobekNaukowyAndDodatkoweOsiagnieciePackage.Matura</qualifiedname>
        <briefdescription>
        </briefdescription>
        <detaileddescription>
        </detaileddescription>
        <inbodydescription>
        </inbodydescription>
        <location file="ViewModels/MaturaAndDorobekNaukowyAndDodatkoweOsiagnieciePackage.cs" line="14" column="20" bodyfile="ViewModels/MaturaAndDorobekNaukowyAndDodatkoweOsiagnieciePackage.cs" bodystart="14" bodyend="14"/>
      </memberdef>
      <memberdef kind="property" id="dc/dfd/classprojektowaniaOprogramowania_1_1ViewModels_1_1MaturaAndDorobekNaukowyAndDodatkoweOsiagnieciePackage_1aba375123f38cf9f813c620f73bf175c2" prot="public" static="no" readable="no" writable="no" gettable="yes" privategettable="no" protectedgettable="no" settable="yes" privatesettable="no" protectedsettable="no">
        <type><ref refid="d5/da0/classprojektowaniaOprogramowania_1_1ViewModels_1_1PodanieNaStudiaIIStopniaModel" kindref="compound">PodanieNaStudiaIIStopniaModel</ref></type>
        <definition>PodanieNaStudiaIIStopniaModel projektowaniaOprogramowania.ViewModels.MaturaAndDorobekNaukowyAndDodatkoweOsiagnieciePackage.PodanieNaIIStopien</definition>
        <argsstring></argsstring>
        <name>PodanieNaIIStopien</name>
        <qualifiedname>projektowaniaOprogramowania.ViewModels.MaturaAndDorobekNaukowyAndDodatkoweOsiagnieciePackage.PodanieNaIIStopien</qualifiedname>
        <briefdescription>
        </briefdescription>
        <detaileddescription>
        </detaileddescription>
        <inbodydescription>
        </inbodydescription>
        <location file="ViewModels/MaturaAndDorobekNaukowyAndDodatkoweOsiagnieciePackage.cs" line="15" column="38" bodyfile="ViewModels/MaturaAndDorobekNaukowyAndDodatkoweOsiagnieciePackage.cs" bodystart="15" bodyend="15"/>
      </memberdef>
      <memberdef kind="property" id="dc/dfd/classprojektowaniaOprogramowania_1_1ViewModels_1_1MaturaAndDorobekNaukowyAndDodatkoweOsiagnieciePackage_1a61fca86d1da08b8b292a236874da544d" prot="public" static="no" readable="no" writable="no" gettable="yes" privategettable="no" protectedgettable="no" settable="yes" privatesettable="no" protectedsettable="no">
        <type><ref refid="d8/d22/classprojektowaniaOprogramowania_1_1ViewModels_1_1PodanieNaStudiaIStopniaModel" kindref="compound">PodanieNaStudiaIStopniaModel</ref></type>
        <definition>PodanieNaStudiaIStopniaModel projektowaniaOprogramowania.ViewModels.MaturaAndDorobekNaukowyAndDodatkoweOsiagnieciePackage.PodanieNaIStopien</definition>
        <argsstring></argsstring>
        <name>PodanieNaIStopien</name>
        <qualifiedname>projektowaniaOprogramowania.ViewModels.MaturaAndDorobekNaukowyAndDodatkoweOsiagnieciePackage.PodanieNaIStopien</qualifiedname>
        <briefdescription>
        </briefdescription>
        <detaileddescription>
        </detaileddescription>
        <inbodydescription>
        </inbodydescription>
        <location file="ViewModels/MaturaAndDorobekNaukowyAndDodatkoweOsiagnieciePackage.cs" line="16" column="37" bodyfile="ViewModels/MaturaAndDorobekNaukowyAndDodatkoweOsiagnieciePackage.cs" bodystart="16" bodyend="16"/>
      </memberdef>
    </sectiondef>
    <briefdescription>
    </briefdescription>
    <detaileddescription>
    </detaileddescription>
    <location file="ViewModels/MaturaAndDorobekNaukowyAndDodatkoweOsiagnieciePackage.cs" line="7" column="11" bodyfile="ViewModels/MaturaAndDorobekNaukowyAndDodatkoweOsiagnieciePackage.cs" bodystart="8" bodyend="18"/>
    <listofallmembers>
      <member refid="dc/dfd/classprojektowaniaOprogramowania_1_1ViewModels_1_1MaturaAndDorobekNaukowyAndDodatkoweOsiagnieciePackage_1ac389045f7a298c0af4a054e5f6488f33" prot="public" virt="non-virtual"><scope>projektowaniaOprogramowania::ViewModels::MaturaAndDorobekNaukowyAndDodatkoweOsiagnieciePackage</scope><name>DodatkoweOsiagniecia</name></member>
      <member refid="dc/dfd/classprojektowaniaOprogramowania_1_1ViewModels_1_1MaturaAndDorobekNaukowyAndDodatkoweOsiagnieciePackage_1a8da23ff650c861b90d56726d64ab382d" prot="public" virt="non-virtual"><scope>projektowaniaOprogramowania::ViewModels::MaturaAndDorobekNaukowyAndDodatkoweOsiagnieciePackage</scope><name>DorobkiNaukowe</name></member>
      <member refid="dc/dfd/classprojektowaniaOprogramowania_1_1ViewModels_1_1MaturaAndDorobekNaukowyAndDodatkoweOsiagnieciePackage_1accd4a8bedadc84294f81e23bb9b5717a" prot="public" virt="non-virtual"><scope>projektowaniaOprogramowania::ViewModels::MaturaAndDorobekNaukowyAndDodatkoweOsiagnieciePackage</scope><name>KategorieDorobku</name></member>
      <member refid="dc/dfd/classprojektowaniaOprogramowania_1_1ViewModels_1_1MaturaAndDorobekNaukowyAndDodatkoweOsiagnieciePackage_1ad7aed2c6cf046fae1a28d4e0904c4172" prot="public" virt="non-virtual"><scope>projektowaniaOprogramowania::ViewModels::MaturaAndDorobekNaukowyAndDodatkoweOsiagnieciePackage</scope><name>Matura</name></member>
      <member refid="dc/dfd/classprojektowaniaOprogramowania_1_1ViewModels_1_1MaturaAndDorobekNaukowyAndDodatkoweOsiagnieciePackage_1ad49edba0c546275af47be88a1e6636f7" prot="public" virt="non-virtual"><scope>projektowaniaOprogramowania::ViewModels::MaturaAndDorobekNaukowyAndDodatkoweOsiagnieciePackage</scope><name>Oceny</name></member>
      <member refid="dc/dfd/classprojektowaniaOprogramowania_1_1ViewModels_1_1MaturaAndDorobekNaukowyAndDodatkoweOsiagnieciePackage_1aba375123f38cf9f813c620f73bf175c2" prot="public" virt="non-virtual"><scope>projektowaniaOprogramowania::ViewModels::MaturaAndDorobekNaukowyAndDodatkoweOsiagnieciePackage</scope><name>PodanieNaIIStopien</name></member>
      <member refid="dc/dfd/classprojektowaniaOprogramowania_1_1ViewModels_1_1MaturaAndDorobekNaukowyAndDodatkoweOsiagnieciePackage_1a61fca86d1da08b8b292a236874da544d" prot="public" virt="non-virtual"><scope>projektowaniaOprogramowania::ViewModels::MaturaAndDorobekNaukowyAndDodatkoweOsiagnieciePackage</scope><name>PodanieNaIStopien</name></member>
      <member refid="dc/dfd/classprojektowaniaOprogramowania_1_1ViewModels_1_1MaturaAndDorobekNaukowyAndDodatkoweOsiagnieciePackage_1a03a734e135ae408a04c1f454f81158de" prot="public" virt="non-virtual"><scope>projektowaniaOprogramowania::ViewModels::MaturaAndDorobekNaukowyAndDodatkoweOsiagnieciePackage</scope><name>PrzelicznikiOsiagniec</name></member>
    </listofallmembers>
  </compounddef>
</doxygen>
