<?xml version='1.0' encoding='UTF-8' standalone='no'?>
<doxygen xmlns:xsi="http://www.w3.org/2001/XMLSchema-instance" xsi:noNamespaceSchemaLocation="compound.xsd" version="1.10.0" xml:lang="en-US">
  <compounddef id="d3/d86/namespaceMicrosoft_1_1Extensions_1_1Configuration" kind="namespace" language="C#">
    <compoundname>Microsoft::Extensions::Configuration</compoundname>
    <briefdescription>
    </briefdescription>
    <detaileddescription>
    </detaileddescription>
    <location file="Program.cs" line="6" column="41"/>
  </compounddef>
</doxygen>
