<?xml version='1.0' encoding='UTF-8' standalone='no'?>
<doxygen xmlns:xsi="http://www.w3.org/2001/XMLSchema-instance" xsi:noNamespaceSchemaLocation="compound.xsd" version="1.10.0" xml:lang="en-US">
  <compounddef id="d3/dcc/namespaceprojektowaniaOprogramowania_1_1Services_1_1Recrutation" kind="namespace" language="C#">
    <compoundname>projektowaniaOprogramowania::Services::Recrutation</compoundname>
    <innerclass refid="dc/d6c/interfaceprojektowaniaOprogramowania_1_1Services_1_1Recrutation_1_1IRecruitmentValidationService" prot="public">projektowaniaOprogramowania::Services::Recrutation::IRecruitmentValidationService</innerclass>
    <innerclass refid="d2/d08/classprojektowaniaOprogramowania_1_1Services_1_1Recrutation_1_1RecruitmentValidationService" prot="public">projektowaniaOprogramowania::Services::Recrutation::RecruitmentValidationService</innerclass>
    <briefdescription>
    </briefdescription>
    <detaileddescription>
    </detaileddescription>
    <location file="Services/Recruitment/IRecruitmentValidationService.cs" line="5" column="1"/>
  </compounddef>
</doxygen>
