<?xml version='1.0' encoding='UTF-8' standalone='no'?>
<doxygen xmlns:xsi="http://www.w3.org/2001/XMLSchema-instance" xsi:noNamespaceSchemaLocation="compound.xsd" version="1.10.0" xml:lang="en-US">
  <compounddef id="d5/d2e/namespaceSystem_1_1ComponentModel_1_1DataAnnotations" kind="namespace" language="C#">
    <compoundname>System::ComponentModel::DataAnnotations</compoundname>
    <briefdescription>
    </briefdescription>
    <detaileddescription>
    </detaileddescription>
    <location file="Models/CollegeStructures/KierunekModel.cs" line="2" column="44"/>
  </compounddef>
</doxygen>
