<?xml version='1.0' encoding='UTF-8' standalone='no'?>
<doxygen xmlns:xsi="http://www.w3.org/2001/XMLSchema-instance" xsi:noNamespaceSchemaLocation="compound.xsd" version="1.10.0" xml:lang="en-US">
  <compounddef id="db/dbf/classprojektowaniaOprogramowania_1_1ViewModels_1_1PodanieKandydataModel" kind="class" language="C#" prot="public">
    <compoundname>projektowaniaOprogramowania::ViewModels::PodanieKandydataModel</compoundname>
    <derivedcompoundref refid="d5/da0/classprojektowaniaOprogramowania_1_1ViewModels_1_1PodanieNaStudiaIIStopniaModel" prot="public" virt="non-virtual">projektowaniaOprogramowania.ViewModels.PodanieNaStudiaIIStopniaModel</derivedcompoundref>
    <derivedcompoundref refid="d8/d22/classprojektowaniaOprogramowania_1_1ViewModels_1_1PodanieNaStudiaIStopniaModel" prot="public" virt="non-virtual">projektowaniaOprogramowania.ViewModels.PodanieNaStudiaIStopniaModel</derivedcompoundref>
    <sectiondef kind="property">
      <memberdef kind="property" id="db/dbf/classprojektowaniaOprogramowania_1_1ViewModels_1_1PodanieKandydataModel_1a9d7ef85fd4cf8f87d67a3b808b54f115" prot="public" static="no" readable="no" writable="no" gettable="yes" privategettable="no" protectedgettable="no" settable="yes" privatesettable="no" protectedsettable="no">
        <type>long</type>
        <definition>long projektowaniaOprogramowania.ViewModels.PodanieKandydataModel.Id</definition>
        <argsstring></argsstring>
        <name>Id</name>
        <qualifiedname>projektowaniaOprogramowania.ViewModels.PodanieKandydataModel.Id</qualifiedname>
        <briefdescription>
        </briefdescription>
        <detaileddescription>
        </detaileddescription>
        <inbodydescription>
        </inbodydescription>
        <location file="Models/Other/PodanieKandydataModel.cs" line="13" column="21" bodyfile="Models/Other/PodanieKandydataModel.cs" bodystart="13" bodyend="13"/>
      </memberdef>
      <memberdef kind="property" id="db/dbf/classprojektowaniaOprogramowania_1_1ViewModels_1_1PodanieKandydataModel_1afd2b217d258f66951b2b50992abe7dd9" prot="public" static="no" readable="no" writable="no" gettable="yes" privategettable="no" protectedgettable="no" settable="yes" privatesettable="no" protectedsettable="no">
        <type>DateTime</type>
        <definition>DateTime projektowaniaOprogramowania.ViewModels.PodanieKandydataModel.DataZlozeniaPodania</definition>
        <argsstring></argsstring>
        <name>DataZlozeniaPodania</name>
        <qualifiedname>projektowaniaOprogramowania.ViewModels.PodanieKandydataModel.DataZlozeniaPodania</qualifiedname>
        <briefdescription>
        </briefdescription>
        <detaileddescription>
        </detaileddescription>
        <inbodydescription>
        </inbodydescription>
        <location file="Models/Other/PodanieKandydataModel.cs" line="16" column="25" bodyfile="Models/Other/PodanieKandydataModel.cs" bodystart="16" bodyend="16"/>
      </memberdef>
      <memberdef kind="property" id="db/dbf/classprojektowaniaOprogramowania_1_1ViewModels_1_1PodanieKandydataModel_1a20645417c545cda72c3ba5c4b249ed3c" prot="public" static="no" readable="no" writable="no" gettable="yes" privategettable="no" protectedgettable="no" settable="yes" privatesettable="no" protectedsettable="no">
        <type>bool</type>
        <definition>bool projektowaniaOprogramowania.ViewModels.PodanieKandydataModel.CzyAktywny</definition>
        <argsstring></argsstring>
        <name>CzyAktywny</name>
        <qualifiedname>projektowaniaOprogramowania.ViewModels.PodanieKandydataModel.CzyAktywny</qualifiedname>
        <briefdescription>
        </briefdescription>
        <detaileddescription>
        </detaileddescription>
        <inbodydescription>
        </inbodydescription>
        <location file="Models/Other/PodanieKandydataModel.cs" line="19" column="21" bodyfile="Models/Other/PodanieKandydataModel.cs" bodystart="19" bodyend="19"/>
      </memberdef>
      <memberdef kind="property" id="db/dbf/classprojektowaniaOprogramowania_1_1ViewModels_1_1PodanieKandydataModel_1abafc786c90bac5b1d4ca1a8d609c340a" prot="public" static="no" readable="no" writable="no" gettable="yes" privategettable="no" protectedgettable="no" settable="yes" privatesettable="no" protectedsettable="no">
        <type>StatusPodania</type>
        <definition>StatusPodania projektowaniaOprogramowania.ViewModels.PodanieKandydataModel.StatusPodania</definition>
        <argsstring></argsstring>
        <name>StatusPodania</name>
        <qualifiedname>projektowaniaOprogramowania.ViewModels.PodanieKandydataModel.StatusPodania</qualifiedname>
        <briefdescription>
        </briefdescription>
        <detaileddescription>
        </detaileddescription>
        <inbodydescription>
        </inbodydescription>
        <location file="Models/Other/PodanieKandydataModel.cs" line="22" column="30" bodyfile="Models/Other/PodanieKandydataModel.cs" bodystart="22" bodyend="22"/>
      </memberdef>
      <memberdef kind="property" id="db/dbf/classprojektowaniaOprogramowania_1_1ViewModels_1_1PodanieKandydataModel_1a489735ca9e3d1f14edd7a6a85e098dfa" prot="public" static="no" readable="no" writable="no" gettable="yes" privategettable="no" protectedgettable="no" settable="yes" privatesettable="no" protectedsettable="no">
        <type>long</type>
        <definition>long projektowaniaOprogramowania.ViewModels.PodanieKandydataModel.FkIdRekrutacja</definition>
        <argsstring></argsstring>
        <name>FkIdRekrutacja</name>
        <qualifiedname>projektowaniaOprogramowania.ViewModels.PodanieKandydataModel.FkIdRekrutacja</qualifiedname>
        <briefdescription>
        </briefdescription>
        <detaileddescription>
        </detaileddescription>
        <inbodydescription>
        </inbodydescription>
        <location file="Models/Other/PodanieKandydataModel.cs" line="25" column="21" bodyfile="Models/Other/PodanieKandydataModel.cs" bodystart="25" bodyend="25"/>
      </memberdef>
      <memberdef kind="property" id="db/dbf/classprojektowaniaOprogramowania_1_1ViewModels_1_1PodanieKandydataModel_1adb685d77faf85974d58da4092c65ec2f" prot="public" static="no" readable="no" writable="no" gettable="yes" privategettable="no" protectedgettable="no" settable="yes" privatesettable="no" protectedsettable="no">
        <type><ref refid="db/de7/classprojektowaniaOprogramowania_1_1ViewModels_1_1RekrutacjaModel" kindref="compound">RekrutacjaModel</ref></type>
        <definition>RekrutacjaModel projektowaniaOprogramowania.ViewModels.PodanieKandydataModel.Rekrutacja</definition>
        <argsstring></argsstring>
        <name>Rekrutacja</name>
        <qualifiedname>projektowaniaOprogramowania.ViewModels.PodanieKandydataModel.Rekrutacja</qualifiedname>
        <briefdescription>
        </briefdescription>
        <detaileddescription>
        </detaileddescription>
        <inbodydescription>
        </inbodydescription>
        <location file="Models/Other/PodanieKandydataModel.cs" line="26" column="32" bodyfile="Models/Other/PodanieKandydataModel.cs" bodystart="26" bodyend="26"/>
      </memberdef>
      <memberdef kind="property" id="db/dbf/classprojektowaniaOprogramowania_1_1ViewModels_1_1PodanieKandydataModel_1ae1314ea8a1b828dd66ac8c4c7194335d" prot="public" static="no" readable="no" writable="no" gettable="yes" privategettable="no" protectedgettable="no" settable="yes" privatesettable="no" protectedsettable="no">
        <type>long</type>
        <definition>long projektowaniaOprogramowania.ViewModels.PodanieKandydataModel.FkIdKandydat</definition>
        <argsstring></argsstring>
        <name>FkIdKandydat</name>
        <qualifiedname>projektowaniaOprogramowania.ViewModels.PodanieKandydataModel.FkIdKandydat</qualifiedname>
        <briefdescription>
        </briefdescription>
        <detaileddescription>
        </detaileddescription>
        <inbodydescription>
        </inbodydescription>
        <location file="Models/Other/PodanieKandydataModel.cs" line="29" column="21" bodyfile="Models/Other/PodanieKandydataModel.cs" bodystart="29" bodyend="29"/>
      </memberdef>
      <memberdef kind="property" id="db/dbf/classprojektowaniaOprogramowania_1_1ViewModels_1_1PodanieKandydataModel_1ae5370b4425a68f7c6a268e8ee8e6c8ea" prot="public" static="no" readable="no" writable="no" gettable="yes" privategettable="no" protectedgettable="no" settable="yes" privatesettable="no" protectedsettable="no">
        <type><ref refid="d6/da6/classprojektowaniaOprogramowania_1_1ViewModels_1_1Users_1_1KandydatModel" kindref="compound">KandydatModel</ref></type>
        <definition>KandydatModel projektowaniaOprogramowania.ViewModels.PodanieKandydataModel.Kandydat</definition>
        <argsstring></argsstring>
        <name>Kandydat</name>
        <qualifiedname>projektowaniaOprogramowania.ViewModels.PodanieKandydataModel.Kandydat</qualifiedname>
        <briefdescription>
        </briefdescription>
        <detaileddescription>
        </detaileddescription>
        <inbodydescription>
        </inbodydescription>
        <location file="Models/Other/PodanieKandydataModel.cs" line="30" column="30" bodyfile="Models/Other/PodanieKandydataModel.cs" bodystart="30" bodyend="30"/>
      </memberdef>
    </sectiondef>
    <briefdescription>
    </briefdescription>
    <detaileddescription>
    </detaileddescription>
    <inheritancegraph>
      <node id="1">
        <label>projektowaniaOprogramowania.ViewModels.PodanieKandydataModel</label>
        <link refid="db/dbf/classprojektowaniaOprogramowania_1_1ViewModels_1_1PodanieKandydataModel"/>
      </node>
      <node id="2">
        <label>projektowaniaOprogramowania.ViewModels.PodanieNaStudiaIIStopniaModel</label>
        <link refid="d5/da0/classprojektowaniaOprogramowania_1_1ViewModels_1_1PodanieNaStudiaIIStopniaModel"/>
        <childnode refid="1" relation="public-inheritance">
        </childnode>
      </node>
      <node id="3">
        <label>projektowaniaOprogramowania.ViewModels.PodanieNaStudiaIStopniaModel</label>
        <link refid="d8/d22/classprojektowaniaOprogramowania_1_1ViewModels_1_1PodanieNaStudiaIStopniaModel"/>
        <childnode refid="1" relation="public-inheritance">
        </childnode>
      </node>
    </inheritancegraph>
    <location file="Models/Other/PodanieKandydataModel.cs" line="9" column="11" bodyfile="Models/Other/PodanieKandydataModel.cs" bodystart="10" bodyend="31"/>
    <listofallmembers>
      <member refid="db/dbf/classprojektowaniaOprogramowania_1_1ViewModels_1_1PodanieKandydataModel_1a20645417c545cda72c3ba5c4b249ed3c" prot="public" virt="non-virtual"><scope>projektowaniaOprogramowania::ViewModels::PodanieKandydataModel</scope><name>CzyAktywny</name></member>
      <member refid="db/dbf/classprojektowaniaOprogramowania_1_1ViewModels_1_1PodanieKandydataModel_1afd2b217d258f66951b2b50992abe7dd9" prot="public" virt="non-virtual"><scope>projektowaniaOprogramowania::ViewModels::PodanieKandydataModel</scope><name>DataZlozeniaPodania</name></member>
      <member refid="db/dbf/classprojektowaniaOprogramowania_1_1ViewModels_1_1PodanieKandydataModel_1ae1314ea8a1b828dd66ac8c4c7194335d" prot="public" virt="non-virtual"><scope>projektowaniaOprogramowania::ViewModels::PodanieKandydataModel</scope><name>FkIdKandydat</name></member>
      <member refid="db/dbf/classprojektowaniaOprogramowania_1_1ViewModels_1_1PodanieKandydataModel_1a489735ca9e3d1f14edd7a6a85e098dfa" prot="public" virt="non-virtual"><scope>projektowaniaOprogramowania::ViewModels::PodanieKandydataModel</scope><name>FkIdRekrutacja</name></member>
      <member refid="db/dbf/classprojektowaniaOprogramowania_1_1ViewModels_1_1PodanieKandydataModel_1a9d7ef85fd4cf8f87d67a3b808b54f115" prot="public" virt="non-virtual"><scope>projektowaniaOprogramowania::ViewModels::PodanieKandydataModel</scope><name>Id</name></member>
      <member refid="db/dbf/classprojektowaniaOprogramowania_1_1ViewModels_1_1PodanieKandydataModel_1ae5370b4425a68f7c6a268e8ee8e6c8ea" prot="public" virt="non-virtual"><scope>projektowaniaOprogramowania::ViewModels::PodanieKandydataModel</scope><name>Kandydat</name></member>
      <member refid="db/dbf/classprojektowaniaOprogramowania_1_1ViewModels_1_1PodanieKandydataModel_1adb685d77faf85974d58da4092c65ec2f" prot="public" virt="non-virtual"><scope>projektowaniaOprogramowania::ViewModels::PodanieKandydataModel</scope><name>Rekrutacja</name></member>
      <member refid="db/dbf/classprojektowaniaOprogramowania_1_1ViewModels_1_1PodanieKandydataModel_1abafc786c90bac5b1d4ca1a8d609c340a" prot="public" virt="non-virtual"><scope>projektowaniaOprogramowania::ViewModels::PodanieKandydataModel</scope><name>StatusPodania</name></member>
    </listofallmembers>
  </compounddef>
</doxygen>
