<?xml version='1.0' encoding='UTF-8' standalone='no'?>
<doxygen xmlns:xsi="http://www.w3.org/2001/XMLSchema-instance" xsi:noNamespaceSchemaLocation="compound.xsd" version="1.10.0" xml:lang="en-US">
  <compounddef id="d8/d14/namespaceMicrosoft_1_1Extensions_1_1DependencyInjection" kind="namespace" language="C#">
    <compoundname>Microsoft::Extensions::DependencyInjection</compoundname>
    <briefdescription>
    </briefdescription>
    <detaileddescription>
    </detaileddescription>
    <location file="Startup.cs" line="10" column="47"/>
  </compounddef>
</doxygen>
