<?xml version='1.0' encoding='UTF-8' standalone='no'?>
<doxygen xmlns:xsi="http://www.w3.org/2001/XMLSchema-instance" xsi:noNamespaceSchemaLocation="compound.xsd" version="1.10.0" xml:lang="en-US">
  <compounddef id="da/d3d/classprojektowaniaOprogramowania_1_1ViewModels_1_1KierunekNaPodaniuModel" kind="class" language="C#" prot="public">
    <compoundname>projektowaniaOprogramowania::ViewModels::KierunekNaPodaniuModel</compoundname>
    <sectiondef kind="property">
      <memberdef kind="property" id="da/d3d/classprojektowaniaOprogramowania_1_1ViewModels_1_1KierunekNaPodaniuModel_1ad1c22a22af0a0aa55d091facd12b030b" prot="public" static="no" readable="no" writable="no" gettable="yes" privategettable="no" protectedgettable="no" settable="yes" privatesettable="no" protectedsettable="no">
        <type>long</type>
        <definition>long projektowaniaOprogramowania.ViewModels.KierunekNaPodaniuModel.Id</definition>
        <argsstring></argsstring>
        <name>Id</name>
        <qualifiedname>projektowaniaOprogramowania.ViewModels.KierunekNaPodaniuModel.Id</qualifiedname>
        <briefdescription>
        </briefdescription>
        <detaileddescription>
        </detaileddescription>
        <inbodydescription>
        </inbodydescription>
        <location file="Models/Other/KierunekNaPodaniuModel.cs" line="12" column="21" bodyfile="Models/Other/KierunekNaPodaniuModel.cs" bodystart="12" bodyend="12"/>
      </memberdef>
      <memberdef kind="property" id="da/d3d/classprojektowaniaOprogramowania_1_1ViewModels_1_1KierunekNaPodaniuModel_1ab7f37d64f9ae0467977a8de1351a3c66" prot="public" static="no" readable="no" writable="no" gettable="yes" privategettable="no" protectedgettable="no" settable="yes" privatesettable="no" protectedsettable="no">
        <type>int</type>
        <definition>int projektowaniaOprogramowania.ViewModels.KierunekNaPodaniuModel.Priorytet</definition>
        <argsstring></argsstring>
        <name>Priorytet</name>
        <qualifiedname>projektowaniaOprogramowania.ViewModels.KierunekNaPodaniuModel.Priorytet</qualifiedname>
        <briefdescription>
        </briefdescription>
        <detaileddescription>
        </detaileddescription>
        <inbodydescription>
        </inbodydescription>
        <location file="Models/Other/KierunekNaPodaniuModel.cs" line="15" column="20" bodyfile="Models/Other/KierunekNaPodaniuModel.cs" bodystart="15" bodyend="15"/>
      </memberdef>
      <memberdef kind="property" id="da/d3d/classprojektowaniaOprogramowania_1_1ViewModels_1_1KierunekNaPodaniuModel_1a82bb29a4fb5c9d154b9b566d290444e7" prot="public" static="no" readable="no" writable="no" gettable="yes" privategettable="no" protectedgettable="no" settable="yes" privatesettable="no" protectedsettable="no">
        <type>long</type>
        <definition>long projektowaniaOprogramowania.ViewModels.KierunekNaPodaniuModel.FkIdPodanieKandydata</definition>
        <argsstring></argsstring>
        <name>FkIdPodanieKandydata</name>
        <qualifiedname>projektowaniaOprogramowania.ViewModels.KierunekNaPodaniuModel.FkIdPodanieKandydata</qualifiedname>
        <briefdescription>
        </briefdescription>
        <detaileddescription>
        </detaileddescription>
        <inbodydescription>
        </inbodydescription>
        <location file="Models/Other/KierunekNaPodaniuModel.cs" line="18" column="21" bodyfile="Models/Other/KierunekNaPodaniuModel.cs" bodystart="18" bodyend="18"/>
      </memberdef>
      <memberdef kind="property" id="da/d3d/classprojektowaniaOprogramowania_1_1ViewModels_1_1KierunekNaPodaniuModel_1aa59ec5660c21cdccc712566e481cfdc3" prot="public" static="no" readable="no" writable="no" gettable="yes" privategettable="no" protectedgettable="no" settable="yes" privatesettable="no" protectedsettable="no">
        <type><ref refid="db/dbf/classprojektowaniaOprogramowania_1_1ViewModels_1_1PodanieKandydataModel" kindref="compound">PodanieKandydataModel</ref></type>
        <definition>PodanieKandydataModel projektowaniaOprogramowania.ViewModels.KierunekNaPodaniuModel.PodanieKandydata</definition>
        <argsstring></argsstring>
        <name>PodanieKandydata</name>
        <qualifiedname>projektowaniaOprogramowania.ViewModels.KierunekNaPodaniuModel.PodanieKandydata</qualifiedname>
        <briefdescription>
        </briefdescription>
        <detaileddescription>
        </detaileddescription>
        <inbodydescription>
        </inbodydescription>
        <location file="Models/Other/KierunekNaPodaniuModel.cs" line="19" column="38" bodyfile="Models/Other/KierunekNaPodaniuModel.cs" bodystart="19" bodyend="19"/>
      </memberdef>
      <memberdef kind="property" id="da/d3d/classprojektowaniaOprogramowania_1_1ViewModels_1_1KierunekNaPodaniuModel_1a1dde29286c15c5a08ab309931ea8367f" prot="public" static="no" readable="no" writable="no" gettable="yes" privategettable="no" protectedgettable="no" settable="yes" privatesettable="no" protectedsettable="no">
        <type>long</type>
        <definition>long projektowaniaOprogramowania.ViewModels.KierunekNaPodaniuModel.FkIdKierunek</definition>
        <argsstring></argsstring>
        <name>FkIdKierunek</name>
        <qualifiedname>projektowaniaOprogramowania.ViewModels.KierunekNaPodaniuModel.FkIdKierunek</qualifiedname>
        <briefdescription>
        </briefdescription>
        <detaileddescription>
        </detaileddescription>
        <inbodydescription>
        </inbodydescription>
        <location file="Models/Other/KierunekNaPodaniuModel.cs" line="22" column="21" bodyfile="Models/Other/KierunekNaPodaniuModel.cs" bodystart="22" bodyend="22"/>
      </memberdef>
      <memberdef kind="property" id="da/d3d/classprojektowaniaOprogramowania_1_1ViewModels_1_1KierunekNaPodaniuModel_1a9b335cdc340fc6576842cbdd3b2f6c3e" prot="public" static="no" readable="no" writable="no" gettable="yes" privategettable="no" protectedgettable="no" settable="yes" privatesettable="no" protectedsettable="no">
        <type><ref refid="dd/d2a/classprojektowaniaOprogramowania_1_1ViewModels_1_1CollegeStructures_1_1KierunekModel" kindref="compound">KierunekModel</ref></type>
        <definition>KierunekModel projektowaniaOprogramowania.ViewModels.KierunekNaPodaniuModel.Kierunek</definition>
        <argsstring></argsstring>
        <name>Kierunek</name>
        <qualifiedname>projektowaniaOprogramowania.ViewModels.KierunekNaPodaniuModel.Kierunek</qualifiedname>
        <briefdescription>
        </briefdescription>
        <detaileddescription>
        </detaileddescription>
        <inbodydescription>
        </inbodydescription>
        <location file="Models/Other/KierunekNaPodaniuModel.cs" line="23" column="30" bodyfile="Models/Other/KierunekNaPodaniuModel.cs" bodystart="23" bodyend="23"/>
      </memberdef>
    </sectiondef>
    <briefdescription>
    </briefdescription>
    <detaileddescription>
    </detaileddescription>
    <location file="Models/Other/KierunekNaPodaniuModel.cs" line="8" column="11" bodyfile="Models/Other/KierunekNaPodaniuModel.cs" bodystart="9" bodyend="25"/>
    <listofallmembers>
      <member refid="da/d3d/classprojektowaniaOprogramowania_1_1ViewModels_1_1KierunekNaPodaniuModel_1a1dde29286c15c5a08ab309931ea8367f" prot="public" virt="non-virtual"><scope>projektowaniaOprogramowania::ViewModels::KierunekNaPodaniuModel</scope><name>FkIdKierunek</name></member>
      <member refid="da/d3d/classprojektowaniaOprogramowania_1_1ViewModels_1_1KierunekNaPodaniuModel_1a82bb29a4fb5c9d154b9b566d290444e7" prot="public" virt="non-virtual"><scope>projektowaniaOprogramowania::ViewModels::KierunekNaPodaniuModel</scope><name>FkIdPodanieKandydata</name></member>
      <member refid="da/d3d/classprojektowaniaOprogramowania_1_1ViewModels_1_1KierunekNaPodaniuModel_1ad1c22a22af0a0aa55d091facd12b030b" prot="public" virt="non-virtual"><scope>projektowaniaOprogramowania::ViewModels::KierunekNaPodaniuModel</scope><name>Id</name></member>
      <member refid="da/d3d/classprojektowaniaOprogramowania_1_1ViewModels_1_1KierunekNaPodaniuModel_1a9b335cdc340fc6576842cbdd3b2f6c3e" prot="public" virt="non-virtual"><scope>projektowaniaOprogramowania::ViewModels::KierunekNaPodaniuModel</scope><name>Kierunek</name></member>
      <member refid="da/d3d/classprojektowaniaOprogramowania_1_1ViewModels_1_1KierunekNaPodaniuModel_1aa59ec5660c21cdccc712566e481cfdc3" prot="public" virt="non-virtual"><scope>projektowaniaOprogramowania::ViewModels::KierunekNaPodaniuModel</scope><name>PodanieKandydata</name></member>
      <member refid="da/d3d/classprojektowaniaOprogramowania_1_1ViewModels_1_1KierunekNaPodaniuModel_1ab7f37d64f9ae0467977a8de1351a3c66" prot="public" virt="non-virtual"><scope>projektowaniaOprogramowania::ViewModels::KierunekNaPodaniuModel</scope><name>Priorytet</name></member>
    </listofallmembers>
  </compounddef>
</doxygen>
