<?xml version='1.0' encoding='UTF-8' standalone='no'?>
<doxygen xmlns:xsi="http://www.w3.org/2001/XMLSchema-instance" xsi:noNamespaceSchemaLocation="compound.xsd" version="1.10.0" xml:lang="en-US">
  <compounddef id="de/df9/ISessionWrapper_8cs" kind="file" language="C#">
    <compoundname>ISessionWrapper.cs</compoundname>
    <innerclass refid="d9/da7/interfaceprojektowaniaOprogramowania_1_1Services_1_1ISessionWrapper" prot="public">projektowaniaOprogramowania::Services::ISessionWrapper</innerclass>
    <innernamespace refid="d8/d9d/namespaceprojektowaniaOprogramowania">projektowaniaOprogramowania</innernamespace>
    <innernamespace refid="d8/d08/namespaceprojektowaniaOprogramowania_1_1Services">projektowaniaOprogramowania::Services</innernamespace>
    <briefdescription>
    </briefdescription>
    <detaileddescription>
    </detaileddescription>
    <programlisting>
<codeline lineno="1" refid="d8/d08/namespaceprojektowaniaOprogramowania_1_1Services" refkind="compound"><highlight class="keyword">namespace<sp/></highlight><highlight class="normal"><ref refid="d8/d08/namespaceprojektowaniaOprogramowania_1_1Services" kindref="compound">projektowaniaOprogramowania.Services</ref></highlight></codeline>
<codeline lineno="2"><highlight class="normal">{</highlight></codeline>
<codeline lineno="3" refid="d9/da7/interfaceprojektowaniaOprogramowania_1_1Services_1_1ISessionWrapper" refkind="compound"><highlight class="normal"><sp/><sp/><sp/><sp/></highlight><highlight class="keyword">public</highlight><highlight class="normal"><sp/></highlight><highlight class="keyword">interface<sp/></highlight><highlight class="normal"><ref refid="d9/da7/interfaceprojektowaniaOprogramowania_1_1Services_1_1ISessionWrapper" kindref="compound">ISessionWrapper</ref></highlight></codeline>
<codeline lineno="4"><highlight class="normal"><sp/><sp/><sp/><sp/>{</highlight></codeline>
<codeline lineno="5"><highlight class="normal"><sp/><sp/><sp/><sp/><sp/><sp/><sp/><sp/></highlight><highlight class="keywordtype">long</highlight><highlight class="normal">?<sp/>GetUserId();</highlight></codeline>
<codeline lineno="6"><highlight class="normal"><sp/><sp/><sp/><sp/>}</highlight></codeline>
<codeline lineno="7"><highlight class="normal">}</highlight></codeline>
    </programlisting>
    <location file="Services/ISessionWrapper.cs"/>
  </compounddef>
</doxygen>
