<?xml version='1.0' encoding='UTF-8' standalone='no'?>
<doxygen xmlns:xsi="http://www.w3.org/2001/XMLSchema-instance" xsi:noNamespaceSchemaLocation="compound.xsd" version="1.10.0" xml:lang="en-US">
  <compounddef id="d5/db5/classprojektowaniaOprogramowania_1_1Services_1_1SessionExtensions" kind="class" language="C#" prot="public">
    <compoundname>projektowaniaOprogramowania::Services::SessionExtensions</compoundname>
    <sectiondef kind="public-static-func">
      <memberdef kind="function" id="d5/db5/classprojektowaniaOprogramowania_1_1Services_1_1SessionExtensions_1a770c411b00923a54a0fd3d25fb7dcd58" prot="public" static="yes" const="no" explicit="no" inline="yes" virt="non-virtual">
        <type>void</type>
        <definition>static void projektowaniaOprogramowania.Services.SessionExtensions.SetLong</definition>
        <argsstring>(this ISession session, string key, long value)</argsstring>
        <name>SetLong</name>
        <qualifiedname>projektowaniaOprogramowania.Services.SessionExtensions.SetLong</qualifiedname>
        <param>
          <type>this ISession</type>
          <declname>session</declname>
        </param>
        <param>
          <type>string</type>
          <declname>key</declname>
        </param>
        <param>
          <type>long</type>
          <declname>value</declname>
        </param>
        <briefdescription>
        </briefdescription>
        <detaileddescription>
        </detaileddescription>
        <inbodydescription>
        </inbodydescription>
        <location file="Services/SessionExtensions.cs" line="8" column="28" bodyfile="Services/SessionExtensions.cs" bodystart="8" bodyend="12"/>
      </memberdef>
      <memberdef kind="function" id="d5/db5/classprojektowaniaOprogramowania_1_1Services_1_1SessionExtensions_1ada37ca96266deb44bd97f7c477db3180" prot="public" static="yes" const="no" explicit="no" inline="yes" virt="non-virtual">
        <type>? long</type>
        <definition>static ? long projektowaniaOprogramowania.Services.SessionExtensions.GetLong</definition>
        <argsstring>(this ISession session, string key)</argsstring>
        <name>GetLong</name>
        <qualifiedname>projektowaniaOprogramowania.Services.SessionExtensions.GetLong</qualifiedname>
        <param>
          <type>this ISession</type>
          <declname>session</declname>
        </param>
        <param>
          <type>string</type>
          <declname>key</declname>
        </param>
        <briefdescription>
        </briefdescription>
        <detaileddescription>
        </detaileddescription>
        <inbodydescription>
        </inbodydescription>
        <location file="Services/SessionExtensions.cs" line="14" column="28" bodyfile="Services/SessionExtensions.cs" bodystart="14" bodyend="22"/>
      </memberdef>
    </sectiondef>
    <briefdescription>
    </briefdescription>
    <detaileddescription>
    </detaileddescription>
    <location file="Services/SessionExtensions.cs" line="6" column="19" bodyfile="Services/SessionExtensions.cs" bodystart="7" bodyend="23"/>
    <listofallmembers>
      <member refid="d5/db5/classprojektowaniaOprogramowania_1_1Services_1_1SessionExtensions_1ada37ca96266deb44bd97f7c477db3180" prot="public" virt="non-virtual"><scope>projektowaniaOprogramowania::Services::SessionExtensions</scope><name>GetLong</name></member>
      <member refid="d5/db5/classprojektowaniaOprogramowania_1_1Services_1_1SessionExtensions_1a770c411b00923a54a0fd3d25fb7dcd58" prot="public" virt="non-virtual"><scope>projektowaniaOprogramowania::Services::SessionExtensions</scope><name>SetLong</name></member>
    </listofallmembers>
  </compounddef>
</doxygen>
