<?xml version='1.0' encoding='UTF-8' standalone='no'?>
<doxygen xmlns:xsi="http://www.w3.org/2001/XMLSchema-instance" xsi:noNamespaceSchemaLocation="compound.xsd" version="1.10.0" xml:lang="en-US">
  <compounddef id="d4/dab/Home_2Index_8cshtml_8g_8cs" kind="file" language="C#">
    <compoundname>Index.cshtml.g.cs</compoundname>
    <innerclass refid="d8/d89/classAspNetCore_1_1Views__Home__Index" prot="public">AspNetCore::Views_Home_Index</innerclass>
    <innernamespace refid="d4/d38/namespaceAspNetCore">AspNetCore</innernamespace>
    <briefdescription>
    </briefdescription>
    <detaileddescription>
    </detaileddescription>
    <programlisting>
<codeline lineno="1"><highlight class="preprocessor">#pragma<sp/>checksum<sp/>&quot;/home/wieslaw/PWr/PO/Projekt/software-engineering-recruitment-system-ssh/software-engineering-recruitment-system/projektowaniaOprogramowania/Views/Home/Index.cshtml&quot;<sp/>&quot;{ff1816ec-aa5e-4d10-87f7-6f4963833460}&quot;<sp/>&quot;58229f53634dd2fefe6f7ece7a066452e4e59ff0&quot;</highlight><highlight class="normal"></highlight></codeline>
<codeline lineno="2"><highlight class="normal"></highlight><highlight class="comment">//<sp/>&lt;auto-generated/&gt;</highlight><highlight class="normal"></highlight></codeline>
<codeline lineno="3"><highlight class="normal"></highlight><highlight class="preprocessor">#pragma<sp/>warning<sp/>disable<sp/>1591</highlight><highlight class="normal"></highlight></codeline>
<codeline lineno="4"><highlight class="normal">[assembly:<sp/>global::Microsoft.AspNetCore.Razor.Hosting.RazorCompiledItemAttribute(typeof(<ref refid="d4/d38/namespaceAspNetCore" kindref="compound">AspNetCore</ref>.<ref refid="d8/d89/classAspNetCore_1_1Views__Home__Index" kindref="compound">Views_Home_Index</ref>),<sp/></highlight><highlight class="stringliteral">@&quot;mvc.1.0.view&quot;</highlight><highlight class="normal">,<sp/></highlight><highlight class="stringliteral">@&quot;/Views/Home/Index.cshtml&quot;</highlight><highlight class="normal">)]</highlight></codeline>
<codeline lineno="5"><highlight class="normal"></highlight><highlight class="keyword">namespace<sp/></highlight><highlight class="normal"><ref refid="d4/d38/namespaceAspNetCore" kindref="compound">AspNetCore</ref></highlight></codeline>
<codeline lineno="6"><highlight class="normal">{</highlight></codeline>
<codeline lineno="7"><highlight class="normal"></highlight><highlight class="preprocessor"><sp/><sp/><sp/><sp/>#line<sp/>hidden</highlight><highlight class="normal"></highlight></codeline>
<codeline lineno="8"><highlight class="normal"><sp/><sp/><sp/><sp/></highlight><highlight class="keyword">using<sp/></highlight><highlight class="normal">System;</highlight></codeline>
<codeline lineno="9"><highlight class="normal"><sp/><sp/><sp/><sp/></highlight><highlight class="keyword">using<sp/></highlight><highlight class="normal">System.Collections.Generic;</highlight></codeline>
<codeline lineno="10"><highlight class="normal"><sp/><sp/><sp/><sp/></highlight><highlight class="keyword">using<sp/></highlight><highlight class="normal">System.Linq;</highlight></codeline>
<codeline lineno="11"><highlight class="normal"><sp/><sp/><sp/><sp/></highlight><highlight class="keyword">using<sp/></highlight><highlight class="normal">System.Threading.Tasks;</highlight></codeline>
<codeline lineno="12"><highlight class="normal"><sp/><sp/><sp/><sp/></highlight><highlight class="keyword">using<sp/></highlight><highlight class="normal">Microsoft.AspNetCore.Mvc;</highlight></codeline>
<codeline lineno="13"><highlight class="normal"><sp/><sp/><sp/><sp/></highlight><highlight class="keyword">using<sp/></highlight><highlight class="normal">Microsoft.AspNetCore.Mvc.Rendering;</highlight></codeline>
<codeline lineno="14"><highlight class="normal"><sp/><sp/><sp/><sp/></highlight><highlight class="keyword">using<sp/></highlight><highlight class="normal">Microsoft.AspNetCore.Mvc.ViewFeatures;</highlight></codeline>
<codeline lineno="15"><highlight class="normal"></highlight><highlight class="preprocessor">#nullable<sp/>restore</highlight><highlight class="normal"></highlight></codeline>
<codeline lineno="16"><highlight class="normal"></highlight><highlight class="preprocessor">#line<sp/>1<sp/>&quot;/home/wieslaw/PWr/PO/Projekt/software-engineering-recruitment-system-ssh/software-engineering-recruitment-system/projektowaniaOprogramowania/Views/_ViewImports.cshtml&quot;</highlight><highlight class="normal"></highlight></codeline>
<codeline lineno="17"><highlight class="normal"></highlight><highlight class="keyword">using<sp/></highlight><highlight class="normal"><ref refid="d8/d9d/namespaceprojektowaniaOprogramowania" kindref="compound">projektowaniaOprogramowania</ref>;</highlight></codeline>
<codeline lineno="18"><highlight class="normal"></highlight></codeline>
<codeline lineno="19"><highlight class="normal"></highlight><highlight class="preprocessor">#line<sp/>default</highlight><highlight class="normal"></highlight></codeline>
<codeline lineno="20"><highlight class="normal"></highlight><highlight class="preprocessor">#line<sp/>hidden</highlight><highlight class="normal"></highlight></codeline>
<codeline lineno="21"><highlight class="normal"></highlight><highlight class="preprocessor">#nullable<sp/>disable</highlight><highlight class="normal"></highlight></codeline>
<codeline lineno="22"><highlight class="normal"></highlight><highlight class="preprocessor">#nullable<sp/>restore</highlight><highlight class="normal"></highlight></codeline>
<codeline lineno="23"><highlight class="normal"></highlight><highlight class="preprocessor">#line<sp/>2<sp/>&quot;/home/wieslaw/PWr/PO/Projekt/software-engineering-recruitment-system-ssh/software-engineering-recruitment-system/projektowaniaOprogramowania/Views/_ViewImports.cshtml&quot;</highlight><highlight class="normal"></highlight></codeline>
<codeline lineno="24"><highlight class="normal"></highlight><highlight class="keyword">using<sp/></highlight><highlight class="normal"><ref refid="d6/d4b/namespaceprojektowaniaOprogramowania_1_1Models" kindref="compound">projektowaniaOprogramowania.Models</ref>;</highlight></codeline>
<codeline lineno="25"><highlight class="normal"></highlight></codeline>
<codeline lineno="26"><highlight class="normal"></highlight><highlight class="preprocessor">#line<sp/>default</highlight><highlight class="normal"></highlight></codeline>
<codeline lineno="27"><highlight class="normal"></highlight><highlight class="preprocessor">#line<sp/>hidden</highlight><highlight class="normal"></highlight></codeline>
<codeline lineno="28"><highlight class="normal"></highlight><highlight class="preprocessor">#nullable<sp/>disable</highlight><highlight class="normal"></highlight></codeline>
<codeline lineno="29"><highlight class="normal"><sp/><sp/><sp/><sp/>[global::Microsoft.AspNetCore.Razor.Hosting.RazorSourceChecksumAttribute(</highlight><highlight class="stringliteral">@&quot;SHA1&quot;</highlight><highlight class="normal">,<sp/></highlight><highlight class="stringliteral">@&quot;58229f53634dd2fefe6f7ece7a066452e4e59ff0&quot;</highlight><highlight class="normal">,<sp/></highlight><highlight class="stringliteral">@&quot;/Views/Home/Index.cshtml&quot;</highlight><highlight class="normal">)]</highlight></codeline>
<codeline lineno="30"><highlight class="normal"><sp/><sp/><sp/><sp/>[global::Microsoft.AspNetCore.Razor.Hosting.RazorSourceChecksumAttribute(</highlight><highlight class="stringliteral">@&quot;SHA1&quot;</highlight><highlight class="normal">,<sp/></highlight><highlight class="stringliteral">@&quot;539bf3beeca7adc28425b879b50b0d4ad165e43d&quot;</highlight><highlight class="normal">,<sp/></highlight><highlight class="stringliteral">@&quot;/Views/_ViewImports.cshtml&quot;</highlight><highlight class="normal">)]</highlight></codeline>
<codeline lineno="31" refid="d8/d89/classAspNetCore_1_1Views__Home__Index" refkind="compound"><highlight class="normal"><sp/><sp/><sp/><sp/></highlight><highlight class="keyword">public</highlight><highlight class="normal"><sp/></highlight><highlight class="keyword">class<sp/></highlight><highlight class="normal"><ref refid="d8/d89/classAspNetCore_1_1Views__Home__Index" kindref="compound">Views_Home_Index</ref><sp/>:<sp/>global::Microsoft.<ref refid="d4/d38/namespaceAspNetCore" kindref="compound">AspNetCore</ref>.Mvc.Razor.RazorPage&lt;dynamic&gt;</highlight></codeline>
<codeline lineno="32"><highlight class="normal"><sp/><sp/><sp/><sp/>{</highlight></codeline>
<codeline lineno="33"><highlight class="normal"></highlight><highlight class="preprocessor"><sp/><sp/><sp/><sp/><sp/><sp/><sp/><sp/>#pragma<sp/>warning<sp/>disable<sp/>1998</highlight><highlight class="normal"></highlight></codeline>
<codeline lineno="34"><highlight class="normal"><sp/><sp/><sp/><sp/><sp/><sp/><sp/><sp/></highlight><highlight class="keyword">public</highlight><highlight class="normal"><sp/>async<sp/></highlight><highlight class="keyword">override</highlight><highlight class="normal"><sp/>global::System.Threading.<ref refid="d9/dc0/namespaceSystem_1_1Threading_1_1Tasks" kindref="compound">Tasks</ref>.Task<sp/>ExecuteAsync()</highlight></codeline>
<codeline lineno="35"><highlight class="normal"><sp/><sp/><sp/><sp/><sp/><sp/><sp/><sp/>{</highlight></codeline>
<codeline lineno="36"><highlight class="normal"></highlight><highlight class="preprocessor">#nullable<sp/>restore</highlight><highlight class="normal"></highlight></codeline>
<codeline lineno="37"><highlight class="normal"></highlight><highlight class="preprocessor">#line<sp/>1<sp/>&quot;/home/wieslaw/PWr/PO/Projekt/software-engineering-recruitment-system-ssh/software-engineering-recruitment-system/projektowaniaOprogramowania/Views/Home/Index.cshtml&quot;</highlight><highlight class="normal"></highlight></codeline>
<codeline lineno="38"><highlight class="normal"><sp/><sp/></highlight></codeline>
<codeline lineno="39"><highlight class="normal"><sp/><sp/><sp/><sp/>ViewBag.Title<sp/>=<sp/></highlight><highlight class="stringliteral">&quot;Strona<sp/>główna&quot;</highlight><highlight class="normal">;</highlight></codeline>
<codeline lineno="40"><highlight class="normal"></highlight></codeline>
<codeline lineno="41"><highlight class="normal"></highlight><highlight class="preprocessor">#line<sp/>default</highlight><highlight class="normal"></highlight></codeline>
<codeline lineno="42"><highlight class="normal"></highlight><highlight class="preprocessor">#line<sp/>hidden</highlight><highlight class="normal"></highlight></codeline>
<codeline lineno="43"><highlight class="normal"></highlight><highlight class="preprocessor">#nullable<sp/>disable</highlight><highlight class="normal"></highlight></codeline>
<codeline lineno="44"><highlight class="normal"><sp/><sp/><sp/><sp/><sp/><sp/><sp/><sp/><sp/><sp/><sp/><sp/>WriteLiteral(</highlight><highlight class="stringliteral">&quot;\n&quot;</highlight><highlight class="normal">);</highlight></codeline>
<codeline lineno="45"><highlight class="normal"><sp/><sp/><sp/><sp/><sp/><sp/><sp/><sp/><sp/><sp/><sp/><sp/>DefineSection(</highlight><highlight class="stringliteral">&quot;HeaderPart&quot;</highlight><highlight class="normal">,<sp/>async()<sp/>=&gt;<sp/>{</highlight></codeline>
<codeline lineno="46"><highlight class="normal"><sp/><sp/><sp/><sp/><sp/><sp/><sp/><sp/><sp/><sp/><sp/><sp/><sp/><sp/><sp/><sp/>WriteLiteral(</highlight><highlight class="stringliteral">&quot;\n&lt;div&gt;\n<sp/><sp/><sp/><sp/>&lt;h1&gt;Kształcimy<sp/>najlepszych&lt;/h1&gt;\n<sp/><sp/><sp/><sp/>&lt;a&quot;</highlight><highlight class="normal">);</highlight></codeline>
<codeline lineno="47"><highlight class="normal"><sp/><sp/><sp/><sp/><sp/><sp/><sp/><sp/><sp/><sp/><sp/><sp/><sp/><sp/><sp/><sp/>BeginWriteAttribute(</highlight><highlight class="stringliteral">&quot;href&quot;</highlight><highlight class="normal">,<sp/></highlight><highlight class="stringliteral">&quot;<sp/>href=\&quot;&quot;</highlight><highlight class="normal">,<sp/>113,<sp/></highlight><highlight class="stringliteral">&quot;\&quot;&quot;</highlight><highlight class="normal">,<sp/>148,<sp/>1);</highlight></codeline>
<codeline lineno="48"><highlight class="normal"></highlight><highlight class="preprocessor">#nullable<sp/>restore</highlight><highlight class="normal"></highlight></codeline>
<codeline lineno="49"><highlight class="normal"></highlight><highlight class="preprocessor">#line<sp/>9<sp/>&quot;/home/wieslaw/PWr/PO/Projekt/software-engineering-recruitment-system-ssh/software-engineering-recruitment-system/projektowaniaOprogramowania/Views/Home/Index.cshtml&quot;</highlight><highlight class="normal"></highlight></codeline>
<codeline lineno="50"><highlight class="normal">WriteAttributeValue(</highlight><highlight class="stringliteral">&quot;&quot;</highlight><highlight class="normal">,<sp/>120,<sp/>Url.Action(</highlight><highlight class="stringliteral">&quot;Apply&quot;</highlight><highlight class="normal">,<sp/></highlight><highlight class="stringliteral">&quot;Home&quot;</highlight><highlight class="normal">),<sp/>120,<sp/>28,<sp/></highlight><highlight class="keyword">false</highlight><highlight class="normal">);</highlight></codeline>
<codeline lineno="51"><highlight class="normal"></highlight></codeline>
<codeline lineno="52"><highlight class="normal"></highlight><highlight class="preprocessor">#line<sp/>default</highlight><highlight class="normal"></highlight></codeline>
<codeline lineno="53"><highlight class="normal"></highlight><highlight class="preprocessor">#line<sp/>hidden</highlight><highlight class="normal"></highlight></codeline>
<codeline lineno="54"><highlight class="normal"></highlight><highlight class="preprocessor">#nullable<sp/>disable</highlight><highlight class="normal"></highlight></codeline>
<codeline lineno="55"><highlight class="normal"><sp/><sp/><sp/><sp/><sp/><sp/><sp/><sp/><sp/><sp/><sp/><sp/><sp/><sp/><sp/><sp/>EndWriteAttribute();</highlight></codeline>
<codeline lineno="56"><highlight class="normal"><sp/><sp/><sp/><sp/><sp/><sp/><sp/><sp/><sp/><sp/><sp/><sp/><sp/><sp/><sp/><sp/>WriteLiteral(</highlight><highlight class="stringliteral">&quot;<sp/>class=\&quot;button\&quot;&gt;Aplikuj<sp/>online&lt;/a&gt;\n&lt;/div&gt;\n&quot;</highlight><highlight class="normal">);</highlight></codeline>
<codeline lineno="57"><highlight class="normal"><sp/><sp/><sp/><sp/><sp/><sp/><sp/><sp/><sp/><sp/><sp/><sp/>}</highlight></codeline>
<codeline lineno="58"><highlight class="normal"><sp/><sp/><sp/><sp/><sp/><sp/><sp/><sp/><sp/><sp/><sp/><sp/>);</highlight></codeline>
<codeline lineno="59"><highlight class="normal"><sp/><sp/><sp/><sp/><sp/><sp/><sp/><sp/><sp/><sp/><sp/><sp/>WriteLiteral(</highlight><highlight class="stringliteral">@&quot;</highlight></codeline>
<codeline lineno="60"><highlight class="stringliteral">&lt;div<sp/>class=&quot;&quot;content&quot;&quot;&gt;</highlight></codeline>
<codeline lineno="61"><highlight class="stringliteral"><sp/><sp/><sp/><sp/>&lt;div<sp/>class=&quot;&quot;row&quot;&quot;&gt;</highlight></codeline>
<codeline lineno="62"><highlight class="stringliteral"><sp/><sp/><sp/><sp/><sp/><sp/><sp/><sp/>&lt;div<sp/>class=&quot;&quot;col-md-6&quot;&quot;&gt;</highlight></codeline>
<codeline lineno="63"><highlight class="stringliteral"><sp/><sp/><sp/><sp/><sp/><sp/><sp/><sp/><sp/><sp/><sp/><sp/>&lt;div&gt;</highlight></codeline>
<codeline lineno="64"><highlight class="stringliteral"><sp/><sp/><sp/><sp/><sp/><sp/><sp/><sp/><sp/><sp/><sp/><sp/><sp/><sp/><sp/><sp/>&lt;h3&gt;NIE<sp/>WIESZ<sp/>JAKI<sp/>KIERUNEK<sp/>WYBRAĆ?&lt;/h3&gt;</highlight></codeline>
<codeline lineno="65"><highlight class="stringliteral"><sp/><sp/><sp/><sp/><sp/><sp/><sp/><sp/><sp/><sp/><sp/><sp/><sp/><sp/><sp/><sp/>&lt;p&gt;Wyliczymy!<sp/>Nasz<sp/>nowoczesny<sp/>model<sp/>matematyczny<sp/>pokaże<sp/>jakie<sp/>kierunki<sp/>powinny<sp/>być<sp/>dla<sp/>Ciebie<sp/>dostępne.&lt;/p&gt;</highlight></codeline>
<codeline lineno="66"><highlight class="stringliteral"><sp/><sp/><sp/><sp/><sp/><sp/><sp/><sp/><sp/><sp/><sp/><sp/><sp/><sp/><sp/><sp/>&lt;button<sp/>class=&quot;&quot;btn-primary&quot;&quot;&quot;</highlight><highlight class="normal">);</highlight></codeline>
<codeline lineno="67"><highlight class="normal"><sp/><sp/><sp/><sp/><sp/><sp/><sp/><sp/><sp/><sp/><sp/><sp/>BeginWriteAttribute(</highlight><highlight class="stringliteral">&quot;onclick&quot;</highlight><highlight class="normal">,<sp/></highlight><highlight class="stringliteral">&quot;<sp/>onclick=\&quot;&quot;</highlight><highlight class="normal">,<sp/>511,<sp/></highlight><highlight class="stringliteral">&quot;\&quot;&quot;</highlight><highlight class="normal">,<sp/>581,<sp/>3);</highlight></codeline>
<codeline lineno="68"><highlight class="normal"><sp/><sp/><sp/><sp/><sp/><sp/><sp/><sp/><sp/><sp/><sp/><sp/>WriteAttributeValue(</highlight><highlight class="stringliteral">&quot;&quot;</highlight><highlight class="normal">,<sp/>521,<sp/></highlight><highlight class="stringliteral">&quot;location.href=\&apos;&quot;</highlight><highlight class="normal">,<sp/>521,<sp/>15,<sp/></highlight><highlight class="keyword">true</highlight><highlight class="normal">);</highlight></codeline>
<codeline lineno="69"><highlight class="normal"></highlight><highlight class="preprocessor">#nullable<sp/>restore</highlight><highlight class="normal"></highlight></codeline>
<codeline lineno="70"><highlight class="normal"></highlight><highlight class="preprocessor">#line<sp/>19<sp/>&quot;/home/wieslaw/PWr/PO/Projekt/software-engineering-recruitment-system-ssh/software-engineering-recruitment-system/projektowaniaOprogramowania/Views/Home/Index.cshtml&quot;</highlight><highlight class="normal"></highlight></codeline>
<codeline lineno="71"><highlight class="normal">WriteAttributeValue(</highlight><highlight class="stringliteral">&quot;&quot;</highlight><highlight class="normal">,<sp/>536,<sp/>Url.Action(</highlight><highlight class="stringliteral">&quot;WyswietlKierunki&quot;</highlight><highlight class="normal">,<sp/></highlight><highlight class="stringliteral">&quot;Predykcja&quot;</highlight><highlight class="normal">),<sp/>536,<sp/>44,<sp/></highlight><highlight class="keyword">false</highlight><highlight class="normal">);</highlight></codeline>
<codeline lineno="72"><highlight class="normal"></highlight></codeline>
<codeline lineno="73"><highlight class="normal"></highlight><highlight class="preprocessor">#line<sp/>default</highlight><highlight class="normal"></highlight></codeline>
<codeline lineno="74"><highlight class="normal"></highlight><highlight class="preprocessor">#line<sp/>hidden</highlight><highlight class="normal"></highlight></codeline>
<codeline lineno="75"><highlight class="normal"></highlight><highlight class="preprocessor">#nullable<sp/>disable</highlight><highlight class="normal"></highlight></codeline>
<codeline lineno="76"><highlight class="normal"><sp/><sp/><sp/><sp/><sp/><sp/><sp/><sp/><sp/><sp/><sp/><sp/>WriteAttributeValue(</highlight><highlight class="stringliteral">&quot;&quot;</highlight><highlight class="normal">,<sp/>580,<sp/></highlight><highlight class="stringliteral">&quot;\&apos;&quot;</highlight><highlight class="normal">,<sp/>580,<sp/>1,<sp/></highlight><highlight class="keyword">true</highlight><highlight class="normal">);</highlight></codeline>
<codeline lineno="77"><highlight class="normal"><sp/><sp/><sp/><sp/><sp/><sp/><sp/><sp/><sp/><sp/><sp/><sp/>EndWriteAttribute();</highlight></codeline>
<codeline lineno="78"><highlight class="normal"><sp/><sp/><sp/><sp/><sp/><sp/><sp/><sp/><sp/><sp/><sp/><sp/>WriteLiteral(</highlight><highlight class="stringliteral">@&quot;&gt;Predykuj<sp/>kierunki&lt;/button&gt;</highlight></codeline>
<codeline lineno="79"><highlight class="stringliteral"><sp/><sp/><sp/><sp/><sp/><sp/><sp/><sp/><sp/><sp/><sp/><sp/>&lt;/div&gt;</highlight></codeline>
<codeline lineno="80"><highlight class="stringliteral"><sp/><sp/><sp/><sp/><sp/><sp/><sp/><sp/>&lt;/div&gt;</highlight></codeline>
<codeline lineno="81"><highlight class="stringliteral"></highlight></codeline>
<codeline lineno="82"><highlight class="stringliteral"><sp/><sp/><sp/><sp/><sp/><sp/><sp/><sp/>&lt;div<sp/>class=&quot;&quot;col-md-6&quot;&quot;&gt;</highlight></codeline>
<codeline lineno="83"><highlight class="stringliteral"><sp/><sp/><sp/><sp/><sp/><sp/><sp/><sp/><sp/><sp/><sp/><sp/>&lt;div&gt;</highlight></codeline>
<codeline lineno="84"><highlight class="stringliteral"><sp/><sp/><sp/><sp/><sp/><sp/><sp/><sp/><sp/><sp/><sp/><sp/><sp/><sp/><sp/><sp/>&lt;h3&gt;CHCESZ<sp/>POZNAĆ<sp/>WIĘCEJ<sp/>SZCZEGÓŁÓW?&lt;/h3&gt;</highlight></codeline>
<codeline lineno="85"><highlight class="stringliteral"><sp/><sp/><sp/><sp/><sp/><sp/><sp/><sp/><sp/><sp/><sp/><sp/><sp/><sp/><sp/><sp/>&lt;p&gt;Wybierz<sp/>najlepszy<sp/>dla<sp/>Ciebie<sp/>kierunek<sp/>spośród<sp/>dziesiątek<sp/>dostępnych<sp/>na<sp/>podstawie<sp/>opisów&lt;/p&gt;</highlight></codeline>
<codeline lineno="86"><highlight class="stringliteral"><sp/><sp/><sp/><sp/><sp/><sp/><sp/><sp/><sp/><sp/><sp/><sp/><sp/><sp/><sp/><sp/>&lt;button<sp/>class=&quot;&quot;btn-primary&quot;&quot;&quot;</highlight><highlight class="normal">);</highlight></codeline>
<codeline lineno="87"><highlight class="normal"><sp/><sp/><sp/><sp/><sp/><sp/><sp/><sp/><sp/><sp/><sp/><sp/>BeginWriteAttribute(</highlight><highlight class="stringliteral">&quot;onclick&quot;</highlight><highlight class="normal">,<sp/></highlight><highlight class="stringliteral">&quot;<sp/>onclick=\&quot;&quot;</highlight><highlight class="normal">,<sp/>906,<sp/></highlight><highlight class="stringliteral">&quot;\&quot;&quot;</highlight><highlight class="normal">,<sp/>976,<sp/>3);</highlight></codeline>
<codeline lineno="88"><highlight class="normal"><sp/><sp/><sp/><sp/><sp/><sp/><sp/><sp/><sp/><sp/><sp/><sp/>WriteAttributeValue(</highlight><highlight class="stringliteral">&quot;&quot;</highlight><highlight class="normal">,<sp/>916,<sp/></highlight><highlight class="stringliteral">&quot;location.href=\&apos;&quot;</highlight><highlight class="normal">,<sp/>916,<sp/>15,<sp/></highlight><highlight class="keyword">true</highlight><highlight class="normal">);</highlight></codeline>
<codeline lineno="89"><highlight class="normal"></highlight><highlight class="preprocessor">#nullable<sp/>restore</highlight><highlight class="normal"></highlight></codeline>
<codeline lineno="90"><highlight class="normal"></highlight><highlight class="preprocessor">#line<sp/>27<sp/>&quot;/home/wieslaw/PWr/PO/Projekt/software-engineering-recruitment-system-ssh/software-engineering-recruitment-system/projektowaniaOprogramowania/Views/Home/Index.cshtml&quot;</highlight><highlight class="normal"></highlight></codeline>
<codeline lineno="91"><highlight class="normal">WriteAttributeValue(</highlight><highlight class="stringliteral">&quot;&quot;</highlight><highlight class="normal">,<sp/>931,<sp/>Url.Action(</highlight><highlight class="stringliteral">&quot;WszystkieKierunki&quot;</highlight><highlight class="normal">,<sp/></highlight><highlight class="stringliteral">&quot;Przeglad&quot;</highlight><highlight class="normal">),<sp/>931,<sp/>44,<sp/></highlight><highlight class="keyword">false</highlight><highlight class="normal">);</highlight></codeline>
<codeline lineno="92"><highlight class="normal"></highlight></codeline>
<codeline lineno="93"><highlight class="normal"></highlight><highlight class="preprocessor">#line<sp/>default</highlight><highlight class="normal"></highlight></codeline>
<codeline lineno="94"><highlight class="normal"></highlight><highlight class="preprocessor">#line<sp/>hidden</highlight><highlight class="normal"></highlight></codeline>
<codeline lineno="95"><highlight class="normal"></highlight><highlight class="preprocessor">#nullable<sp/>disable</highlight><highlight class="normal"></highlight></codeline>
<codeline lineno="96"><highlight class="normal"><sp/><sp/><sp/><sp/><sp/><sp/><sp/><sp/><sp/><sp/><sp/><sp/>WriteAttributeValue(</highlight><highlight class="stringliteral">&quot;&quot;</highlight><highlight class="normal">,<sp/>975,<sp/></highlight><highlight class="stringliteral">&quot;\&apos;&quot;</highlight><highlight class="normal">,<sp/>975,<sp/>1,<sp/></highlight><highlight class="keyword">true</highlight><highlight class="normal">);</highlight></codeline>
<codeline lineno="97"><highlight class="normal"><sp/><sp/><sp/><sp/><sp/><sp/><sp/><sp/><sp/><sp/><sp/><sp/>EndWriteAttribute();</highlight></codeline>
<codeline lineno="98"><highlight class="normal"><sp/><sp/><sp/><sp/><sp/><sp/><sp/><sp/><sp/><sp/><sp/><sp/>WriteLiteral(</highlight><highlight class="stringliteral">&quot;&gt;Przegladaj<sp/>kierunki&lt;/button&gt;\n<sp/><sp/><sp/><sp/><sp/><sp/><sp/><sp/><sp/><sp/><sp/><sp/>&lt;/div&gt;\n<sp/><sp/><sp/><sp/><sp/><sp/><sp/><sp/>&lt;/div&gt;\n\n<sp/><sp/><sp/><sp/>&lt;/div&gt;\n&lt;/div&gt;\n&quot;</highlight><highlight class="normal">);</highlight></codeline>
<codeline lineno="99"><highlight class="normal"><sp/><sp/><sp/><sp/><sp/><sp/><sp/><sp/>}</highlight></codeline>
<codeline lineno="100"><highlight class="normal"></highlight><highlight class="preprocessor"><sp/><sp/><sp/><sp/><sp/><sp/><sp/><sp/>#pragma<sp/>warning<sp/>restore<sp/>1998</highlight><highlight class="normal"></highlight></codeline>
<codeline lineno="101"><highlight class="normal"><sp/><sp/><sp/><sp/><sp/><sp/><sp/><sp/>[global::Microsoft.AspNetCore.Mvc.Razor.Internal.RazorInjectAttribute]</highlight></codeline>
<codeline lineno="102"><highlight class="normal"><sp/><sp/><sp/><sp/><sp/><sp/><sp/><sp/></highlight><highlight class="keyword">public</highlight><highlight class="normal"><sp/>global::Microsoft.AspNetCore.Mvc.ViewFeatures.IModelExpressionProvider<sp/>ModelExpressionProvider<sp/>{<sp/></highlight><highlight class="keyword">get</highlight><highlight class="normal">;<sp/></highlight><highlight class="keyword">private</highlight><highlight class="normal"><sp/></highlight><highlight class="keyword">set</highlight><highlight class="normal">;<sp/>}</highlight></codeline>
<codeline lineno="103"><highlight class="normal"><sp/><sp/><sp/><sp/><sp/><sp/><sp/><sp/>[global::Microsoft.AspNetCore.Mvc.Razor.Internal.RazorInjectAttribute]</highlight></codeline>
<codeline lineno="104"><highlight class="normal"><sp/><sp/><sp/><sp/><sp/><sp/><sp/><sp/></highlight><highlight class="keyword">public</highlight><highlight class="normal"><sp/>global::Microsoft.AspNetCore.Mvc.IUrlHelper<sp/>Url<sp/>{<sp/></highlight><highlight class="keyword">get</highlight><highlight class="normal">;<sp/></highlight><highlight class="keyword">private</highlight><highlight class="normal"><sp/></highlight><highlight class="keyword">set</highlight><highlight class="normal">;<sp/>}</highlight></codeline>
<codeline lineno="105"><highlight class="normal"><sp/><sp/><sp/><sp/><sp/><sp/><sp/><sp/>[global::Microsoft.AspNetCore.Mvc.Razor.Internal.RazorInjectAttribute]</highlight></codeline>
<codeline lineno="106"><highlight class="normal"><sp/><sp/><sp/><sp/><sp/><sp/><sp/><sp/></highlight><highlight class="keyword">public</highlight><highlight class="normal"><sp/>global::Microsoft.AspNetCore.Mvc.IViewComponentHelper<sp/>Component<sp/>{<sp/></highlight><highlight class="keyword">get</highlight><highlight class="normal">;<sp/></highlight><highlight class="keyword">private</highlight><highlight class="normal"><sp/></highlight><highlight class="keyword">set</highlight><highlight class="normal">;<sp/>}</highlight></codeline>
<codeline lineno="107"><highlight class="normal"><sp/><sp/><sp/><sp/><sp/><sp/><sp/><sp/>[global::Microsoft.AspNetCore.Mvc.Razor.Internal.RazorInjectAttribute]</highlight></codeline>
<codeline lineno="108"><highlight class="normal"><sp/><sp/><sp/><sp/><sp/><sp/><sp/><sp/></highlight><highlight class="keyword">public</highlight><highlight class="normal"><sp/>global::Microsoft.AspNetCore.Mvc.Rendering.IJsonHelper<sp/>Json<sp/>{<sp/></highlight><highlight class="keyword">get</highlight><highlight class="normal">;<sp/></highlight><highlight class="keyword">private</highlight><highlight class="normal"><sp/></highlight><highlight class="keyword">set</highlight><highlight class="normal">;<sp/>}</highlight></codeline>
<codeline lineno="109"><highlight class="normal"><sp/><sp/><sp/><sp/><sp/><sp/><sp/><sp/>[global::Microsoft.AspNetCore.Mvc.Razor.Internal.RazorInjectAttribute]</highlight></codeline>
<codeline lineno="110"><highlight class="normal"><sp/><sp/><sp/><sp/><sp/><sp/><sp/><sp/></highlight><highlight class="keyword">public</highlight><highlight class="normal"><sp/>global::Microsoft.AspNetCore.Mvc.Rendering.IHtmlHelper&lt;dynamic&gt;<sp/>Html<sp/>{<sp/></highlight><highlight class="keyword">get</highlight><highlight class="normal">;<sp/></highlight><highlight class="keyword">private</highlight><highlight class="normal"><sp/></highlight><highlight class="keyword">set</highlight><highlight class="normal">;<sp/>}</highlight></codeline>
<codeline lineno="111"><highlight class="normal"><sp/><sp/><sp/><sp/>}</highlight></codeline>
<codeline lineno="112"><highlight class="normal">}</highlight></codeline>
<codeline lineno="113"><highlight class="normal"></highlight><highlight class="preprocessor">#pragma<sp/>warning<sp/>restore<sp/>1591</highlight></codeline>
    </programlisting>
    <location file="obj/Debug/net5.0/Razor/Views/Home/Index.cshtml.g.cs"/>
  </compounddef>
</doxygen>
