<?xml version='1.0' encoding='UTF-8' standalone='no'?>
<doxygen xmlns:xsi="http://www.w3.org/2001/XMLSchema-instance" xsi:noNamespaceSchemaLocation="compound.xsd" version="1.10.0" xml:lang="en-US">
  <compounddef id="db/de7/classprojektowaniaOprogramowania_1_1ViewModels_1_1RekrutacjaModel" kind="class" language="C#" prot="public">
    <compoundname>projektowaniaOprogramowania::ViewModels::RekrutacjaModel</compoundname>
    <sectiondef kind="property">
      <memberdef kind="property" id="db/de7/classprojektowaniaOprogramowania_1_1ViewModels_1_1RekrutacjaModel_1a6460d476f37a8481a6f00bdc953fd224" prot="public" static="no" readable="no" writable="no" gettable="yes" privategettable="no" protectedgettable="no" settable="yes" privatesettable="no" protectedsettable="no">
        <type>long</type>
        <definition>long projektowaniaOprogramowania.ViewModels.RekrutacjaModel.Id</definition>
        <argsstring></argsstring>
        <name>Id</name>
        <qualifiedname>projektowaniaOprogramowania.ViewModels.RekrutacjaModel.Id</qualifiedname>
        <briefdescription>
        </briefdescription>
        <detaileddescription>
        </detaileddescription>
        <inbodydescription>
        </inbodydescription>
        <location file="Models/Other/RekrutacjaModel.cs" line="13" column="21" bodyfile="Models/Other/RekrutacjaModel.cs" bodystart="13" bodyend="13"/>
      </memberdef>
      <memberdef kind="property" id="db/de7/classprojektowaniaOprogramowania_1_1ViewModels_1_1RekrutacjaModel_1a3dde006b2f7180dec63b393e35684b12" prot="public" static="no" readable="no" writable="no" gettable="yes" privategettable="no" protectedgettable="no" settable="yes" privatesettable="no" protectedsettable="no">
        <type>DateTime</type>
        <definition>DateTime projektowaniaOprogramowania.ViewModels.RekrutacjaModel.DataOtwarciaRekrutacji</definition>
        <argsstring></argsstring>
        <name>DataOtwarciaRekrutacji</name>
        <qualifiedname>projektowaniaOprogramowania.ViewModels.RekrutacjaModel.DataOtwarciaRekrutacji</qualifiedname>
        <briefdescription>
        </briefdescription>
        <detaileddescription>
        </detaileddescription>
        <inbodydescription>
        </inbodydescription>
        <location file="Models/Other/RekrutacjaModel.cs" line="16" column="25" bodyfile="Models/Other/RekrutacjaModel.cs" bodystart="16" bodyend="16"/>
      </memberdef>
      <memberdef kind="property" id="db/de7/classprojektowaniaOprogramowania_1_1ViewModels_1_1RekrutacjaModel_1a359cbe947094ff2b15c7ad6b03f72883" prot="public" static="no" readable="no" writable="no" gettable="yes" privategettable="no" protectedgettable="no" settable="yes" privatesettable="no" protectedsettable="no">
        <type>DateTime</type>
        <definition>DateTime projektowaniaOprogramowania.ViewModels.RekrutacjaModel.DataZamknieciaRekrutacji</definition>
        <argsstring></argsstring>
        <name>DataZamknieciaRekrutacji</name>
        <qualifiedname>projektowaniaOprogramowania.ViewModels.RekrutacjaModel.DataZamknieciaRekrutacji</qualifiedname>
        <briefdescription>
        </briefdescription>
        <detaileddescription>
        </detaileddescription>
        <inbodydescription>
        </inbodydescription>
        <location file="Models/Other/RekrutacjaModel.cs" line="18" column="25" bodyfile="Models/Other/RekrutacjaModel.cs" bodystart="18" bodyend="18"/>
      </memberdef>
      <memberdef kind="property" id="db/de7/classprojektowaniaOprogramowania_1_1ViewModels_1_1RekrutacjaModel_1ae69d1e808520ec528a91d02430a7264c" prot="public" static="no" readable="no" writable="no" gettable="yes" privategettable="no" protectedgettable="no" settable="yes" privatesettable="no" protectedsettable="no">
        <type>DateTime</type>
        <definition>DateTime projektowaniaOprogramowania.ViewModels.RekrutacjaModel.DataZamknieciaPrzyjec</definition>
        <argsstring></argsstring>
        <name>DataZamknieciaPrzyjec</name>
        <qualifiedname>projektowaniaOprogramowania.ViewModels.RekrutacjaModel.DataZamknieciaPrzyjec</qualifiedname>
        <briefdescription>
        </briefdescription>
        <detaileddescription>
        </detaileddescription>
        <inbodydescription>
        </inbodydescription>
        <location file="Models/Other/RekrutacjaModel.cs" line="20" column="25" bodyfile="Models/Other/RekrutacjaModel.cs" bodystart="20" bodyend="20"/>
      </memberdef>
      <memberdef kind="property" id="db/de7/classprojektowaniaOprogramowania_1_1ViewModels_1_1RekrutacjaModel_1a05f2304ace768fd25a1505bde43cd3f2" prot="public" static="no" readable="no" writable="no" gettable="yes" privategettable="no" protectedgettable="no" settable="yes" privatesettable="no" protectedsettable="no">
        <type>StopienStudiow</type>
        <definition>StopienStudiow projektowaniaOprogramowania.ViewModels.RekrutacjaModel.StopienStudiow</definition>
        <argsstring></argsstring>
        <name>StopienStudiow</name>
        <qualifiedname>projektowaniaOprogramowania.ViewModels.RekrutacjaModel.StopienStudiow</qualifiedname>
        <briefdescription>
        </briefdescription>
        <detaileddescription>
        </detaileddescription>
        <inbodydescription>
        </inbodydescription>
        <location file="Models/Other/RekrutacjaModel.cs" line="22" column="31" bodyfile="Models/Other/RekrutacjaModel.cs" bodystart="22" bodyend="22"/>
      </memberdef>
      <memberdef kind="property" id="db/de7/classprojektowaniaOprogramowania_1_1ViewModels_1_1RekrutacjaModel_1ab4bfdb8761aa4755156d96e723fcec13" prot="public" static="no" readable="no" writable="no" gettable="yes" privategettable="no" protectedgettable="no" settable="yes" privatesettable="no" protectedsettable="no">
        <type>StatusRekrutacji</type>
        <definition>StatusRekrutacji projektowaniaOprogramowania.ViewModels.RekrutacjaModel.StatusRekrutacji</definition>
        <argsstring></argsstring>
        <name>StatusRekrutacji</name>
        <qualifiedname>projektowaniaOprogramowania.ViewModels.RekrutacjaModel.StatusRekrutacji</qualifiedname>
        <briefdescription>
        </briefdescription>
        <detaileddescription>
        </detaileddescription>
        <inbodydescription>
        </inbodydescription>
        <location file="Models/Other/RekrutacjaModel.cs" line="24" column="33" bodyfile="Models/Other/RekrutacjaModel.cs" bodystart="24" bodyend="24"/>
      </memberdef>
      <memberdef kind="property" id="db/de7/classprojektowaniaOprogramowania_1_1ViewModels_1_1RekrutacjaModel_1a945739812db440d8c58570752510f607" prot="public" static="no" readable="no" writable="no" gettable="yes" privategettable="no" protectedgettable="no" settable="yes" privatesettable="no" protectedsettable="no">
        <type>SemestrRekrutacji</type>
        <definition>SemestrRekrutacji projektowaniaOprogramowania.ViewModels.RekrutacjaModel.SemestrRekrutacji</definition>
        <argsstring></argsstring>
        <name>SemestrRekrutacji</name>
        <qualifiedname>projektowaniaOprogramowania.ViewModels.RekrutacjaModel.SemestrRekrutacji</qualifiedname>
        <briefdescription>
        </briefdescription>
        <detaileddescription>
        </detaileddescription>
        <inbodydescription>
        </inbodydescription>
        <location file="Models/Other/RekrutacjaModel.cs" line="26" column="34" bodyfile="Models/Other/RekrutacjaModel.cs" bodystart="26" bodyend="26"/>
      </memberdef>
    </sectiondef>
    <briefdescription>
    </briefdescription>
    <detaileddescription>
    </detaileddescription>
    <location file="Models/Other/RekrutacjaModel.cs" line="9" column="11" bodyfile="Models/Other/RekrutacjaModel.cs" bodystart="10" bodyend="27"/>
    <listofallmembers>
      <member refid="db/de7/classprojektowaniaOprogramowania_1_1ViewModels_1_1RekrutacjaModel_1a3dde006b2f7180dec63b393e35684b12" prot="public" virt="non-virtual"><scope>projektowaniaOprogramowania::ViewModels::RekrutacjaModel</scope><name>DataOtwarciaRekrutacji</name></member>
      <member refid="db/de7/classprojektowaniaOprogramowania_1_1ViewModels_1_1RekrutacjaModel_1ae69d1e808520ec528a91d02430a7264c" prot="public" virt="non-virtual"><scope>projektowaniaOprogramowania::ViewModels::RekrutacjaModel</scope><name>DataZamknieciaPrzyjec</name></member>
      <member refid="db/de7/classprojektowaniaOprogramowania_1_1ViewModels_1_1RekrutacjaModel_1a359cbe947094ff2b15c7ad6b03f72883" prot="public" virt="non-virtual"><scope>projektowaniaOprogramowania::ViewModels::RekrutacjaModel</scope><name>DataZamknieciaRekrutacji</name></member>
      <member refid="db/de7/classprojektowaniaOprogramowania_1_1ViewModels_1_1RekrutacjaModel_1a6460d476f37a8481a6f00bdc953fd224" prot="public" virt="non-virtual"><scope>projektowaniaOprogramowania::ViewModels::RekrutacjaModel</scope><name>Id</name></member>
      <member refid="db/de7/classprojektowaniaOprogramowania_1_1ViewModels_1_1RekrutacjaModel_1a945739812db440d8c58570752510f607" prot="public" virt="non-virtual"><scope>projektowaniaOprogramowania::ViewModels::RekrutacjaModel</scope><name>SemestrRekrutacji</name></member>
      <member refid="db/de7/classprojektowaniaOprogramowania_1_1ViewModels_1_1RekrutacjaModel_1ab4bfdb8761aa4755156d96e723fcec13" prot="public" virt="non-virtual"><scope>projektowaniaOprogramowania::ViewModels::RekrutacjaModel</scope><name>StatusRekrutacji</name></member>
      <member refid="db/de7/classprojektowaniaOprogramowania_1_1ViewModels_1_1RekrutacjaModel_1a05f2304ace768fd25a1505bde43cd3f2" prot="public" virt="non-virtual"><scope>projektowaniaOprogramowania::ViewModels::RekrutacjaModel</scope><name>StopienStudiow</name></member>
    </listofallmembers>
  </compounddef>
</doxygen>
