<?xml version='1.0' encoding='UTF-8' standalone='no'?>
<doxygen xmlns:xsi="http://www.w3.org/2001/XMLSchema-instance" xsi:noNamespaceSchemaLocation="compound.xsd" version="1.10.0" xml:lang="en-US">
  <compounddef id="d7/d8a/namespaceMicrosoft_1_1Extensions_1_1Hosting" kind="namespace" language="C#">
    <compoundname>Microsoft::Extensions::Hosting</compoundname>
    <briefdescription>
    </briefdescription>
    <detaileddescription>
    </detaileddescription>
    <location file="Program.cs" line="7" column="35"/>
  </compounddef>
</doxygen>
