<?xml version='1.0' encoding='UTF-8' standalone='no'?>
<doxygen xmlns:xsi="http://www.w3.org/2001/XMLSchema-instance" xsi:noNamespaceSchemaLocation="compound.xsd" version="1.10.0" xml:lang="en-US">
  <compounddef id="d2/d82/PracownikEdycjaController_8cs" kind="file" language="C#">
    <compoundname>PracownikEdycjaController.cs</compoundname>
    <innerclass refid="d7/d69/classprojektowaniaOprogramowania_1_1Controllers_1_1PracownikEdycjaController" prot="public">projektowaniaOprogramowania::Controllers::PracownikEdycjaController</innerclass>
    <innernamespace refid="d8/d9d/namespaceprojektowaniaOprogramowania">projektowaniaOprogramowania</innernamespace>
    <innernamespace refid="d7/df3/namespaceprojektowaniaOprogramowania_1_1Controllers">projektowaniaOprogramowania::Controllers</innernamespace>
    <briefdescription>
    </briefdescription>
    <detaileddescription>
    </detaileddescription>
    <programlisting>
<codeline lineno="1"><highlight class="keyword">using<sp/></highlight><highlight class="normal">System;</highlight></codeline>
<codeline lineno="2"><highlight class="normal"></highlight><highlight class="keyword">using<sp/></highlight><highlight class="normal">System.Collections.Generic;</highlight></codeline>
<codeline lineno="3"><highlight class="normal"></highlight><highlight class="keyword">using<sp/></highlight><highlight class="normal">System.Linq;</highlight></codeline>
<codeline lineno="4"><highlight class="normal"></highlight><highlight class="keyword">using<sp/></highlight><highlight class="normal">System.Threading.Tasks;</highlight></codeline>
<codeline lineno="5"><highlight class="normal"></highlight><highlight class="keyword">using<sp/></highlight><highlight class="normal">Microsoft.AspNetCore.Mvc;</highlight></codeline>
<codeline lineno="6"><highlight class="normal"></highlight><highlight class="keyword">using<sp/></highlight><highlight class="normal">Microsoft.AspNetCore.Mvc.Rendering;</highlight></codeline>
<codeline lineno="7"><highlight class="normal"></highlight><highlight class="keyword">using<sp/></highlight><highlight class="normal">Microsoft.EntityFrameworkCore;</highlight></codeline>
<codeline lineno="8"><highlight class="normal"></highlight><highlight class="keyword">using<sp/></highlight><highlight class="normal"><ref refid="d6/d4b/namespaceprojektowaniaOprogramowania_1_1Models" kindref="compound">projektowaniaOprogramowania.Models</ref>;</highlight></codeline>
<codeline lineno="9"><highlight class="normal"></highlight><highlight class="keyword">using<sp/></highlight><highlight class="normal"><ref refid="d8/d08/namespaceprojektowaniaOprogramowania_1_1Services" kindref="compound">projektowaniaOprogramowania.Services</ref>;</highlight></codeline>
<codeline lineno="10"><highlight class="normal"></highlight><highlight class="keyword">using<sp/></highlight><highlight class="normal"><ref refid="da/dc5/namespaceprojektowaniaOprogramowania_1_1ViewModels" kindref="compound">projektowaniaOprogramowania.ViewModels</ref>;</highlight></codeline>
<codeline lineno="11"><highlight class="normal"></highlight><highlight class="keyword">using<sp/></highlight><highlight class="normal"><ref refid="d9/dc8/namespaceprojektowaniaOprogramowania_1_1ViewModels_1_1Users" kindref="compound">projektowaniaOprogramowania.ViewModels.Users</ref>;</highlight></codeline>
<codeline lineno="12"><highlight class="normal"></highlight></codeline>
<codeline lineno="13"><highlight class="normal"></highlight><highlight class="keyword">namespace<sp/></highlight><highlight class="normal"><ref refid="d7/df3/namespaceprojektowaniaOprogramowania_1_1Controllers" kindref="compound">projektowaniaOprogramowania.Controllers</ref></highlight></codeline>
<codeline lineno="14"><highlight class="normal">{</highlight></codeline>
<codeline lineno="15" refid="d7/d69/classprojektowaniaOprogramowania_1_1Controllers_1_1PracownikEdycjaController" refkind="compound"><highlight class="normal"><sp/><sp/><sp/><sp/></highlight><highlight class="keyword">public</highlight><highlight class="normal"><sp/></highlight><highlight class="keyword">class<sp/></highlight><highlight class="normal"><ref refid="d7/d69/classprojektowaniaOprogramowania_1_1Controllers_1_1PracownikEdycjaController" kindref="compound">PracownikEdycjaController</ref><sp/>:<sp/>Controller</highlight></codeline>
<codeline lineno="16"><highlight class="normal"><sp/><sp/><sp/><sp/>{</highlight></codeline>
<codeline lineno="17"><highlight class="normal"><sp/><sp/><sp/><sp/><sp/><sp/><sp/><sp/></highlight><highlight class="keyword">private</highlight><highlight class="normal"><sp/>readonly<sp/><ref refid="da/d72/classprojektowaniaOprogramowania_1_1Models_1_1MyDbContext" kindref="compound">MyDbContext</ref><sp/>_context;</highlight></codeline>
<codeline lineno="18"><highlight class="normal"><sp/><sp/><sp/><sp/><sp/><sp/><sp/><sp/></highlight><highlight class="keyword">private</highlight><highlight class="normal"><sp/>readonly<sp/><ref refid="df/d6e/classprojektowaniaOprogramowania_1_1Services_1_1PunktyRekrutacyjneService" kindref="compound">PunktyRekrutacyjneService</ref><sp/>_punktyRekrutacyjne;</highlight></codeline>
<codeline lineno="19"><highlight class="normal"><sp/><sp/><sp/><sp/><sp/><sp/><sp/><sp/></highlight><highlight class="keyword">private</highlight><highlight class="normal"><sp/>readonly<sp/><ref refid="d2/d37/classprojektowaniaOprogramowania_1_1Services_1_1PodanieService" kindref="compound">PodanieService</ref><sp/>_podanieService;</highlight></codeline>
<codeline lineno="20"><highlight class="normal"></highlight></codeline>
<codeline lineno="21"><highlight class="normal"><sp/><sp/><sp/><sp/><sp/><sp/><sp/><sp/></highlight><highlight class="keyword">public</highlight><highlight class="normal"><sp/><ref refid="d7/d69/classprojektowaniaOprogramowania_1_1Controllers_1_1PracownikEdycjaController" kindref="compound">PracownikEdycjaController</ref>(<ref refid="da/d72/classprojektowaniaOprogramowania_1_1Models_1_1MyDbContext" kindref="compound">MyDbContext</ref><sp/>context,<sp/><ref refid="df/d6e/classprojektowaniaOprogramowania_1_1Services_1_1PunktyRekrutacyjneService" kindref="compound">PunktyRekrutacyjneService</ref><sp/>punktyRekrutacyjne,<sp/><ref refid="d2/d37/classprojektowaniaOprogramowania_1_1Services_1_1PodanieService" kindref="compound">PodanieService</ref><sp/>podanieService)</highlight></codeline>
<codeline lineno="22"><highlight class="normal"><sp/><sp/><sp/><sp/><sp/><sp/><sp/><sp/>{</highlight></codeline>
<codeline lineno="23"><highlight class="normal"><sp/><sp/><sp/><sp/><sp/><sp/><sp/><sp/><sp/><sp/><sp/><sp/>_context<sp/>=<sp/>context;</highlight></codeline>
<codeline lineno="24"><highlight class="normal"><sp/><sp/><sp/><sp/><sp/><sp/><sp/><sp/><sp/><sp/><sp/><sp/>_punktyRekrutacyjne<sp/>=<sp/>punktyRekrutacyjne;</highlight></codeline>
<codeline lineno="25"><highlight class="normal"><sp/><sp/><sp/><sp/><sp/><sp/><sp/><sp/><sp/><sp/><sp/><sp/>_podanieService<sp/>=<sp/>podanieService;</highlight></codeline>
<codeline lineno="26"><highlight class="normal"><sp/><sp/><sp/><sp/><sp/><sp/><sp/><sp/>}</highlight></codeline>
<codeline lineno="27"><highlight class="normal"></highlight></codeline>
<codeline lineno="28"><highlight class="normal"><sp/><sp/><sp/><sp/><sp/><sp/><sp/><sp/></highlight><highlight class="comment">//<sp/>GET:<sp/>PracownikEdycja</highlight><highlight class="normal"></highlight></codeline>
<codeline lineno="29"><highlight class="normal"><sp/><sp/><sp/><sp/><sp/><sp/><sp/><sp/></highlight><highlight class="keyword">public</highlight><highlight class="normal"><sp/>IActionResult<sp/>Index()</highlight></codeline>
<codeline lineno="30"><highlight class="normal"><sp/><sp/><sp/><sp/><sp/><sp/><sp/><sp/>{</highlight></codeline>
<codeline lineno="31"><highlight class="normal"><sp/><sp/><sp/><sp/><sp/><sp/><sp/><sp/><sp/><sp/><sp/><sp/>var<sp/>myDbContext<sp/>=<sp/>_context.PodaniaKandydatow.Include(p<sp/>=&gt;<sp/>p.Kandydat);</highlight></codeline>
<codeline lineno="32"><highlight class="normal"><sp/><sp/><sp/><sp/><sp/><sp/><sp/><sp/><sp/><sp/><sp/><sp/></highlight><highlight class="keywordflow">return</highlight><highlight class="normal"><sp/>View(myDbContext.ToList());</highlight></codeline>
<codeline lineno="33"><highlight class="normal"><sp/><sp/><sp/><sp/><sp/><sp/><sp/><sp/>}</highlight></codeline>
<codeline lineno="34"><highlight class="normal"></highlight></codeline>
<codeline lineno="35"><highlight class="normal"><sp/><sp/><sp/><sp/><sp/><sp/><sp/><sp/></highlight><highlight class="comment">//<sp/>GET:<sp/>PracownikEdycja/Edit/5</highlight><highlight class="normal"></highlight></codeline>
<codeline lineno="36"><highlight class="normal"><sp/><sp/><sp/><sp/><sp/><sp/><sp/><sp/></highlight><highlight class="keyword">public</highlight><highlight class="normal"><sp/>IActionResult<sp/>Edit(</highlight><highlight class="keywordtype">long</highlight><highlight class="normal"><sp/></highlight><highlight class="keywordtype">id</highlight><highlight class="normal">)</highlight></codeline>
<codeline lineno="37"><highlight class="normal"><sp/><sp/><sp/><sp/><sp/><sp/><sp/><sp/>{</highlight></codeline>
<codeline lineno="38"><highlight class="normal"><sp/><sp/><sp/><sp/><sp/><sp/><sp/><sp/><sp/><sp/><sp/><sp/><ref refid="d6/da6/classprojektowaniaOprogramowania_1_1ViewModels_1_1Users_1_1KandydatModel" kindref="compound">KandydatModel</ref><sp/>kandydat<sp/>=<sp/>_context.Kandydaci.SingleOrDefault(c<sp/>=&gt;<sp/>c.Id<sp/>==<sp/></highlight><highlight class="keywordtype">id</highlight><highlight class="normal">);</highlight></codeline>
<codeline lineno="39"><highlight class="normal"></highlight></codeline>
<codeline lineno="40"><highlight class="normal"><sp/><sp/><sp/><sp/><sp/><sp/><sp/><sp/><sp/><sp/><sp/><sp/><ref refid="db/dbf/classprojektowaniaOprogramowania_1_1ViewModels_1_1PodanieKandydataModel" kindref="compound">PodanieKandydataModel</ref><sp/>podanie<sp/>=<sp/>_podanieService.GetPodanieKandydata(kandydat);</highlight></codeline>
<codeline lineno="41"><highlight class="normal"></highlight></codeline>
<codeline lineno="42"><highlight class="normal"><sp/><sp/><sp/><sp/><sp/><sp/><sp/><sp/><sp/><sp/><sp/><sp/></highlight><highlight class="keywordflow">if</highlight><highlight class="normal"><sp/>(kandydat<sp/>==<sp/></highlight><highlight class="keyword">null</highlight><highlight class="normal">)</highlight></codeline>
<codeline lineno="43"><highlight class="normal"><sp/><sp/><sp/><sp/><sp/><sp/><sp/><sp/><sp/><sp/><sp/><sp/><sp/><sp/><sp/><sp/></highlight><highlight class="keywordflow">return</highlight><highlight class="normal"><sp/>RedirectToAction(</highlight><highlight class="stringliteral">&quot;Error&quot;</highlight><highlight class="normal">,<sp/></highlight><highlight class="stringliteral">&quot;Home&quot;</highlight><highlight class="normal">);</highlight></codeline>
<codeline lineno="44"><highlight class="normal"></highlight></codeline>
<codeline lineno="45"><highlight class="normal"><sp/><sp/><sp/><sp/><sp/><sp/><sp/><sp/><sp/><sp/><sp/><sp/><ref refid="db/de7/classprojektowaniaOprogramowania_1_1ViewModels_1_1RekrutacjaModel" kindref="compound">RekrutacjaModel</ref><sp/>rekrutacja<sp/>=<sp/>_context.Rekrutacje</highlight></codeline>
<codeline lineno="46"><highlight class="normal"><sp/><sp/><sp/><sp/><sp/><sp/><sp/><sp/><sp/><sp/><sp/><sp/><sp/><sp/><sp/><sp/>.FirstOrDefault(r<sp/>=&gt;<sp/>r.StatusRekrutacji<sp/>==<sp/>StatusRekrutacji.Otwarta);</highlight></codeline>
<codeline lineno="47"><highlight class="normal"></highlight></codeline>
<codeline lineno="48"><highlight class="normal"><sp/><sp/><sp/><sp/><sp/><sp/><sp/><sp/><sp/><sp/><sp/><sp/></highlight><highlight class="comment">//<sp/>brak<sp/>otwartej<sp/>rekrutacji</highlight><highlight class="normal"></highlight></codeline>
<codeline lineno="49"><highlight class="normal"><sp/><sp/><sp/><sp/><sp/><sp/><sp/><sp/><sp/><sp/><sp/><sp/></highlight><highlight class="keywordflow">if</highlight><highlight class="normal"><sp/>(rekrutacja<sp/>==<sp/></highlight><highlight class="keyword">null</highlight><highlight class="normal">)</highlight></codeline>
<codeline lineno="50"><highlight class="normal"><sp/><sp/><sp/><sp/><sp/><sp/><sp/><sp/><sp/><sp/><sp/><sp/><sp/><sp/><sp/><sp/></highlight><highlight class="keywordflow">return</highlight><highlight class="normal"><sp/>RedirectToAction(</highlight><highlight class="stringliteral">&quot;Error&quot;</highlight><highlight class="normal">,<sp/></highlight><highlight class="stringliteral">&quot;Home&quot;</highlight><highlight class="normal">);</highlight></codeline>
<codeline lineno="51"><highlight class="normal"></highlight></codeline>
<codeline lineno="52"><highlight class="normal"><sp/><sp/><sp/><sp/><sp/><sp/><sp/><sp/><sp/><sp/><sp/><sp/><ref refid="d8/d22/classprojektowaniaOprogramowania_1_1ViewModels_1_1PodanieNaStudiaIStopniaModel" kindref="compound">PodanieNaStudiaIStopniaModel</ref><sp/>podanieNaIStopien<sp/>=<sp/>_context.PodaniaNaIStopien</highlight></codeline>
<codeline lineno="53"><highlight class="normal"><sp/><sp/><sp/><sp/><sp/><sp/><sp/><sp/><sp/><sp/><sp/><sp/><sp/><sp/><sp/><sp/><sp/><sp/><sp/><sp/>.SingleOrDefault(pk<sp/>=&gt;<sp/>pk.FkIdKandydat<sp/>==<sp/>kandydat.Id<sp/>&amp;&amp;<sp/>pk.FkIdRekrutacja<sp/>==<sp/>rekrutacja.Id)</highlight></codeline>
<codeline lineno="54"><highlight class="normal"><sp/><sp/><sp/><sp/><sp/><sp/><sp/><sp/><sp/><sp/><sp/><sp/><sp/><sp/><sp/><sp/><sp/><sp/><sp/><sp/><sp/><sp/><sp/><sp/>??<sp/></highlight><highlight class="keyword">new</highlight><highlight class="normal">()<sp/>{<sp/>DataZlozeniaPodania<sp/>=<sp/>DateTime.Now<sp/>};</highlight></codeline>
<codeline lineno="55"><highlight class="normal"></highlight></codeline>
<codeline lineno="56"><highlight class="normal"><sp/><sp/><sp/><sp/><sp/><sp/><sp/><sp/><sp/><sp/><sp/><sp/><ref refid="d5/da0/classprojektowaniaOprogramowania_1_1ViewModels_1_1PodanieNaStudiaIIStopniaModel" kindref="compound">PodanieNaStudiaIIStopniaModel</ref><sp/>podanieNaIIStopien<sp/>=<sp/>_context.PodaniaNaIIStopien</highlight></codeline>
<codeline lineno="57"><highlight class="normal"><sp/><sp/><sp/><sp/><sp/><sp/><sp/><sp/><sp/><sp/><sp/><sp/><sp/><sp/><sp/><sp/><sp/><sp/><sp/><sp/>.SingleOrDefault(pk<sp/>=&gt;<sp/>pk.FkIdKandydat<sp/>==<sp/>kandydat.Id<sp/>&amp;&amp;<sp/>pk.FkIdRekrutacja<sp/>==<sp/>rekrutacja.Id)</highlight></codeline>
<codeline lineno="58"><highlight class="normal"><sp/><sp/><sp/><sp/><sp/><sp/><sp/><sp/><sp/><sp/><sp/><sp/><sp/><sp/><sp/><sp/><sp/><sp/><sp/><sp/><sp/><sp/><sp/><sp/>??<sp/></highlight><highlight class="keyword">new</highlight><highlight class="normal">()<sp/>{<sp/>DataZlozeniaPodania<sp/>=<sp/>DateTime.Now<sp/>};</highlight></codeline>
<codeline lineno="59"><highlight class="normal"></highlight></codeline>
<codeline lineno="60"><highlight class="normal"><sp/><sp/><sp/><sp/><sp/><sp/><sp/><sp/><sp/><sp/><sp/><sp/><ref refid="df/dc3/classprojektowaniaOprogramowania_1_1ViewModels_1_1MaturaModel" kindref="compound">MaturaModel</ref><sp/>matura<sp/>=<sp/>podanieNaIStopien.Id<sp/>==<sp/>0<sp/>?<sp/></highlight><highlight class="keyword">new</highlight><highlight class="normal">()<sp/>:<sp/>_context.Matury.SingleOrDefault(m<sp/>=&gt;<sp/>m.FkIdPodanieNaIStopien<sp/>==<sp/>podanieNaIStopien.Id);</highlight></codeline>
<codeline lineno="61"><highlight class="normal"></highlight></codeline>
<codeline lineno="62"><highlight class="normal"><sp/><sp/><sp/><sp/><sp/><sp/><sp/><sp/><sp/><sp/><sp/><sp/>var<sp/>oceny<sp/>=<sp/>matura.Id<sp/>==<sp/>0<sp/>?</highlight></codeline>
<codeline lineno="63"><highlight class="normal"><sp/><sp/><sp/><sp/><sp/><sp/><sp/><sp/><sp/><sp/><sp/><sp/><sp/><sp/><sp/><sp/></highlight><highlight class="keyword">new</highlight><highlight class="normal"><sp/>List&lt;OcenaModel&gt;()<sp/>:</highlight></codeline>
<codeline lineno="64"><highlight class="normal"><sp/><sp/><sp/><sp/><sp/><sp/><sp/><sp/><sp/><sp/><sp/><sp/><sp/><sp/><sp/><sp/>_context.Oceny.Where(o<sp/>=&gt;<sp/>o.MaturaId<sp/>==<sp/>matura.Id).ToList();</highlight></codeline>
<codeline lineno="65"><highlight class="normal"></highlight></codeline>
<codeline lineno="66"><highlight class="normal"><sp/><sp/><sp/><sp/><sp/><sp/><sp/><sp/><sp/><sp/><sp/><sp/>var<sp/>model<sp/>=<sp/></highlight><highlight class="keyword">new</highlight><highlight class="normal"><sp/><ref refid="de/d91/classprojektowaniaOprogramowania_1_1ViewModels_1_1WszystkieInformacjePodaniaViewModel" kindref="compound">WszystkieInformacjePodaniaViewModel</ref></highlight></codeline>
<codeline lineno="67"><highlight class="normal"><sp/><sp/><sp/><sp/><sp/><sp/><sp/><sp/><sp/><sp/><sp/><sp/>{</highlight></codeline>
<codeline lineno="68"><highlight class="normal"><sp/><sp/><sp/><sp/><sp/><sp/><sp/><sp/><sp/><sp/><sp/><sp/><sp/><sp/><sp/><sp/>Oceny<sp/>=<sp/>_context.Przedmioty</highlight></codeline>
<codeline lineno="69"><highlight class="normal"><sp/><sp/><sp/><sp/><sp/><sp/><sp/><sp/><sp/><sp/><sp/><sp/><sp/><sp/><sp/><sp/><sp/><sp/><sp/><sp/><sp/><sp/><sp/><sp/>.GroupJoin(</highlight></codeline>
<codeline lineno="70"><highlight class="normal"><sp/><sp/><sp/><sp/><sp/><sp/><sp/><sp/><sp/><sp/><sp/><sp/><sp/><sp/><sp/><sp/><sp/><sp/><sp/><sp/><sp/><sp/><sp/><sp/><sp/><sp/><sp/><sp/>_context.Oceny,</highlight></codeline>
<codeline lineno="71"><highlight class="normal"><sp/><sp/><sp/><sp/><sp/><sp/><sp/><sp/><sp/><sp/><sp/><sp/><sp/><sp/><sp/><sp/><sp/><sp/><sp/><sp/><sp/><sp/><sp/><sp/><sp/><sp/><sp/><sp/>p<sp/>=&gt;<sp/>p.Id,</highlight></codeline>
<codeline lineno="72"><highlight class="normal"><sp/><sp/><sp/><sp/><sp/><sp/><sp/><sp/><sp/><sp/><sp/><sp/><sp/><sp/><sp/><sp/><sp/><sp/><sp/><sp/><sp/><sp/><sp/><sp/><sp/><sp/><sp/><sp/>o<sp/>=&gt;<sp/>o.FkIdPrzedmiot,</highlight></codeline>
<codeline lineno="73"><highlight class="normal"><sp/><sp/><sp/><sp/><sp/><sp/><sp/><sp/><sp/><sp/><sp/><sp/><sp/><sp/><sp/><sp/><sp/><sp/><sp/><sp/><sp/><sp/><sp/><sp/><sp/><sp/><sp/><sp/>(p,<sp/>ocenyJoin)<sp/>=&gt;<sp/></highlight><highlight class="keyword">new</highlight><highlight class="normal"><sp/>{<sp/>p,<sp/>ocenyJoin<sp/>}</highlight></codeline>
<codeline lineno="74"><highlight class="normal"><sp/><sp/><sp/><sp/><sp/><sp/><sp/><sp/><sp/><sp/><sp/><sp/><sp/><sp/><sp/><sp/><sp/><sp/><sp/><sp/><sp/><sp/><sp/><sp/>)</highlight></codeline>
<codeline lineno="75"><highlight class="normal"><sp/><sp/><sp/><sp/><sp/><sp/><sp/><sp/><sp/><sp/><sp/><sp/><sp/><sp/><sp/><sp/><sp/><sp/><sp/><sp/><sp/><sp/><sp/><sp/>.SelectMany(</highlight></codeline>
<codeline lineno="76"><highlight class="normal"><sp/><sp/><sp/><sp/><sp/><sp/><sp/><sp/><sp/><sp/><sp/><sp/><sp/><sp/><sp/><sp/><sp/><sp/><sp/><sp/><sp/><sp/><sp/><sp/><sp/><sp/><sp/><sp/>x<sp/>=&gt;<sp/>x.ocenyJoin.DefaultIfEmpty(),</highlight></codeline>
<codeline lineno="77"><highlight class="normal"><sp/><sp/><sp/><sp/><sp/><sp/><sp/><sp/><sp/><sp/><sp/><sp/><sp/><sp/><sp/><sp/><sp/><sp/><sp/><sp/><sp/><sp/><sp/><sp/><sp/><sp/><sp/><sp/>(x,<sp/>oj)<sp/>=&gt;<sp/></highlight><highlight class="keyword">new</highlight><highlight class="normal"><sp/><ref refid="d3/d58/classprojektowaniaOprogramowania_1_1ViewModels_1_1OcenaZPrzedmiotem" kindref="compound">OcenaZPrzedmiotem</ref></highlight></codeline>
<codeline lineno="78"><highlight class="normal"><sp/><sp/><sp/><sp/><sp/><sp/><sp/><sp/><sp/><sp/><sp/><sp/><sp/><sp/><sp/><sp/><sp/><sp/><sp/><sp/><sp/><sp/><sp/><sp/><sp/><sp/><sp/><sp/>{</highlight></codeline>
<codeline lineno="79"><highlight class="normal"><sp/><sp/><sp/><sp/><sp/><sp/><sp/><sp/><sp/><sp/><sp/><sp/><sp/><sp/><sp/><sp/><sp/><sp/><sp/><sp/><sp/><sp/><sp/><sp/><sp/><sp/><sp/><sp/><sp/><sp/><sp/><sp/>przedmiot<sp/>=<sp/>x.p,</highlight></codeline>
<codeline lineno="80"><highlight class="normal"><sp/><sp/><sp/><sp/><sp/><sp/><sp/><sp/><sp/><sp/><sp/><sp/><sp/><sp/><sp/><sp/><sp/><sp/><sp/><sp/><sp/><sp/><sp/><sp/><sp/><sp/><sp/><sp/><sp/><sp/><sp/><sp/>ocena<sp/>=<sp/>oj<sp/>??<sp/>new<sp/>OcenaModel<sp/>{<sp/>FkIdPrzedmiot<sp/>=<sp/>x.p.Id<sp/>}</highlight></codeline>
<codeline lineno="81"><highlight class="normal"><sp/><sp/><sp/><sp/><sp/><sp/><sp/><sp/><sp/><sp/><sp/><sp/><sp/><sp/><sp/><sp/><sp/><sp/><sp/><sp/><sp/><sp/><sp/><sp/><sp/><sp/><sp/><sp/>}</highlight></codeline>
<codeline lineno="82"><highlight class="normal"><sp/><sp/><sp/><sp/><sp/><sp/><sp/><sp/><sp/><sp/><sp/><sp/><sp/><sp/><sp/><sp/><sp/><sp/><sp/><sp/><sp/><sp/><sp/><sp/>)</highlight></codeline>
<codeline lineno="83"><highlight class="normal"><sp/><sp/><sp/><sp/><sp/><sp/><sp/><sp/><sp/><sp/><sp/><sp/><sp/><sp/><sp/><sp/><sp/><sp/><sp/><sp/><sp/><sp/><sp/><sp/>.OrderBy(x<sp/>=&gt;<sp/>x.przedmiot.NazwaPrzedmiotu)</highlight></codeline>
<codeline lineno="84"><highlight class="normal"><sp/><sp/><sp/><sp/><sp/><sp/><sp/><sp/><sp/><sp/><sp/><sp/><sp/><sp/><sp/><sp/><sp/><sp/><sp/><sp/><sp/><sp/><sp/><sp/>.ToList(),</highlight></codeline>
<codeline lineno="85"><highlight class="normal"></highlight></codeline>
<codeline lineno="86"><highlight class="normal"><sp/><sp/><sp/><sp/><sp/><sp/><sp/><sp/><sp/><sp/><sp/><sp/>KategorieDorobku<sp/>=<sp/>_context.KategorieDorobku.ToList(),</highlight></codeline>
<codeline lineno="87"><highlight class="normal"><sp/><sp/><sp/><sp/><sp/><sp/><sp/><sp/><sp/><sp/><sp/><sp/><sp/><sp/><sp/><sp/>PrzelicznikiOsiagniec<sp/>=<sp/>_context.PrzelicznikiOsiagniec.ToList(),</highlight></codeline>
<codeline lineno="88"><highlight class="normal"><sp/><sp/><sp/><sp/><sp/><sp/><sp/><sp/><sp/><sp/><sp/><sp/><sp/><sp/><sp/><sp/>DodatkoweOsiagniecia<sp/>=<sp/>podanieNaIStopien.Id<sp/>==<sp/>0<sp/>&amp;&amp;<sp/>podanieNaIIStopien.Id<sp/>==<sp/>0<sp/>?</highlight></codeline>
<codeline lineno="89"><highlight class="normal"><sp/><sp/><sp/><sp/><sp/><sp/><sp/><sp/><sp/><sp/><sp/><sp/><sp/><sp/><sp/><sp/><sp/><sp/><sp/><sp/></highlight><highlight class="keyword">new</highlight><highlight class="normal"><sp/>List&lt;DodatkoweOsiagniecieModel&gt;()<sp/>:</highlight></codeline>
<codeline lineno="90"><highlight class="normal"><sp/><sp/><sp/><sp/><sp/><sp/><sp/><sp/><sp/><sp/><sp/><sp/><sp/><sp/><sp/><sp/><sp/><sp/><sp/><sp/>_context.DodatkoweOsiagniecia</highlight></codeline>
<codeline lineno="91"><highlight class="normal"><sp/><sp/><sp/><sp/><sp/><sp/><sp/><sp/><sp/><sp/><sp/><sp/><sp/><sp/><sp/><sp/><sp/><sp/><sp/><sp/><sp/><sp/><sp/><sp/>.Where(d<sp/>=&gt;<sp/>d.FkIdPodanieKandydata<sp/>==<sp/>podanieNaIStopien.Id<sp/>||<sp/>d.FkIdPodanieKandydata<sp/>==<sp/>podanieNaIIStopien.Id)</highlight></codeline>
<codeline lineno="92"><highlight class="normal"><sp/><sp/><sp/><sp/><sp/><sp/><sp/><sp/><sp/><sp/><sp/><sp/><sp/><sp/><sp/><sp/><sp/><sp/><sp/><sp/><sp/><sp/><sp/><sp/>.ToList(),</highlight></codeline>
<codeline lineno="93"><highlight class="normal"><sp/><sp/><sp/><sp/><sp/><sp/><sp/><sp/><sp/><sp/><sp/><sp/><sp/><sp/><sp/><sp/>DorobkiNaukowe<sp/>=<sp/>podanieNaIIStopien.Id<sp/>==<sp/>0<sp/>?</highlight></codeline>
<codeline lineno="94"><highlight class="normal"><sp/><sp/><sp/><sp/><sp/><sp/><sp/><sp/><sp/><sp/><sp/><sp/><sp/><sp/><sp/><sp/><sp/><sp/><sp/><sp/></highlight><highlight class="keyword">new</highlight><highlight class="normal"><sp/>List&lt;DorobekNaukowyModel&gt;()<sp/>:</highlight></codeline>
<codeline lineno="95"><highlight class="normal"><sp/><sp/><sp/><sp/><sp/><sp/><sp/><sp/><sp/><sp/><sp/><sp/><sp/><sp/><sp/><sp/><sp/><sp/><sp/><sp/>_context.DorobkiNaukowe.Where(d<sp/>=&gt;<sp/>d.FkIdPodanieNaIIStopien<sp/>==<sp/>podanieNaIIStopien.Id)</highlight></codeline>
<codeline lineno="96"><highlight class="normal"><sp/><sp/><sp/><sp/><sp/><sp/><sp/><sp/><sp/><sp/><sp/><sp/><sp/><sp/><sp/><sp/><sp/><sp/><sp/><sp/><sp/><sp/><sp/><sp/>.ToList(),</highlight></codeline>
<codeline lineno="97"><highlight class="normal"><sp/><sp/><sp/><sp/><sp/><sp/><sp/><sp/><sp/><sp/><sp/><sp/><sp/><sp/><sp/><sp/>PodanieNaIIStopien<sp/>=<sp/>podanieNaIIStopien,</highlight></codeline>
<codeline lineno="98"><highlight class="normal"><sp/><sp/><sp/><sp/><sp/><sp/><sp/><sp/><sp/><sp/><sp/><sp/><sp/><sp/><sp/><sp/>PodanieNaIStopien<sp/>=<sp/>podanieNaIStopien,</highlight></codeline>
<codeline lineno="99"><highlight class="normal"><sp/><sp/><sp/><sp/><sp/><sp/><sp/><sp/><sp/><sp/><sp/><sp/><sp/><sp/><sp/><sp/>Matura<sp/>=<sp/>matura,</highlight></codeline>
<codeline lineno="100"><highlight class="normal"><sp/><sp/><sp/><sp/><sp/><sp/><sp/><sp/><sp/><sp/><sp/><sp/><sp/><sp/><sp/><sp/>PodanieKandydata<sp/>=<sp/>podanie</highlight></codeline>
<codeline lineno="101"><highlight class="normal"><sp/><sp/><sp/><sp/><sp/><sp/><sp/><sp/><sp/><sp/><sp/><sp/>};</highlight></codeline>
<codeline lineno="102"><highlight class="normal"></highlight></codeline>
<codeline lineno="103"><highlight class="normal"><sp/><sp/><sp/><sp/><sp/><sp/><sp/><sp/><sp/><sp/><sp/><sp/></highlight><highlight class="keywordflow">foreach</highlight><highlight class="normal"><sp/>(var<sp/>item<sp/></highlight><highlight class="keywordflow">in</highlight><highlight class="normal"><sp/>model.PrzelicznikiOsiagniec)</highlight></codeline>
<codeline lineno="104"><highlight class="normal"><sp/><sp/><sp/><sp/><sp/><sp/><sp/><sp/><sp/><sp/><sp/><sp/>{</highlight></codeline>
<codeline lineno="105"><highlight class="normal"><sp/><sp/><sp/><sp/><sp/><sp/><sp/><sp/><sp/><sp/><sp/><sp/><sp/><sp/><sp/><sp/>item.KategoriaOsiagniecia<sp/>=<sp/>_context.KategorieOsiagniec.SingleOrDefault(k<sp/>=&gt;<sp/>k.Id<sp/>==<sp/>item.FkIdKategoriaOsiagniecia);</highlight></codeline>
<codeline lineno="106"><highlight class="normal"><sp/><sp/><sp/><sp/><sp/><sp/><sp/><sp/><sp/><sp/><sp/><sp/>}</highlight></codeline>
<codeline lineno="107"><highlight class="normal"><sp/><sp/><sp/><sp/><sp/><sp/><sp/><sp/><sp/><sp/><sp/><sp/></highlight><highlight class="keywordflow">return</highlight><highlight class="normal"><sp/>View(model);</highlight></codeline>
<codeline lineno="108"><highlight class="normal"><sp/><sp/><sp/><sp/><sp/><sp/><sp/><sp/>}</highlight></codeline>
<codeline lineno="109"><highlight class="normal"></highlight></codeline>
<codeline lineno="110"><highlight class="normal"><sp/><sp/><sp/><sp/><sp/><sp/><sp/><sp/></highlight><highlight class="comment">//<sp/>POST:<sp/>PracownikEdycja/Edit/5</highlight><highlight class="normal"></highlight></codeline>
<codeline lineno="111"><highlight class="normal"><sp/><sp/><sp/><sp/><sp/><sp/><sp/><sp/></highlight><highlight class="comment">//<sp/>To<sp/>protect<sp/>from<sp/>overposting<sp/>attacks,<sp/>enable<sp/>the<sp/>specific<sp/>properties<sp/>you<sp/>want<sp/>to<sp/>bind<sp/>to.</highlight><highlight class="normal"></highlight></codeline>
<codeline lineno="112"><highlight class="normal"><sp/><sp/><sp/><sp/><sp/><sp/><sp/><sp/></highlight><highlight class="comment">//<sp/>For<sp/>more<sp/>details,<sp/>see<sp/>http://go.microsoft.com/fwlink/?LinkId=317598.</highlight><highlight class="normal"></highlight></codeline>
<codeline lineno="113"><highlight class="normal"><sp/><sp/><sp/><sp/><sp/><sp/><sp/><sp/>[HttpPost]</highlight></codeline>
<codeline lineno="114"><highlight class="normal"><sp/><sp/><sp/><sp/><sp/><sp/><sp/><sp/>[ValidateAntiForgeryToken]</highlight></codeline>
<codeline lineno="115"><highlight class="normal"><sp/><sp/><sp/><sp/><sp/><sp/><sp/><sp/></highlight><highlight class="keyword">public</highlight><highlight class="normal"><sp/>IActionResult<sp/>Edit(</highlight><highlight class="keywordtype">long</highlight><highlight class="normal"><sp/></highlight><highlight class="keywordtype">id</highlight><highlight class="normal">,<sp/>[Bind]<sp/><ref refid="de/d91/classprojektowaniaOprogramowania_1_1ViewModels_1_1WszystkieInformacjePodaniaViewModel" kindref="compound">WszystkieInformacjePodaniaViewModel</ref><sp/>model)</highlight></codeline>
<codeline lineno="116"><highlight class="normal"><sp/><sp/><sp/><sp/><sp/><sp/><sp/><sp/>{</highlight></codeline>
<codeline lineno="117"><highlight class="normal"><sp/><sp/><sp/><sp/><sp/><sp/><sp/><sp/><sp/><sp/><sp/><sp/><ref refid="d6/da6/classprojektowaniaOprogramowania_1_1ViewModels_1_1Users_1_1KandydatModel" kindref="compound">KandydatModel</ref><sp/>kandydat<sp/>=<sp/>_context.Kandydaci.SingleOrDefault(candidate<sp/>=&gt;<sp/>candidate.Id<sp/>==<sp/></highlight><highlight class="keywordtype">id</highlight><highlight class="normal">);</highlight></codeline>
<codeline lineno="118"><highlight class="normal"></highlight></codeline>
<codeline lineno="119"><highlight class="normal"><sp/><sp/><sp/><sp/><sp/><sp/><sp/><sp/><sp/><sp/><sp/><sp/></highlight><highlight class="keywordflow">if</highlight><highlight class="normal"><sp/>(kandydat<sp/>==<sp/></highlight><highlight class="keyword">null</highlight><highlight class="normal">)</highlight></codeline>
<codeline lineno="120"><highlight class="normal"><sp/><sp/><sp/><sp/><sp/><sp/><sp/><sp/><sp/><sp/><sp/><sp/><sp/><sp/><sp/><sp/></highlight><highlight class="keywordflow">return</highlight><highlight class="normal"><sp/>RedirectToAction(</highlight><highlight class="stringliteral">&quot;Error&quot;</highlight><highlight class="normal">,<sp/></highlight><highlight class="stringliteral">&quot;Home&quot;</highlight><highlight class="normal">);</highlight></codeline>
<codeline lineno="121"><highlight class="normal"></highlight></codeline>
<codeline lineno="122"><highlight class="normal"><sp/><sp/><sp/><sp/><sp/><sp/><sp/><sp/><sp/><sp/><sp/><sp/><ref refid="db/de7/classprojektowaniaOprogramowania_1_1ViewModels_1_1RekrutacjaModel" kindref="compound">RekrutacjaModel</ref><sp/>rekrutacja<sp/>=<sp/>_context.Rekrutacje</highlight></codeline>
<codeline lineno="123"><highlight class="normal"><sp/><sp/><sp/><sp/><sp/><sp/><sp/><sp/><sp/><sp/><sp/><sp/><sp/><sp/><sp/><sp/>.FirstOrDefault(rekrutacja<sp/>=&gt;<sp/>rekrutacja.StatusRekrutacji<sp/>==<sp/>StatusRekrutacji.Otwarta);</highlight></codeline>
<codeline lineno="124"><highlight class="normal"></highlight></codeline>
<codeline lineno="125"><highlight class="normal"><sp/><sp/><sp/><sp/><sp/><sp/><sp/><sp/><sp/><sp/><sp/><sp/></highlight><highlight class="keywordflow">if</highlight><highlight class="normal"><sp/>(rekrutacja<sp/>==<sp/></highlight><highlight class="keyword">null</highlight><highlight class="normal">)</highlight></codeline>
<codeline lineno="126"><highlight class="normal"><sp/><sp/><sp/><sp/><sp/><sp/><sp/><sp/><sp/><sp/><sp/><sp/><sp/><sp/><sp/><sp/></highlight><highlight class="keywordflow">return</highlight><highlight class="normal"><sp/>RedirectToAction(</highlight><highlight class="stringliteral">&quot;Error&quot;</highlight><highlight class="normal">,<sp/></highlight><highlight class="stringliteral">&quot;Home&quot;</highlight><highlight class="normal">);</highlight></codeline>
<codeline lineno="127"><highlight class="normal"></highlight></codeline>
<codeline lineno="128"><highlight class="normal"><sp/><sp/><sp/><sp/><sp/><sp/><sp/><sp/><sp/><sp/><sp/><sp/></highlight><highlight class="comment">/*if<sp/>(!ModelState.IsValid)</highlight></codeline>
<codeline lineno="129"><highlight class="comment"><sp/><sp/><sp/><sp/><sp/><sp/><sp/><sp/><sp/><sp/><sp/><sp/>{</highlight></codeline>
<codeline lineno="130"><highlight class="comment"><sp/><sp/><sp/><sp/><sp/><sp/><sp/><sp/><sp/><sp/><sp/><sp/><sp/><sp/><sp/><sp/>TempData[&quot;Message&quot;]<sp/>=<sp/>&quot;Wpisane<sp/>dane<sp/>są<sp/>błędne!&quot;;</highlight></codeline>
<codeline lineno="131"><highlight class="comment"><sp/><sp/><sp/><sp/><sp/><sp/><sp/><sp/><sp/><sp/><sp/><sp/><sp/><sp/><sp/><sp/>return<sp/>RedirectToAction(&quot;Index&quot;);</highlight></codeline>
<codeline lineno="132"><highlight class="comment"><sp/><sp/><sp/><sp/><sp/><sp/><sp/><sp/><sp/><sp/><sp/><sp/>}*/</highlight><highlight class="normal"></highlight></codeline>
<codeline lineno="133"><highlight class="normal"></highlight></codeline>
<codeline lineno="134"><highlight class="normal"><sp/><sp/><sp/><sp/><sp/><sp/><sp/><sp/><sp/><sp/><sp/><sp/></highlight><highlight class="keywordflow">if</highlight><highlight class="normal"><sp/>(model.Matura.DataPrzystapieniaDoMatury<sp/>==<sp/>DateTime.MinValue<sp/>||<sp/>rekrutacja.DataZamknieciaRekrutacji<sp/>&gt;<sp/>model.Matura.DataPrzystapieniaDoMatury.AddYears(5))</highlight></codeline>
<codeline lineno="135"><highlight class="normal"><sp/><sp/><sp/><sp/><sp/><sp/><sp/><sp/><sp/><sp/><sp/><sp/>{</highlight></codeline>
<codeline lineno="136"><highlight class="normal"><sp/><sp/><sp/><sp/><sp/><sp/><sp/><sp/><sp/><sp/><sp/><sp/><sp/><sp/><sp/><sp/>TempData[</highlight><highlight class="stringliteral">&quot;Message&quot;</highlight><highlight class="normal">]<sp/>=<sp/>$</highlight><highlight class="stringliteral">&quot;Matura<sp/>nie<sp/>może<sp/>być<sp/>starsza<sp/>niż<sp/>5<sp/>lat<sp/>od<sp/>daty<sp/>zamknięcia<sp/>rekrutacji<sp/>{rekrutacja.DataZamknieciaRekrutacji}&quot;</highlight><highlight class="normal">;</highlight></codeline>
<codeline lineno="137"><highlight class="normal"><sp/><sp/><sp/><sp/><sp/><sp/><sp/><sp/><sp/><sp/><sp/><sp/><sp/><sp/><sp/><sp/></highlight><highlight class="keywordflow">return</highlight><highlight class="normal"><sp/>RedirectToAction(</highlight><highlight class="stringliteral">&quot;Index&quot;</highlight><highlight class="normal">);</highlight></codeline>
<codeline lineno="138"><highlight class="normal"><sp/><sp/><sp/><sp/><sp/><sp/><sp/><sp/><sp/><sp/><sp/><sp/>}</highlight></codeline>
<codeline lineno="139"><highlight class="normal"></highlight></codeline>
<codeline lineno="140"><highlight class="normal"><sp/><sp/><sp/><sp/><sp/><sp/><sp/><sp/><sp/><sp/><sp/><sp/></highlight><highlight class="comment">//<sp/>Updating<sp/>or<sp/>deleting<sp/>and<sp/>replacing<sp/>old<sp/>entities!</highlight><highlight class="normal"></highlight></codeline>
<codeline lineno="141"><highlight class="normal"><sp/><sp/><sp/><sp/><sp/><sp/><sp/><sp/><sp/><sp/><sp/><sp/>var<sp/>podanieNaIStopien<sp/>=<sp/>_context.PodaniaNaIStopien.SingleOrDefault(p<sp/>=&gt;<sp/>model.PodanieNaIStopien.Id<sp/>==<sp/>p.Id);</highlight></codeline>
<codeline lineno="142"><highlight class="normal"><sp/><sp/><sp/><sp/><sp/><sp/><sp/><sp/><sp/><sp/><sp/><sp/>podanieNaIStopien<sp/>??=<sp/>_context.Add(</highlight><highlight class="keyword">new</highlight><highlight class="normal"><sp/><ref refid="d8/d22/classprojektowaniaOprogramowania_1_1ViewModels_1_1PodanieNaStudiaIStopniaModel" kindref="compound">PodanieNaStudiaIStopniaModel</ref>()</highlight></codeline>
<codeline lineno="143"><highlight class="normal"><sp/><sp/><sp/><sp/><sp/><sp/><sp/><sp/><sp/><sp/><sp/><sp/>{</highlight></codeline>
<codeline lineno="144"><highlight class="normal"><sp/><sp/><sp/><sp/><sp/><sp/><sp/><sp/><sp/><sp/><sp/><sp/><sp/><sp/><sp/><sp/>CzyAktywny<sp/>=<sp/></highlight><highlight class="keyword">true</highlight><highlight class="normal">,</highlight></codeline>
<codeline lineno="145"><highlight class="normal"><sp/><sp/><sp/><sp/><sp/><sp/><sp/><sp/><sp/><sp/><sp/><sp/><sp/><sp/><sp/><sp/>DataZlozeniaPodania<sp/>=<sp/>model.PodanieNaIStopien.DataZlozeniaPodania,</highlight></codeline>
<codeline lineno="146"><highlight class="normal"><sp/><sp/><sp/><sp/><sp/><sp/><sp/><sp/><sp/><sp/><sp/><sp/><sp/><sp/><sp/><sp/>FkIdKandydat<sp/>=<sp/>kandydat.Id,</highlight></codeline>
<codeline lineno="147"><highlight class="normal"><sp/><sp/><sp/><sp/><sp/><sp/><sp/><sp/><sp/><sp/><sp/><sp/><sp/><sp/><sp/><sp/>FkIdRekrutacja<sp/>=<sp/>rekrutacja.Id</highlight></codeline>
<codeline lineno="148"><highlight class="normal"><sp/><sp/><sp/><sp/><sp/><sp/><sp/><sp/><sp/><sp/><sp/><sp/>}).Entity;</highlight></codeline>
<codeline lineno="149"><highlight class="normal"></highlight></codeline>
<codeline lineno="150"><highlight class="normal"><sp/><sp/><sp/><sp/><sp/><sp/><sp/><sp/><sp/><sp/><sp/><sp/>var<sp/>podanieNaIIStopien<sp/>=<sp/>_context.PodaniaNaIIStopien.SingleOrDefault(p<sp/>=&gt;<sp/>model.PodanieNaIIStopien.Id<sp/>==<sp/>p.Id);</highlight></codeline>
<codeline lineno="151"><highlight class="normal"><sp/><sp/><sp/><sp/><sp/><sp/><sp/><sp/><sp/><sp/><sp/><sp/>podanieNaIIStopien<sp/>??=<sp/>_context.Add(</highlight><highlight class="keyword">new</highlight><highlight class="normal"><sp/><ref refid="d5/da0/classprojektowaniaOprogramowania_1_1ViewModels_1_1PodanieNaStudiaIIStopniaModel" kindref="compound">PodanieNaStudiaIIStopniaModel</ref>()</highlight></codeline>
<codeline lineno="152"><highlight class="normal"><sp/><sp/><sp/><sp/><sp/><sp/><sp/><sp/><sp/><sp/><sp/><sp/>{</highlight></codeline>
<codeline lineno="153"><highlight class="normal"><sp/><sp/><sp/><sp/><sp/><sp/><sp/><sp/><sp/><sp/><sp/><sp/><sp/><sp/><sp/><sp/>CzyAktywny<sp/>=<sp/></highlight><highlight class="keyword">true</highlight><highlight class="normal">,</highlight></codeline>
<codeline lineno="154"><highlight class="normal"><sp/><sp/><sp/><sp/><sp/><sp/><sp/><sp/><sp/><sp/><sp/><sp/><sp/><sp/><sp/><sp/>DataZlozeniaPodania<sp/>=<sp/>model.PodanieNaIIStopien.DataZlozeniaPodania,</highlight></codeline>
<codeline lineno="155"><highlight class="normal"><sp/><sp/><sp/><sp/><sp/><sp/><sp/><sp/><sp/><sp/><sp/><sp/><sp/><sp/><sp/><sp/>FkIdKandydat<sp/>=<sp/>kandydat.Id,</highlight></codeline>
<codeline lineno="156"><highlight class="normal"><sp/><sp/><sp/><sp/><sp/><sp/><sp/><sp/><sp/><sp/><sp/><sp/><sp/><sp/><sp/><sp/>FkIdRekrutacja<sp/>=<sp/>rekrutacja.Id,</highlight></codeline>
<codeline lineno="157"><highlight class="normal"><sp/><sp/><sp/><sp/><sp/><sp/><sp/><sp/><sp/><sp/><sp/><sp/><sp/><sp/><sp/><sp/>SredniaZTokuStudiow<sp/>=<sp/>model.PodanieNaIIStopien.SredniaZTokuStudiow,</highlight></codeline>
<codeline lineno="158"><highlight class="normal"><sp/><sp/><sp/><sp/><sp/><sp/><sp/><sp/><sp/><sp/><sp/><sp/><sp/><sp/><sp/><sp/>OcenaZPracyDyplomowej<sp/>=<sp/>model.PodanieNaIIStopien.OcenaZPracyDyplomowej</highlight></codeline>
<codeline lineno="159"><highlight class="normal"><sp/><sp/><sp/><sp/><sp/><sp/><sp/><sp/><sp/><sp/><sp/><sp/>}).Entity;</highlight></codeline>
<codeline lineno="160"><highlight class="normal"></highlight></codeline>
<codeline lineno="161"><highlight class="normal"><sp/><sp/><sp/><sp/><sp/><sp/><sp/><sp/><sp/><sp/><sp/><sp/>_context.SaveChanges();</highlight></codeline>
<codeline lineno="162"><highlight class="normal"></highlight></codeline>
<codeline lineno="163"><highlight class="normal"><sp/><sp/><sp/><sp/><sp/><sp/><sp/><sp/><sp/><sp/><sp/><sp/>model.Matura.FkIdPodanieNaIStopien<sp/>=<sp/>podanieNaIStopien.Id;</highlight></codeline>
<codeline lineno="164"><highlight class="normal"></highlight></codeline>
<codeline lineno="165"><highlight class="normal"><sp/><sp/><sp/><sp/><sp/><sp/><sp/><sp/><sp/><sp/><sp/><sp/>var<sp/>matura<sp/>=<sp/>(model.Matura.Id<sp/>==<sp/>0<sp/>?<sp/>_context.Add(model.Matura)<sp/>:<sp/>_context.Update(model.Matura)).Entity;</highlight></codeline>
<codeline lineno="166"><highlight class="normal"><sp/><sp/><sp/><sp/><sp/><sp/><sp/><sp/><sp/><sp/><sp/><sp/>_context.SaveChanges();</highlight></codeline>
<codeline lineno="167"><highlight class="normal"></highlight></codeline>
<codeline lineno="168"><highlight class="normal"><sp/><sp/><sp/><sp/><sp/><sp/><sp/><sp/><sp/><sp/><sp/><sp/></highlight><highlight class="keywordflow">foreach</highlight><highlight class="normal"><sp/>(var<sp/>ocena<sp/></highlight><highlight class="keywordflow">in</highlight><highlight class="normal"><sp/>model.Oceny)</highlight></codeline>
<codeline lineno="169"><highlight class="normal"><sp/><sp/><sp/><sp/><sp/><sp/><sp/><sp/><sp/><sp/><sp/><sp/>{</highlight></codeline>
<codeline lineno="170"><highlight class="normal"><sp/><sp/><sp/><sp/><sp/><sp/><sp/><sp/><sp/><sp/><sp/><sp/><sp/><sp/><sp/><sp/>ocena.ocena.MaturaId<sp/>=<sp/>matura.Id;</highlight></codeline>
<codeline lineno="171"><highlight class="normal"><sp/><sp/><sp/><sp/><sp/><sp/><sp/><sp/><sp/><sp/><sp/><sp/><sp/><sp/><sp/><sp/></highlight><highlight class="keywordflow">if</highlight><highlight class="normal"><sp/>(ocena.ocena.Id<sp/>!=<sp/>0)</highlight></codeline>
<codeline lineno="172"><highlight class="normal"><sp/><sp/><sp/><sp/><sp/><sp/><sp/><sp/><sp/><sp/><sp/><sp/><sp/><sp/><sp/><sp/><sp/><sp/><sp/><sp/>_context.Oceny.Remove(_context.Oceny.SingleOrDefault(e<sp/>=&gt;<sp/>e.Id<sp/>==<sp/>ocena.ocena.Id));</highlight></codeline>
<codeline lineno="173"><highlight class="normal"></highlight></codeline>
<codeline lineno="174"><highlight class="normal"><sp/><sp/><sp/><sp/><sp/><sp/><sp/><sp/><sp/><sp/><sp/><sp/><sp/><sp/><sp/><sp/>_context.Add(ocena.ocena);</highlight></codeline>
<codeline lineno="175"><highlight class="normal"><sp/><sp/><sp/><sp/><sp/><sp/><sp/><sp/><sp/><sp/><sp/><sp/>}</highlight></codeline>
<codeline lineno="176"><highlight class="normal"></highlight></codeline>
<codeline lineno="177"><highlight class="normal"><sp/><sp/><sp/><sp/><sp/><sp/><sp/><sp/><sp/><sp/><sp/><sp/></highlight><highlight class="keywordflow">if</highlight><highlight class="normal"><sp/>(model.DorobkiNaukowe<sp/>!=<sp/></highlight><highlight class="keyword">null</highlight><highlight class="normal">)</highlight></codeline>
<codeline lineno="178"><highlight class="normal"><sp/><sp/><sp/><sp/><sp/><sp/><sp/><sp/><sp/><sp/><sp/><sp/>{</highlight></codeline>
<codeline lineno="179"><highlight class="normal"><sp/><sp/><sp/><sp/><sp/><sp/><sp/><sp/><sp/><sp/><sp/><sp/><sp/><sp/><sp/><sp/></highlight><highlight class="keywordflow">foreach</highlight><highlight class="normal"><sp/>(var<sp/>dorobekNaukowy<sp/></highlight><highlight class="keywordflow">in</highlight><highlight class="normal"><sp/>model.DorobkiNaukowe)</highlight></codeline>
<codeline lineno="180"><highlight class="normal"><sp/><sp/><sp/><sp/><sp/><sp/><sp/><sp/><sp/><sp/><sp/><sp/><sp/><sp/><sp/><sp/>{</highlight></codeline>
<codeline lineno="181"><highlight class="normal"><sp/><sp/><sp/><sp/><sp/><sp/><sp/><sp/><sp/><sp/><sp/><sp/><sp/><sp/><sp/><sp/><sp/><sp/><sp/><sp/>dorobekNaukowy.FkIdPodanieNaIIStopien<sp/>=<sp/>podanieNaIIStopien.Id;</highlight></codeline>
<codeline lineno="182"><highlight class="normal"><sp/><sp/><sp/><sp/><sp/><sp/><sp/><sp/><sp/><sp/><sp/><sp/><sp/><sp/><sp/><sp/><sp/><sp/><sp/><sp/></highlight><highlight class="keywordflow">if</highlight><highlight class="normal"><sp/>(dorobekNaukowy.Id<sp/>!=<sp/>0)</highlight></codeline>
<codeline lineno="183"><highlight class="normal"><sp/><sp/><sp/><sp/><sp/><sp/><sp/><sp/><sp/><sp/><sp/><sp/><sp/><sp/><sp/><sp/><sp/><sp/><sp/><sp/><sp/><sp/><sp/><sp/>_context.DorobkiNaukowe.Remove(_context.DorobkiNaukowe.SingleOrDefault(e<sp/>=&gt;<sp/>e.Id<sp/>==<sp/>dorobekNaukowy.Id));</highlight></codeline>
<codeline lineno="184"><highlight class="normal"></highlight></codeline>
<codeline lineno="185"><highlight class="normal"><sp/><sp/><sp/><sp/><sp/><sp/><sp/><sp/><sp/><sp/><sp/><sp/><sp/><sp/><sp/><sp/><sp/><sp/><sp/><sp/>_context.Add(dorobekNaukowy);</highlight></codeline>
<codeline lineno="186"><highlight class="normal"><sp/><sp/><sp/><sp/><sp/><sp/><sp/><sp/><sp/><sp/><sp/><sp/><sp/><sp/><sp/><sp/>}</highlight></codeline>
<codeline lineno="187"><highlight class="normal"><sp/><sp/><sp/><sp/><sp/><sp/><sp/><sp/><sp/><sp/><sp/><sp/>}</highlight></codeline>
<codeline lineno="188"><highlight class="normal"></highlight></codeline>
<codeline lineno="189"><highlight class="normal"><sp/><sp/><sp/><sp/><sp/><sp/><sp/><sp/><sp/><sp/><sp/><sp/>_context.RemoveRange(_context.DodatkoweOsiagniecia.Where(d<sp/>=&gt;<sp/>d.FkIdPodanieKandydata<sp/>==<sp/>podanieNaIStopien.Id<sp/>||<sp/>d.FkIdPodanieKandydata<sp/>==<sp/>podanieNaIIStopien.Id));</highlight></codeline>
<codeline lineno="190"><highlight class="normal"><sp/><sp/><sp/><sp/><sp/><sp/><sp/><sp/><sp/><sp/><sp/><sp/></highlight><highlight class="keywordflow">if</highlight><highlight class="normal"><sp/>(model.DodatkoweOsiagniecia<sp/>!=<sp/></highlight><highlight class="keyword">null</highlight><highlight class="normal">)</highlight></codeline>
<codeline lineno="191"><highlight class="normal"><sp/><sp/><sp/><sp/><sp/><sp/><sp/><sp/><sp/><sp/><sp/><sp/>{</highlight></codeline>
<codeline lineno="192"><highlight class="normal"><sp/><sp/><sp/><sp/><sp/><sp/><sp/><sp/><sp/><sp/><sp/><sp/><sp/><sp/><sp/><sp/></highlight><highlight class="keywordflow">foreach</highlight><highlight class="normal"><sp/>(var<sp/>dodatkoweOsiagniecie<sp/></highlight><highlight class="keywordflow">in</highlight><highlight class="normal"><sp/>model.DodatkoweOsiagniecia)</highlight></codeline>
<codeline lineno="193"><highlight class="normal"><sp/><sp/><sp/><sp/><sp/><sp/><sp/><sp/><sp/><sp/><sp/><sp/><sp/><sp/><sp/><sp/>{</highlight></codeline>
<codeline lineno="194"><highlight class="normal"><sp/><sp/><sp/><sp/><sp/><sp/><sp/><sp/><sp/><sp/><sp/><sp/><sp/><sp/><sp/><sp/><sp/><sp/><sp/><sp/>dodatkoweOsiagniecie.FkIdPodanieKandydata<sp/>=<sp/>podanieNaIStopien.Id;</highlight></codeline>
<codeline lineno="195"><highlight class="normal"><sp/><sp/><sp/><sp/><sp/><sp/><sp/><sp/><sp/><sp/><sp/><sp/><sp/><sp/><sp/><sp/><sp/><sp/><sp/><sp/></highlight><highlight class="comment">//<sp/>deep<sp/>copy!</highlight><highlight class="normal"></highlight></codeline>
<codeline lineno="196"><highlight class="normal"><sp/><sp/><sp/><sp/><sp/><sp/><sp/><sp/><sp/><sp/><sp/><sp/><sp/><sp/><sp/><sp/><sp/><sp/><sp/><sp/>var<sp/>dodatkoweOsiagniecie2<sp/>=<sp/></highlight><highlight class="keyword">new</highlight><highlight class="normal"><sp/><ref refid="de/d4a/classprojektowaniaOprogramowania_1_1ViewModels_1_1DodatkoweOsiagniecieModel" kindref="compound">DodatkoweOsiagniecieModel</ref>()</highlight></codeline>
<codeline lineno="197"><highlight class="normal"><sp/><sp/><sp/><sp/><sp/><sp/><sp/><sp/><sp/><sp/><sp/><sp/><sp/><sp/><sp/><sp/><sp/><sp/><sp/><sp/>{</highlight></codeline>
<codeline lineno="198"><highlight class="normal"><sp/><sp/><sp/><sp/><sp/><sp/><sp/><sp/><sp/><sp/><sp/><sp/><sp/><sp/><sp/><sp/><sp/><sp/><sp/><sp/><sp/><sp/><sp/><sp/>DataZdobycia<sp/>=<sp/>dodatkoweOsiagniecie.DataZdobycia,</highlight></codeline>
<codeline lineno="199"><highlight class="normal"><sp/><sp/><sp/><sp/><sp/><sp/><sp/><sp/><sp/><sp/><sp/><sp/><sp/><sp/><sp/><sp/><sp/><sp/><sp/><sp/><sp/><sp/><sp/><sp/>Opis<sp/>=<sp/>dodatkoweOsiagniecie.Opis,</highlight></codeline>
<codeline lineno="200"><highlight class="normal"><sp/><sp/><sp/><sp/><sp/><sp/><sp/><sp/><sp/><sp/><sp/><sp/><sp/><sp/><sp/><sp/><sp/><sp/><sp/><sp/><sp/><sp/><sp/><sp/>FkIdPrzelicznikOsiagniec<sp/>=<sp/>dodatkoweOsiagniecie.FkIdPrzelicznikOsiagniec,</highlight></codeline>
<codeline lineno="201"><highlight class="normal"><sp/><sp/><sp/><sp/><sp/><sp/><sp/><sp/><sp/><sp/><sp/><sp/><sp/><sp/><sp/><sp/><sp/><sp/><sp/><sp/><sp/><sp/><sp/><sp/>FkIdPodanieKandydata<sp/>=<sp/>podanieNaIIStopien.Id</highlight></codeline>
<codeline lineno="202"><highlight class="normal"><sp/><sp/><sp/><sp/><sp/><sp/><sp/><sp/><sp/><sp/><sp/><sp/><sp/><sp/><sp/><sp/><sp/><sp/><sp/><sp/>};</highlight></codeline>
<codeline lineno="203"><highlight class="normal"></highlight></codeline>
<codeline lineno="204"><highlight class="normal"><sp/><sp/><sp/><sp/><sp/><sp/><sp/><sp/><sp/><sp/><sp/><sp/><sp/><sp/><sp/><sp/><sp/><sp/><sp/><sp/>_context.Add(dodatkoweOsiagniecie);</highlight></codeline>
<codeline lineno="205"><highlight class="normal"><sp/><sp/><sp/><sp/><sp/><sp/><sp/><sp/><sp/><sp/><sp/><sp/><sp/><sp/><sp/><sp/><sp/><sp/><sp/><sp/>_context.Add(dodatkoweOsiagniecie2);</highlight></codeline>
<codeline lineno="206"><highlight class="normal"></highlight></codeline>
<codeline lineno="207"><highlight class="normal"><sp/><sp/><sp/><sp/><sp/><sp/><sp/><sp/><sp/><sp/><sp/><sp/><sp/><sp/><sp/><sp/>}</highlight></codeline>
<codeline lineno="208"><highlight class="normal"><sp/><sp/><sp/><sp/><sp/><sp/><sp/><sp/><sp/><sp/><sp/><sp/>}</highlight></codeline>
<codeline lineno="209"><highlight class="normal"></highlight></codeline>
<codeline lineno="210"><highlight class="normal"><sp/><sp/><sp/><sp/><sp/><sp/><sp/><sp/><sp/><sp/><sp/><sp/>_context.SaveChanges();</highlight></codeline>
<codeline lineno="211"><highlight class="normal"></highlight></codeline>
<codeline lineno="212"><highlight class="normal"><sp/><sp/><sp/><sp/><sp/><sp/><sp/><sp/><sp/><sp/><sp/><sp/></highlight><highlight class="keywordflow">return</highlight><highlight class="normal"><sp/>RedirectToAction(</highlight><highlight class="stringliteral">&quot;Index&quot;</highlight><highlight class="normal">);</highlight></codeline>
<codeline lineno="213"><highlight class="normal"></highlight></codeline>
<codeline lineno="214"><highlight class="normal"><sp/><sp/><sp/><sp/>}</highlight></codeline>
<codeline lineno="215"><highlight class="normal"></highlight></codeline>
<codeline lineno="216"><highlight class="normal"></highlight></codeline>
<codeline lineno="217"><highlight class="normal"><sp/><sp/><sp/><sp/><sp/><sp/><sp/><sp/></highlight><highlight class="keyword">private</highlight><highlight class="normal"><sp/></highlight><highlight class="keywordtype">bool</highlight><highlight class="normal"><sp/>PodanieKandydataViewModelExists(</highlight><highlight class="keywordtype">long</highlight><highlight class="normal"><sp/></highlight><highlight class="keywordtype">id</highlight><highlight class="normal">)</highlight></codeline>
<codeline lineno="218"><highlight class="normal"><sp/><sp/><sp/><sp/><sp/><sp/><sp/><sp/>{</highlight></codeline>
<codeline lineno="219"><highlight class="normal"><sp/><sp/><sp/><sp/><sp/><sp/><sp/><sp/><sp/><sp/><sp/><sp/></highlight><highlight class="keywordflow">return</highlight><highlight class="normal"><sp/>_context.PodaniaKandydatow.Any(e<sp/>=&gt;<sp/>e.Id<sp/>==<sp/></highlight><highlight class="keywordtype">id</highlight><highlight class="normal">);</highlight></codeline>
<codeline lineno="220"><highlight class="normal"><sp/><sp/><sp/><sp/><sp/><sp/><sp/><sp/>}</highlight></codeline>
<codeline lineno="221"><highlight class="normal"><sp/><sp/><sp/><sp/>}</highlight></codeline>
<codeline lineno="222"><highlight class="normal">}</highlight></codeline>
    </programlisting>
    <location file="Controllers/PracownikEdycjaController.cs"/>
  </compounddef>
</doxygen>
