<?xml version='1.0' encoding='UTF-8' standalone='no'?>
<doxygen xmlns:xsi="http://www.w3.org/2001/XMLSchema-instance" xsi:noNamespaceSchemaLocation="compound.xsd" version="1.10.0" xml:lang="en-US">
  <compounddef id="d3/d58/classprojektowaniaOprogramowania_1_1ViewModels_1_1OcenaZPrzedmiotem" kind="class" language="C#" prot="public">
    <compoundname>projektowaniaOprogramowania::ViewModels::OcenaZPrzedmiotem</compoundname>
    <sectiondef kind="property">
      <memberdef kind="property" id="d3/d58/classprojektowaniaOprogramowania_1_1ViewModels_1_1OcenaZPrzedmiotem_1aa0ada99d4d2a7ea6b34c1f2c77247460" prot="public" static="no" readable="no" writable="no" gettable="yes" privategettable="no" protectedgettable="no" settable="yes" privatesettable="no" protectedsettable="no">
        <type><ref refid="dd/d59/classprojektowaniaOprogramowania_1_1ViewModels_1_1OcenaModel" kindref="compound">OcenaModel</ref></type>
        <definition>OcenaModel projektowaniaOprogramowania.ViewModels.OcenaZPrzedmiotem.ocena</definition>
        <argsstring></argsstring>
        <name>ocena</name>
        <qualifiedname>projektowaniaOprogramowania.ViewModels.OcenaZPrzedmiotem.ocena</qualifiedname>
        <briefdescription>
        </briefdescription>
        <detaileddescription>
        </detaileddescription>
        <inbodydescription>
        </inbodydescription>
        <location file="ViewModels/OcenaZPrzedmiotem.cs" line="5" column="27" bodyfile="ViewModels/OcenaZPrzedmiotem.cs" bodystart="5" bodyend="5"/>
      </memberdef>
      <memberdef kind="property" id="d3/d58/classprojektowaniaOprogramowania_1_1ViewModels_1_1OcenaZPrzedmiotem_1a427007c26ee8fdc96704856f04e6b499" prot="public" static="no" readable="no" writable="no" gettable="yes" privategettable="no" protectedgettable="no" settable="yes" privatesettable="no" protectedsettable="no">
        <type><ref refid="d7/d00/classprojektowaniaOprogramowania_1_1ViewModels_1_1PrzedmiotModel" kindref="compound">PrzedmiotModel</ref></type>
        <definition>PrzedmiotModel projektowaniaOprogramowania.ViewModels.OcenaZPrzedmiotem.przedmiot</definition>
        <argsstring></argsstring>
        <name>przedmiot</name>
        <qualifiedname>projektowaniaOprogramowania.ViewModels.OcenaZPrzedmiotem.przedmiot</qualifiedname>
        <briefdescription>
        </briefdescription>
        <detaileddescription>
        </detaileddescription>
        <inbodydescription>
        </inbodydescription>
        <location file="ViewModels/OcenaZPrzedmiotem.cs" line="6" column="31" bodyfile="ViewModels/OcenaZPrzedmiotem.cs" bodystart="6" bodyend="6"/>
      </memberdef>
    </sectiondef>
    <briefdescription>
    </briefdescription>
    <detaileddescription>
    </detaileddescription>
    <location file="ViewModels/OcenaZPrzedmiotem.cs" line="3" column="11" bodyfile="ViewModels/OcenaZPrzedmiotem.cs" bodystart="4" bodyend="8"/>
    <listofallmembers>
      <member refid="d3/d58/classprojektowaniaOprogramowania_1_1ViewModels_1_1OcenaZPrzedmiotem_1aa0ada99d4d2a7ea6b34c1f2c77247460" prot="public" virt="non-virtual"><scope>projektowaniaOprogramowania::ViewModels::OcenaZPrzedmiotem</scope><name>ocena</name></member>
      <member refid="d3/d58/classprojektowaniaOprogramowania_1_1ViewModels_1_1OcenaZPrzedmiotem_1a427007c26ee8fdc96704856f04e6b499" prot="public" virt="non-virtual"><scope>projektowaniaOprogramowania::ViewModels::OcenaZPrzedmiotem</scope><name>przedmiot</name></member>
    </listofallmembers>
  </compounddef>
</doxygen>
