<?xml version='1.0' encoding='UTF-8' standalone='no'?>
<doxygen xmlns:xsi="http://www.w3.org/2001/XMLSchema-instance" xsi:noNamespaceSchemaLocation="compound.xsd" version="1.10.0" xml:lang="en-US">
  <compounddef id="d5/daf/RecruitmentValidationService_8cs" kind="file" language="C#">
    <compoundname>RecruitmentValidationService.cs</compoundname>
    <innerclass refid="d2/d08/classprojektowaniaOprogramowania_1_1Services_1_1Recrutation_1_1RecruitmentValidationService" prot="public">projektowaniaOprogramowania::Services::Recrutation::RecruitmentValidationService</innerclass>
    <innernamespace refid="d8/d9d/namespaceprojektowaniaOprogramowania">projektowaniaOprogramowania</innernamespace>
    <innernamespace refid="d8/d08/namespaceprojektowaniaOprogramowania_1_1Services">projektowaniaOprogramowania::Services</innernamespace>
    <innernamespace refid="d3/dcc/namespaceprojektowaniaOprogramowania_1_1Services_1_1Recrutation">projektowaniaOprogramowania::Services::Recrutation</innernamespace>
    <briefdescription>
    </briefdescription>
    <detaileddescription>
    </detaileddescription>
    <programlisting>
<codeline lineno="1"><highlight class="keyword">using<sp/></highlight><highlight class="normal">System.Threading.Tasks;</highlight></codeline>
<codeline lineno="2"><highlight class="normal"></highlight><highlight class="keyword">using<sp/></highlight><highlight class="normal">Microsoft.EntityFrameworkCore;</highlight></codeline>
<codeline lineno="3"><highlight class="normal"></highlight><highlight class="keyword">using<sp/></highlight><highlight class="normal"><ref refid="d6/d4b/namespaceprojektowaniaOprogramowania_1_1Models" kindref="compound">projektowaniaOprogramowania.Models</ref>;</highlight></codeline>
<codeline lineno="4"><highlight class="normal"></highlight><highlight class="keyword">using<sp/></highlight><highlight class="normal"><ref refid="da/dc5/namespaceprojektowaniaOprogramowania_1_1ViewModels" kindref="compound">projektowaniaOprogramowania.ViewModels</ref>;</highlight></codeline>
<codeline lineno="5"><highlight class="normal"></highlight></codeline>
<codeline lineno="6"><highlight class="normal"></highlight><highlight class="keyword">namespace<sp/></highlight><highlight class="normal"><ref refid="d3/dcc/namespaceprojektowaniaOprogramowania_1_1Services_1_1Recrutation" kindref="compound">projektowaniaOprogramowania.Services.Recrutation</ref></highlight></codeline>
<codeline lineno="7"><highlight class="normal">{</highlight></codeline>
<codeline lineno="8" refid="d2/d08/classprojektowaniaOprogramowania_1_1Services_1_1Recrutation_1_1RecruitmentValidationService" refkind="compound"><highlight class="normal"><sp/><sp/><sp/><sp/></highlight><highlight class="keyword">public</highlight><highlight class="normal"><sp/></highlight><highlight class="keyword">class<sp/></highlight><highlight class="normal"><ref refid="d2/d08/classprojektowaniaOprogramowania_1_1Services_1_1Recrutation_1_1RecruitmentValidationService" kindref="compound">RecruitmentValidationService</ref>:<sp/><ref refid="dc/d6c/interfaceprojektowaniaOprogramowania_1_1Services_1_1Recrutation_1_1IRecruitmentValidationService" kindref="compound">IRecruitmentValidationService</ref></highlight></codeline>
<codeline lineno="9"><highlight class="normal"><sp/><sp/><sp/><sp/>{</highlight></codeline>
<codeline lineno="10"><highlight class="normal"><sp/><sp/><sp/><sp/><sp/><sp/><sp/><sp/></highlight><highlight class="keyword">private</highlight><highlight class="normal"><sp/><ref refid="da/d72/classprojektowaniaOprogramowania_1_1Models_1_1MyDbContext" kindref="compound">MyDbContext</ref><sp/>_dbContext;</highlight></codeline>
<codeline lineno="11"><highlight class="normal"><sp/><sp/><sp/><sp/><sp/><sp/><sp/><sp/></highlight><highlight class="keyword">public</highlight><highlight class="normal"><sp/><ref refid="d2/d08/classprojektowaniaOprogramowania_1_1Services_1_1Recrutation_1_1RecruitmentValidationService" kindref="compound">RecruitmentValidationService</ref>(<ref refid="da/d72/classprojektowaniaOprogramowania_1_1Models_1_1MyDbContext" kindref="compound">MyDbContext</ref><sp/>dbContext)</highlight></codeline>
<codeline lineno="12"><highlight class="normal"><sp/><sp/><sp/><sp/><sp/><sp/><sp/><sp/>{</highlight></codeline>
<codeline lineno="13"><highlight class="normal"><sp/><sp/><sp/><sp/><sp/><sp/><sp/><sp/><sp/><sp/><sp/><sp/>_dbContext<sp/>=<sp/>dbContext;</highlight></codeline>
<codeline lineno="14"><highlight class="normal"><sp/><sp/><sp/><sp/><sp/><sp/><sp/><sp/>}</highlight></codeline>
<codeline lineno="15"><highlight class="normal"><sp/><sp/><sp/><sp/><sp/><sp/><sp/><sp/></highlight></codeline>
<codeline lineno="16"><highlight class="normal"><sp/><sp/><sp/><sp/><sp/><sp/><sp/><sp/></highlight><highlight class="keyword">public</highlight><highlight class="normal"><sp/>async<sp/>Task&lt;(bool,<sp/>string)&gt;<sp/>IsRecruitmentValid(<ref refid="db/de7/classprojektowaniaOprogramowania_1_1ViewModels_1_1RekrutacjaModel" kindref="compound">RekrutacjaModel</ref><sp/>recruitment)</highlight></codeline>
<codeline lineno="17"><highlight class="normal"><sp/><sp/><sp/><sp/><sp/><sp/><sp/><sp/>{</highlight></codeline>
<codeline lineno="18"><highlight class="normal"><sp/><sp/><sp/><sp/><sp/><sp/><sp/><sp/><sp/><sp/><sp/><sp/></highlight><highlight class="keywordflow">if</highlight><highlight class="normal"><sp/>(!AreDatesCorrect(recruitment))</highlight></codeline>
<codeline lineno="19"><highlight class="normal"><sp/><sp/><sp/><sp/><sp/><sp/><sp/><sp/><sp/><sp/><sp/><sp/>{</highlight></codeline>
<codeline lineno="20"><highlight class="normal"><sp/><sp/><sp/><sp/><sp/><sp/><sp/><sp/><sp/><sp/><sp/><sp/><sp/><sp/><sp/><sp/></highlight><highlight class="keywordflow">return</highlight><highlight class="normal"><sp/>(</highlight><highlight class="keyword">false</highlight><highlight class="normal">,<sp/></highlight><highlight class="stringliteral">&quot;Niepoprawne<sp/>daty&quot;</highlight><highlight class="normal">);</highlight></codeline>
<codeline lineno="21"><highlight class="normal"><sp/><sp/><sp/><sp/><sp/><sp/><sp/><sp/><sp/><sp/><sp/><sp/>}</highlight></codeline>
<codeline lineno="22"><highlight class="normal"></highlight></codeline>
<codeline lineno="23"><highlight class="normal"><sp/><sp/><sp/><sp/><sp/><sp/><sp/><sp/><sp/><sp/><sp/><sp/></highlight><highlight class="keywordflow">if</highlight><highlight class="normal"><sp/>(!await<sp/>IsNewStateValid(recruitment))</highlight></codeline>
<codeline lineno="24"><highlight class="normal"><sp/><sp/><sp/><sp/><sp/><sp/><sp/><sp/><sp/><sp/><sp/><sp/>{</highlight></codeline>
<codeline lineno="25"><highlight class="normal"><sp/><sp/><sp/><sp/><sp/><sp/><sp/><sp/><sp/><sp/><sp/><sp/><sp/><sp/><sp/><sp/></highlight><highlight class="keywordflow">return</highlight><highlight class="normal"><sp/>(</highlight><highlight class="keyword">false</highlight><highlight class="normal">,<sp/></highlight><highlight class="stringliteral">&quot;Niepoprawny<sp/>status&quot;</highlight><highlight class="normal">);</highlight></codeline>
<codeline lineno="26"><highlight class="normal"><sp/><sp/><sp/><sp/><sp/><sp/><sp/><sp/><sp/><sp/><sp/><sp/>}</highlight></codeline>
<codeline lineno="27"><highlight class="normal"></highlight></codeline>
<codeline lineno="28"><highlight class="normal"><sp/><sp/><sp/><sp/><sp/><sp/><sp/><sp/><sp/><sp/><sp/><sp/></highlight><highlight class="keywordflow">return</highlight><highlight class="normal"><sp/>(</highlight><highlight class="keyword">true</highlight><highlight class="normal">,<sp/></highlight><highlight class="stringliteral">&quot;&quot;</highlight><highlight class="normal">);</highlight></codeline>
<codeline lineno="29"><highlight class="normal"><sp/><sp/><sp/><sp/><sp/><sp/><sp/><sp/>}</highlight></codeline>
<codeline lineno="30"><highlight class="normal"></highlight></codeline>
<codeline lineno="31"><highlight class="normal"><sp/><sp/><sp/><sp/><sp/><sp/><sp/><sp/></highlight><highlight class="keyword">private</highlight><highlight class="normal"><sp/>async<sp/>Task&lt;bool&gt;<sp/>IsNewStateValid(<ref refid="db/de7/classprojektowaniaOprogramowania_1_1ViewModels_1_1RekrutacjaModel" kindref="compound">RekrutacjaModel</ref><sp/>recruitment)</highlight></codeline>
<codeline lineno="32"><highlight class="normal"><sp/><sp/><sp/><sp/><sp/><sp/><sp/><sp/>{</highlight></codeline>
<codeline lineno="33"><highlight class="normal"><sp/><sp/><sp/><sp/><sp/><sp/><sp/><sp/><sp/><sp/><sp/><sp/>var<sp/>dbObj<sp/>=<sp/>await<sp/>_dbContext.Rekrutacje.FindAsync(recruitment.Id);</highlight></codeline>
<codeline lineno="34"><highlight class="normal"><sp/><sp/><sp/><sp/><sp/><sp/><sp/><sp/><sp/><sp/><sp/><sp/></highlight><highlight class="keywordflow">if</highlight><highlight class="normal"><sp/>(dbObj==</highlight><highlight class="keyword">null</highlight><highlight class="normal">)</highlight></codeline>
<codeline lineno="35"><highlight class="normal"><sp/><sp/><sp/><sp/><sp/><sp/><sp/><sp/><sp/><sp/><sp/><sp/>{</highlight></codeline>
<codeline lineno="36"><highlight class="normal"><sp/><sp/><sp/><sp/><sp/><sp/><sp/><sp/><sp/><sp/><sp/><sp/><sp/><sp/><sp/><sp/></highlight><highlight class="keywordflow">return</highlight><highlight class="normal"><sp/></highlight><highlight class="keyword">true</highlight><highlight class="normal">;</highlight></codeline>
<codeline lineno="37"><highlight class="normal"><sp/><sp/><sp/><sp/><sp/><sp/><sp/><sp/><sp/><sp/><sp/><sp/>}</highlight></codeline>
<codeline lineno="38"><highlight class="normal"><sp/><sp/><sp/><sp/><sp/><sp/><sp/><sp/><sp/><sp/><sp/><sp/></highlight><highlight class="keywordflow">return</highlight><highlight class="normal"><sp/>(recruitment.StatusRekrutacji<sp/>&gt;=<sp/>dbObj.StatusRekrutacji);</highlight></codeline>
<codeline lineno="39"><highlight class="normal"></highlight></codeline>
<codeline lineno="40"><highlight class="normal"><sp/><sp/><sp/><sp/><sp/><sp/><sp/><sp/>}</highlight></codeline>
<codeline lineno="41"><highlight class="normal"></highlight></codeline>
<codeline lineno="42"><highlight class="normal"><sp/><sp/><sp/><sp/><sp/><sp/><sp/><sp/></highlight><highlight class="keyword">private</highlight><highlight class="normal"><sp/></highlight><highlight class="keywordtype">bool</highlight><highlight class="normal"><sp/>AreDatesCorrect(<ref refid="db/de7/classprojektowaniaOprogramowania_1_1ViewModels_1_1RekrutacjaModel" kindref="compound">RekrutacjaModel</ref><sp/>recruitment)</highlight></codeline>
<codeline lineno="43"><highlight class="normal"><sp/><sp/><sp/><sp/><sp/><sp/><sp/><sp/>{</highlight></codeline>
<codeline lineno="44"><highlight class="normal"><sp/><sp/><sp/><sp/><sp/><sp/><sp/><sp/><sp/><sp/><sp/><sp/></highlight><highlight class="keywordflow">if</highlight><highlight class="normal"><sp/>(recruitment.DataOtwarciaRekrutacji<sp/>&gt;<sp/>recruitment.DataZamknieciaPrzyjec)</highlight></codeline>
<codeline lineno="45"><highlight class="normal"><sp/><sp/><sp/><sp/><sp/><sp/><sp/><sp/><sp/><sp/><sp/><sp/>{</highlight></codeline>
<codeline lineno="46"><highlight class="normal"><sp/><sp/><sp/><sp/><sp/><sp/><sp/><sp/><sp/><sp/><sp/><sp/><sp/><sp/><sp/><sp/></highlight><highlight class="keywordflow">return</highlight><highlight class="normal"><sp/></highlight><highlight class="keyword">false</highlight><highlight class="normal">;</highlight></codeline>
<codeline lineno="47"><highlight class="normal"><sp/><sp/><sp/><sp/><sp/><sp/><sp/><sp/><sp/><sp/><sp/><sp/>}</highlight></codeline>
<codeline lineno="48"><highlight class="normal"></highlight></codeline>
<codeline lineno="49"><highlight class="normal"><sp/><sp/><sp/><sp/><sp/><sp/><sp/><sp/><sp/><sp/><sp/><sp/></highlight><highlight class="keywordflow">if</highlight><highlight class="normal"><sp/>(recruitment.DataZamknieciaPrzyjec<sp/>&gt;<sp/>recruitment.DataZamknieciaRekrutacji)</highlight></codeline>
<codeline lineno="50"><highlight class="normal"><sp/><sp/><sp/><sp/><sp/><sp/><sp/><sp/><sp/><sp/><sp/><sp/>{</highlight></codeline>
<codeline lineno="51"><highlight class="normal"><sp/><sp/><sp/><sp/><sp/><sp/><sp/><sp/><sp/><sp/><sp/><sp/><sp/><sp/><sp/><sp/></highlight><highlight class="keywordflow">return</highlight><highlight class="normal"><sp/></highlight><highlight class="keyword">false</highlight><highlight class="normal">;</highlight></codeline>
<codeline lineno="52"><highlight class="normal"><sp/><sp/><sp/><sp/><sp/><sp/><sp/><sp/><sp/><sp/><sp/><sp/>}</highlight></codeline>
<codeline lineno="53"><highlight class="normal"></highlight></codeline>
<codeline lineno="54"><highlight class="normal"><sp/><sp/><sp/><sp/><sp/><sp/><sp/><sp/><sp/><sp/><sp/><sp/></highlight><highlight class="keywordflow">return</highlight><highlight class="normal"><sp/></highlight><highlight class="keyword">true</highlight><highlight class="normal">;</highlight></codeline>
<codeline lineno="55"><highlight class="normal"><sp/><sp/><sp/><sp/><sp/><sp/><sp/><sp/>}</highlight></codeline>
<codeline lineno="56"><highlight class="normal"><sp/><sp/><sp/><sp/>}</highlight></codeline>
<codeline lineno="57"><highlight class="normal">}</highlight></codeline>
    </programlisting>
    <location file="Services/Recruitment/RecruitmentValidationService.cs"/>
  </compounddef>
</doxygen>
