<?xml version='1.0' encoding='UTF-8' standalone='no'?>
<doxygen xmlns:xsi="http://www.w3.org/2001/XMLSchema-instance" xsi:noNamespaceSchemaLocation="compound.xsd" version="1.10.0" xml:lang="en-US">
  <compounddef id="de/d61/PracownikDzialuRekrutacjiNaPodanieKandydataModel_8cs" kind="file" language="C#">
    <compoundname>PracownikDzialuRekrutacjiNaPodanieKandydataModel.cs</compoundname>
    <innerclass refid="d4/d15/classprojektowaniaOprogramowania_1_1Models_1_1Other_1_1PracownikDzialuRekrutacjiNaPodanieKandydataModel" prot="public">projektowaniaOprogramowania::Models::Other::PracownikDzialuRekrutacjiNaPodanieKandydataModel</innerclass>
    <innernamespace refid="d8/d9d/namespaceprojektowaniaOprogramowania">projektowaniaOprogramowania</innernamespace>
    <innernamespace refid="d6/d4b/namespaceprojektowaniaOprogramowania_1_1Models">projektowaniaOprogramowania::Models</innernamespace>
    <innernamespace refid="d0/da1/namespaceprojektowaniaOprogramowania_1_1Models_1_1Other">projektowaniaOprogramowania::Models::Other</innernamespace>
    <briefdescription>
    </briefdescription>
    <detaileddescription>
    </detaileddescription>
    <programlisting>
<codeline lineno="1"><highlight class="keyword">using<sp/></highlight><highlight class="normal">System.ComponentModel.DataAnnotations.Schema;</highlight></codeline>
<codeline lineno="2"><highlight class="normal"></highlight><highlight class="keyword">using<sp/></highlight><highlight class="normal">System.ComponentModel.DataAnnotations;</highlight></codeline>
<codeline lineno="3"><highlight class="normal"></highlight><highlight class="keyword">using<sp/></highlight><highlight class="normal"><ref refid="d9/dc8/namespaceprojektowaniaOprogramowania_1_1ViewModels_1_1Users" kindref="compound">projektowaniaOprogramowania.ViewModels.Users</ref>;</highlight></codeline>
<codeline lineno="4"><highlight class="normal"></highlight><highlight class="keyword">using<sp/></highlight><highlight class="normal"><ref refid="da/dc5/namespaceprojektowaniaOprogramowania_1_1ViewModels" kindref="compound">projektowaniaOprogramowania.ViewModels</ref>;</highlight></codeline>
<codeline lineno="5"><highlight class="normal"></highlight></codeline>
<codeline lineno="6" refid="d0/da1/namespaceprojektowaniaOprogramowania_1_1Models_1_1Other" refkind="compound"><highlight class="normal"></highlight><highlight class="keyword">namespace<sp/></highlight><highlight class="normal"><ref refid="d0/da1/namespaceprojektowaniaOprogramowania_1_1Models_1_1Other" kindref="compound">projektowaniaOprogramowania.Models.Other</ref></highlight></codeline>
<codeline lineno="7"><highlight class="normal">{</highlight></codeline>
<codeline lineno="8"><highlight class="normal"><sp/><sp/><sp/><sp/>[Table(</highlight><highlight class="stringliteral">&quot;pracownicy_dzialu_rekrutacji_na_podania_kandydata&quot;</highlight><highlight class="normal">)]</highlight></codeline>
<codeline lineno="9" refid="d4/d15/classprojektowaniaOprogramowania_1_1Models_1_1Other_1_1PracownikDzialuRekrutacjiNaPodanieKandydataModel" refkind="compound"><highlight class="normal"><sp/><sp/><sp/><sp/></highlight><highlight class="keyword">public</highlight><highlight class="normal"><sp/></highlight><highlight class="keyword">class<sp/></highlight><highlight class="normal"><ref refid="d4/d15/classprojektowaniaOprogramowania_1_1Models_1_1Other_1_1PracownikDzialuRekrutacjiNaPodanieKandydataModel" kindref="compound">PracownikDzialuRekrutacjiNaPodanieKandydataModel</ref></highlight></codeline>
<codeline lineno="10"><highlight class="normal"><sp/><sp/><sp/><sp/>{</highlight></codeline>
<codeline lineno="11"><highlight class="normal"><sp/><sp/><sp/><sp/><sp/><sp/><sp/><sp/>[ForeignKey(</highlight><highlight class="stringliteral">&quot;PodanieKandydata&quot;</highlight><highlight class="normal">)]</highlight></codeline>
<codeline lineno="12"><highlight class="normal"><sp/><sp/><sp/><sp/><sp/><sp/><sp/><sp/></highlight><highlight class="keyword">public</highlight><highlight class="normal"><sp/></highlight><highlight class="keywordtype">long</highlight><highlight class="normal"><sp/>PkFkIdPodanieKandydata<sp/>{<sp/></highlight><highlight class="keyword">get</highlight><highlight class="normal">;<sp/></highlight><highlight class="keyword">set</highlight><highlight class="normal">;<sp/>}</highlight></codeline>
<codeline lineno="13"><highlight class="normal"><sp/><sp/><sp/><sp/><sp/><sp/><sp/><sp/></highlight><highlight class="keyword">public</highlight><highlight class="normal"><sp/><ref refid="db/dbf/classprojektowaniaOprogramowania_1_1ViewModels_1_1PodanieKandydataModel" kindref="compound">PodanieKandydataModel</ref><sp/>PodanieKandydata<sp/>{<sp/></highlight><highlight class="keyword">get</highlight><highlight class="normal">;<sp/></highlight><highlight class="keyword">set</highlight><highlight class="normal">;<sp/>}</highlight></codeline>
<codeline lineno="14"><highlight class="normal"></highlight></codeline>
<codeline lineno="15"><highlight class="normal"><sp/><sp/><sp/><sp/><sp/><sp/><sp/><sp/>[Key]</highlight></codeline>
<codeline lineno="16"><highlight class="normal"><sp/><sp/><sp/><sp/><sp/><sp/><sp/><sp/>[ForeignKey(</highlight><highlight class="stringliteral">&quot;PracownikDzialuRekrutacji&quot;</highlight><highlight class="normal">)]</highlight></codeline>
<codeline lineno="17"><highlight class="normal"><sp/><sp/><sp/><sp/><sp/><sp/><sp/><sp/></highlight><highlight class="keyword">public</highlight><highlight class="normal"><sp/></highlight><highlight class="keywordtype">long</highlight><highlight class="normal"><sp/>PkFkIdPracownikDzialuRekrutacji<sp/>{<sp/></highlight><highlight class="keyword">get</highlight><highlight class="normal">;<sp/></highlight><highlight class="keyword">set</highlight><highlight class="normal">;<sp/>}</highlight></codeline>
<codeline lineno="18"><highlight class="normal"><sp/><sp/><sp/><sp/><sp/><sp/><sp/><sp/></highlight><highlight class="keyword">public</highlight><highlight class="normal"><sp/><ref refid="de/d1b/classprojektowaniaOprogramowania_1_1ViewModels_1_1Users_1_1PracownikDzialuRekrutacjiModel" kindref="compound">PracownikDzialuRekrutacjiModel</ref><sp/>PracownikDzialuRekrutacji<sp/>{<sp/></highlight><highlight class="keyword">get</highlight><highlight class="normal">;<sp/></highlight><highlight class="keyword">set</highlight><highlight class="normal">;<sp/>}</highlight></codeline>
<codeline lineno="19"><highlight class="normal"><sp/><sp/><sp/><sp/>}</highlight></codeline>
<codeline lineno="20"><highlight class="normal">}</highlight></codeline>
    </programlisting>
    <location file="Models/Other/PracownikDzialuRekrutacjiNaPodanieKandydataModel.cs"/>
  </compounddef>
</doxygen>
