<?xml version='1.0' encoding='UTF-8' standalone='no'?>
<doxygen xmlns:xsi="http://www.w3.org/2001/XMLSchema-instance" xsi:noNamespaceSchemaLocation="compound.xsd" version="1.10.0" xml:lang="en-US">
  <compounddef id="dir_019803ea6b6840baa75ec38507577692" kind="dir">
    <compoundname>obj/Debug/net5.0/Razor/Views/Shared</compoundname>
    <innerfile refid="d0/d6e/__KierunkiGrid_8cshtml_8g_8cs">_KierunkiGrid.cshtml.g.cs</innerfile>
    <innerfile refid="dd/d5c/__Layout_8cshtml_8g_8cs">_Layout.cshtml.g.cs</innerfile>
    <innerfile refid="d7/d8c/__OsobaChoice_8cshtml_8g_8cs">_OsobaChoice.cshtml.g.cs</innerfile>
    <innerfile refid="d1/d75/__SearchNameAndWydzial_8cshtml_8g_8cs">_SearchNameAndWydzial.cshtml.g.cs</innerfile>
    <innerfile refid="d3/d14/Views_2Shared_2__ValidationScriptsPartial_8cshtml_8g_8cs">_ValidationScriptsPartial.cshtml.g.cs</innerfile>
    <innerfile refid="db/d9b/Error_8cshtml_8g_8cs">Error.cshtml.g.cs</innerfile>
    <briefdescription>
    </briefdescription>
    <detaileddescription>
    </detaileddescription>
    <location file="obj/Debug/net5.0/Razor/Views/Shared/"/>
  </compounddef>
</doxygen>
