<?xml version='1.0' encoding='UTF-8' standalone='no'?>
<doxygen xmlns:xsi="http://www.w3.org/2001/XMLSchema-instance" xsi:noNamespaceSchemaLocation="compound.xsd" version="1.10.0" xml:lang="en-US">
  <compounddef id="dir_6c4c4157541757ab44c3f3eb0b525e7e" kind="dir">
    <compoundname>obj/Debug/net5.0/Razor/Views/KierunekNaPodaniu</compoundname>
    <innerfile refid="d8/ddc/BrakDanychDoPodania_8cshtml_8g_8cs">BrakDanychDoPodania.cshtml.g.cs</innerfile>
    <innerfile refid="da/d4e/KierunekNaPodaniu_2Create_8cshtml_8g_8cs">Create.cshtml.g.cs</innerfile>
    <innerfile refid="d8/d94/KierunekNaPodaniu_2Delete_8cshtml_8g_8cs">Delete.cshtml.g.cs</innerfile>
    <innerfile refid="d3/da2/KierunekNaPodaniu_2Details_8cshtml_8g_8cs">Details.cshtml.g.cs</innerfile>
    <innerfile refid="d9/d64/KierunekNaPodaniu_2Edit_8cshtml_8g_8cs">Edit.cshtml.g.cs</innerfile>
    <innerfile refid="d9/d2b/KierunekNaPodaniu_2Index_8cshtml_8g_8cs">Index.cshtml.g.cs</innerfile>
    <innerfile refid="dc/d63/PodanieJuzZlozone_8cshtml_8g_8cs">PodanieJuzZlozone.cshtml.g.cs</innerfile>
    <briefdescription>
    </briefdescription>
    <detaileddescription>
    </detaileddescription>
    <location file="obj/Debug/net5.0/Razor/Views/KierunekNaPodaniu/"/>
  </compounddef>
</doxygen>
