<?xml version='1.0' encoding='UTF-8' standalone='no'?>
<doxygen xmlns:xsi="http://www.w3.org/2001/XMLSchema-instance" xsi:noNamespaceSchemaLocation="compound.xsd" version="1.10.0" xml:lang="en-US">
  <compounddef id="dir_f1e231c396d6a78f925b250f39acb3ba" kind="dir">
    <compoundname>Controllers</compoundname>
    <innerfile refid="d9/d2a/HomeController_8cs">HomeController.cs</innerfile>
    <innerfile refid="d7/d22/KierunekNaPodaniuController_8cs">KierunekNaPodaniuController.cs</innerfile>
    <innerfile refid="d9/d92/OsobaController_8cs">OsobaController.cs</innerfile>
    <innerfile refid="d1/ddc/PodanieController_8cs">PodanieController.cs</innerfile>
    <innerfile refid="d2/d82/PracownikEdycjaController_8cs">PracownikEdycjaController.cs</innerfile>
    <innerfile refid="da/d1a/PredykcjaController_8cs">PredykcjaController.cs</innerfile>
    <innerfile refid="d5/de3/PrzegladController_8cs">PrzegladController.cs</innerfile>
    <innerfile refid="d9/d42/RekrutacjaController_8cs">RekrutacjaController.cs</innerfile>
    <briefdescription>
    </briefdescription>
    <detaileddescription>
    </detaileddescription>
    <location file="Controllers/"/>
  </compounddef>
</doxygen>
