<?xml version='1.0' encoding='UTF-8' standalone='no'?>
<doxygen xmlns:xsi="http://www.w3.org/2001/XMLSchema-instance" xsi:noNamespaceSchemaLocation="compound.xsd" version="1.10.0" xml:lang="en-US">
  <compounddef id="dir_bb019fd801ec2de97bbeb838b64e1817" kind="dir">
    <compoundname>obj/Debug/net5.0/Razor/Views/Rekrutacja</compoundname>
    <innerfile refid="d2/d00/Rekrutacja_2Create_8cshtml_8g_8cs">Create.cshtml.g.cs</innerfile>
    <innerfile refid="dc/d23/Rekrutacja_2Delete_8cshtml_8g_8cs">Delete.cshtml.g.cs</innerfile>
    <innerfile refid="d4/d10/Rekrutacja_2Details_8cshtml_8g_8cs">Details.cshtml.g.cs</innerfile>
    <innerfile refid="d5/d84/Rekrutacja_2Edit_8cshtml_8g_8cs">Edit.cshtml.g.cs</innerfile>
    <innerfile refid="df/d7d/Rekrutacja_2Index_8cshtml_8g_8cs">Index.cshtml.g.cs</innerfile>
    <briefdescription>
    </briefdescription>
    <detaileddescription>
    </detaileddescription>
    <location file="obj/Debug/net5.0/Razor/Views/Rekrutacja/"/>
  </compounddef>
</doxygen>
