<?xml version='1.0' encoding='UTF-8' standalone='no'?>
<doxygen xmlns:xsi="http://www.w3.org/2001/XMLSchema-instance" xsi:noNamespaceSchemaLocation="compound.xsd" version="1.10.0" xml:lang="en-US">
  <compounddef id="dir_79381b93b3c281325304c287c9ad23ba" kind="dir">
    <compoundname>obj/Debug/net5.0/Razor/Views/Predykcja</compoundname>
    <innerfile refid="de/d20/WpiszPotrzebneDane_8cshtml_8g_8cs">WpiszPotrzebneDane.cshtml.g.cs</innerfile>
    <innerfile refid="dc/d32/WyswietlKierunki_8cshtml_8g_8cs">WyswietlKierunki.cshtml.g.cs</innerfile>
    <briefdescription>
    </briefdescription>
    <detaileddescription>
    </detaileddescription>
    <location file="obj/Debug/net5.0/Razor/Views/Predykcja/"/>
  </compounddef>
</doxygen>
