<?xml version='1.0' encoding='UTF-8' standalone='no'?>
<doxygen xmlns:xsi="http://www.w3.org/2001/XMLSchema-instance" xsi:noNamespaceSchemaLocation="compound.xsd" version="1.10.0" xml:lang="en-US">
  <compounddef id="dir_836adb143ebd61e29eb51207217133c1" kind="dir">
    <compoundname>obj/Debug/net5.0/Razor/Pages</compoundname>
    <innerfile refid="d4/dfa/Pages_2__ValidationScriptsPartial_8cshtml_8g_8cs">_ValidationScriptsPartial.cshtml.g.cs</innerfile>
    <briefdescription>
    </briefdescription>
    <detaileddescription>
    </detaileddescription>
    <location file="obj/Debug/net5.0/Razor/Pages/"/>
  </compounddef>
</doxygen>
