<?xml version='1.0' encoding='UTF-8' standalone='no'?>
<doxygen xmlns:xsi="http://www.w3.org/2001/XMLSchema-instance" xsi:noNamespaceSchemaLocation="compound.xsd" version="1.10.0" xml:lang="en-US">
  <compounddef id="dir_353ed0f21ce43f3df67b554e39a9b9f1" kind="dir">
    <compoundname>obj/Debug/net5.0/Razor/Views</compoundname>
    <innerdir refid="dir_dde5423f19eac1a32c814b45493e3a86">obj/Debug/net5.0/Razor/Views/Home</innerdir>
    <innerdir refid="dir_6c4c4157541757ab44c3f3eb0b525e7e">obj/Debug/net5.0/Razor/Views/KierunekNaPodaniu</innerdir>
    <innerdir refid="dir_ad9b94838e01696ee4550568885ec3be">obj/Debug/net5.0/Razor/Views/Podanie</innerdir>
    <innerdir refid="dir_e76cebfe5113c154f06295125cf0e55d">obj/Debug/net5.0/Razor/Views/PracownikEdycja</innerdir>
    <innerdir refid="dir_79381b93b3c281325304c287c9ad23ba">obj/Debug/net5.0/Razor/Views/Predykcja</innerdir>
    <innerdir refid="dir_4394b376c83d65beff4523b9443783d3">obj/Debug/net5.0/Razor/Views/Przeglad</innerdir>
    <innerdir refid="dir_bb019fd801ec2de97bbeb838b64e1817">obj/Debug/net5.0/Razor/Views/Rekrutacja</innerdir>
    <innerdir refid="dir_019803ea6b6840baa75ec38507577692">obj/Debug/net5.0/Razor/Views/Shared</innerdir>
    <innerfile refid="d3/daf/__ViewImports_8cshtml_8g_8cs">_ViewImports.cshtml.g.cs</innerfile>
    <innerfile refid="d7/dc0/__ViewStart_8cshtml_8g_8cs">_ViewStart.cshtml.g.cs</innerfile>
    <briefdescription>
    </briefdescription>
    <detaileddescription>
    </detaileddescription>
    <location file="obj/Debug/net5.0/Razor/Views/"/>
  </compounddef>
</doxygen>
