<?xml version='1.0' encoding='UTF-8' standalone='no'?>
<doxygen xmlns:xsi="http://www.w3.org/2001/XMLSchema-instance" xsi:noNamespaceSchemaLocation="compound.xsd" version="1.10.0" xml:lang="en-US">
  <compounddef id="dir_a71c3b2ad23b9ff58220dd012d201987" kind="dir">
    <compoundname>obj/Debug</compoundname>
    <innerdir refid="dir_c96e20fbeab981a929f0e70658ea5d87">obj/Debug/net5.0</innerdir>
    <briefdescription>
    </briefdescription>
    <detaileddescription>
    </detaileddescription>
    <location file="obj/Debug/"/>
  </compounddef>
</doxygen>
