<?xml version='1.0' encoding='UTF-8' standalone='no'?>
<doxygen xmlns:xsi="http://www.w3.org/2001/XMLSchema-instance" xsi:noNamespaceSchemaLocation="compound.xsd" version="1.10.0" xml:lang="en-US">
  <compounddef id="dir_d69fddb65e10ed1e1aad5b4f2a8c0135" kind="dir">
    <compoundname>Services</compoundname>
    <innerdir refid="dir_8cecc62690029d573f4fa34ced880338">Services/Recruitment</innerdir>
    <innerfile refid="de/df9/ISessionWrapper_8cs">ISessionWrapper.cs</innerfile>
    <innerfile refid="d6/d80/PodanieService_8cs">PodanieService.cs</innerfile>
    <innerfile refid="df/d1a/PunktyRekrutacyjneService_8cs">PunktyRekrutacyjneService.cs</innerfile>
    <innerfile refid="d4/d48/SessionExtensions_8cs">SessionExtensions.cs</innerfile>
    <innerfile refid="d1/dac/SessionWrapper_8cs">SessionWrapper.cs</innerfile>
    <briefdescription>
    </briefdescription>
    <detaileddescription>
    </detaileddescription>
    <location file="Services/"/>
  </compounddef>
</doxygen>
