<?xml version='1.0' encoding='UTF-8' standalone='no'?>
<doxygen xmlns:xsi="http://www.w3.org/2001/XMLSchema-instance" xsi:noNamespaceSchemaLocation="compound.xsd" version="1.10.0" xml:lang="en-US">
  <compounddef id="dir_4394b376c83d65beff4523b9443783d3" kind="dir">
    <compoundname>obj/Debug/net5.0/Razor/Views/Przeglad</compoundname>
    <innerfile refid="d7/ddb/DetaleKierunku_8cshtml_8g_8cs">DetaleKierunku.cshtml.g.cs</innerfile>
    <innerfile refid="d2/db3/WszystkieKierunki_8cshtml_8g_8cs">WszystkieKierunki.cshtml.g.cs</innerfile>
    <briefdescription>
    </briefdescription>
    <detaileddescription>
    </detaileddescription>
    <location file="obj/Debug/net5.0/Razor/Views/Przeglad/"/>
  </compounddef>
</doxygen>
