<?xml version='1.0' encoding='UTF-8' standalone='no'?>
<doxygen xmlns:xsi="http://www.w3.org/2001/XMLSchema-instance" xsi:noNamespaceSchemaLocation="compound.xsd" version="1.10.0" xml:lang="en-US">
  <compounddef id="d1/d75/__SearchNameAndWydzial_8cshtml_8g_8cs" kind="file" language="C#">
    <compoundname>_SearchNameAndWydzial.cshtml.g.cs</compoundname>
    <innerclass refid="d5/d0a/classAspNetCore_1_1Views__Shared____SearchNameAndWydzial" prot="public">AspNetCore::Views_Shared__SearchNameAndWydzial</innerclass>
    <innernamespace refid="d4/d38/namespaceAspNetCore">AspNetCore</innernamespace>
    <briefdescription>
    </briefdescription>
    <detaileddescription>
    </detaileddescription>
    <programlisting>
<codeline lineno="1"><highlight class="preprocessor">#pragma<sp/>checksum<sp/>&quot;/home/wieslaw/PWr/PO/Projekt/software-engineering-recruitment-system-ssh/software-engineering-recruitment-system/projektowaniaOprogramowania/Views/Shared/_SearchNameAndWydzial.cshtml&quot;<sp/>&quot;{ff1816ec-aa5e-4d10-87f7-6f4963833460}&quot;<sp/>&quot;aaa82d5b96dc838a2b6deaa796e4d0cd2cf1ab23&quot;</highlight><highlight class="normal"></highlight></codeline>
<codeline lineno="2"><highlight class="normal"></highlight><highlight class="comment">//<sp/>&lt;auto-generated/&gt;</highlight><highlight class="normal"></highlight></codeline>
<codeline lineno="3"><highlight class="normal"></highlight><highlight class="preprocessor">#pragma<sp/>warning<sp/>disable<sp/>1591</highlight><highlight class="normal"></highlight></codeline>
<codeline lineno="4"><highlight class="normal">[assembly:<sp/>global::Microsoft.AspNetCore.Razor.Hosting.RazorCompiledItemAttribute(typeof(<ref refid="d4/d38/namespaceAspNetCore" kindref="compound">AspNetCore</ref>.<ref refid="d5/d0a/classAspNetCore_1_1Views__Shared____SearchNameAndWydzial" kindref="compound">Views_Shared__SearchNameAndWydzial</ref>),<sp/></highlight><highlight class="stringliteral">@&quot;mvc.1.0.view&quot;</highlight><highlight class="normal">,<sp/></highlight><highlight class="stringliteral">@&quot;/Views/Shared/_SearchNameAndWydzial.cshtml&quot;</highlight><highlight class="normal">)]</highlight></codeline>
<codeline lineno="5"><highlight class="normal"></highlight><highlight class="keyword">namespace<sp/></highlight><highlight class="normal"><ref refid="d4/d38/namespaceAspNetCore" kindref="compound">AspNetCore</ref></highlight></codeline>
<codeline lineno="6"><highlight class="normal">{</highlight></codeline>
<codeline lineno="7"><highlight class="normal"></highlight><highlight class="preprocessor"><sp/><sp/><sp/><sp/>#line<sp/>hidden</highlight><highlight class="normal"></highlight></codeline>
<codeline lineno="8"><highlight class="normal"><sp/><sp/><sp/><sp/></highlight><highlight class="keyword">using<sp/></highlight><highlight class="normal">System;</highlight></codeline>
<codeline lineno="9"><highlight class="normal"><sp/><sp/><sp/><sp/></highlight><highlight class="keyword">using<sp/></highlight><highlight class="normal">System.Collections.Generic;</highlight></codeline>
<codeline lineno="10"><highlight class="normal"><sp/><sp/><sp/><sp/></highlight><highlight class="keyword">using<sp/></highlight><highlight class="normal">System.Linq;</highlight></codeline>
<codeline lineno="11"><highlight class="normal"><sp/><sp/><sp/><sp/></highlight><highlight class="keyword">using<sp/></highlight><highlight class="normal">System.Threading.Tasks;</highlight></codeline>
<codeline lineno="12"><highlight class="normal"><sp/><sp/><sp/><sp/></highlight><highlight class="keyword">using<sp/></highlight><highlight class="normal">Microsoft.AspNetCore.Mvc;</highlight></codeline>
<codeline lineno="13"><highlight class="normal"><sp/><sp/><sp/><sp/></highlight><highlight class="keyword">using<sp/></highlight><highlight class="normal">Microsoft.AspNetCore.Mvc.Rendering;</highlight></codeline>
<codeline lineno="14"><highlight class="normal"><sp/><sp/><sp/><sp/></highlight><highlight class="keyword">using<sp/></highlight><highlight class="normal">Microsoft.AspNetCore.Mvc.ViewFeatures;</highlight></codeline>
<codeline lineno="15"><highlight class="normal"></highlight><highlight class="preprocessor">#nullable<sp/>restore</highlight><highlight class="normal"></highlight></codeline>
<codeline lineno="16"><highlight class="normal"></highlight><highlight class="preprocessor">#line<sp/>1<sp/>&quot;/home/wieslaw/PWr/PO/Projekt/software-engineering-recruitment-system-ssh/software-engineering-recruitment-system/projektowaniaOprogramowania/Views/_ViewImports.cshtml&quot;</highlight><highlight class="normal"></highlight></codeline>
<codeline lineno="17"><highlight class="normal"></highlight><highlight class="keyword">using<sp/></highlight><highlight class="normal"><ref refid="d8/d9d/namespaceprojektowaniaOprogramowania" kindref="compound">projektowaniaOprogramowania</ref>;</highlight></codeline>
<codeline lineno="18"><highlight class="normal"></highlight></codeline>
<codeline lineno="19"><highlight class="normal"></highlight><highlight class="preprocessor">#line<sp/>default</highlight><highlight class="normal"></highlight></codeline>
<codeline lineno="20"><highlight class="normal"></highlight><highlight class="preprocessor">#line<sp/>hidden</highlight><highlight class="normal"></highlight></codeline>
<codeline lineno="21"><highlight class="normal"></highlight><highlight class="preprocessor">#nullable<sp/>disable</highlight><highlight class="normal"></highlight></codeline>
<codeline lineno="22"><highlight class="normal"></highlight><highlight class="preprocessor">#nullable<sp/>restore</highlight><highlight class="normal"></highlight></codeline>
<codeline lineno="23"><highlight class="normal"></highlight><highlight class="preprocessor">#line<sp/>2<sp/>&quot;/home/wieslaw/PWr/PO/Projekt/software-engineering-recruitment-system-ssh/software-engineering-recruitment-system/projektowaniaOprogramowania/Views/_ViewImports.cshtml&quot;</highlight><highlight class="normal"></highlight></codeline>
<codeline lineno="24"><highlight class="normal"></highlight><highlight class="keyword">using<sp/></highlight><highlight class="normal"><ref refid="d6/d4b/namespaceprojektowaniaOprogramowania_1_1Models" kindref="compound">projektowaniaOprogramowania.Models</ref>;</highlight></codeline>
<codeline lineno="25"><highlight class="normal"></highlight></codeline>
<codeline lineno="26"><highlight class="normal"></highlight><highlight class="preprocessor">#line<sp/>default</highlight><highlight class="normal"></highlight></codeline>
<codeline lineno="27"><highlight class="normal"></highlight><highlight class="preprocessor">#line<sp/>hidden</highlight><highlight class="normal"></highlight></codeline>
<codeline lineno="28"><highlight class="normal"></highlight><highlight class="preprocessor">#nullable<sp/>disable</highlight><highlight class="normal"></highlight></codeline>
<codeline lineno="29"><highlight class="normal"><sp/><sp/><sp/><sp/>[global::Microsoft.AspNetCore.Razor.Hosting.RazorSourceChecksumAttribute(</highlight><highlight class="stringliteral">@&quot;SHA1&quot;</highlight><highlight class="normal">,<sp/></highlight><highlight class="stringliteral">@&quot;aaa82d5b96dc838a2b6deaa796e4d0cd2cf1ab23&quot;</highlight><highlight class="normal">,<sp/></highlight><highlight class="stringliteral">@&quot;/Views/Shared/_SearchNameAndWydzial.cshtml&quot;</highlight><highlight class="normal">)]</highlight></codeline>
<codeline lineno="30"><highlight class="normal"><sp/><sp/><sp/><sp/>[global::Microsoft.AspNetCore.Razor.Hosting.RazorSourceChecksumAttribute(</highlight><highlight class="stringliteral">@&quot;SHA1&quot;</highlight><highlight class="normal">,<sp/></highlight><highlight class="stringliteral">@&quot;539bf3beeca7adc28425b879b50b0d4ad165e43d&quot;</highlight><highlight class="normal">,<sp/></highlight><highlight class="stringliteral">@&quot;/Views/_ViewImports.cshtml&quot;</highlight><highlight class="normal">)]</highlight></codeline>
<codeline lineno="31" refid="d5/d0a/classAspNetCore_1_1Views__Shared____SearchNameAndWydzial" refkind="compound"><highlight class="normal"><sp/><sp/><sp/><sp/></highlight><highlight class="keyword">public</highlight><highlight class="normal"><sp/></highlight><highlight class="keyword">class<sp/></highlight><highlight class="normal"><ref refid="d5/d0a/classAspNetCore_1_1Views__Shared____SearchNameAndWydzial" kindref="compound">Views_Shared__SearchNameAndWydzial</ref><sp/>:<sp/>global::Microsoft.<ref refid="d4/d38/namespaceAspNetCore" kindref="compound">AspNetCore</ref>.Mvc.Razor.RazorPage&lt;IEnumerable&lt;projektowaniaOprogramowania.ViewModels.CollegeStructures.WydzialModel&gt;&gt;</highlight></codeline>
<codeline lineno="32"><highlight class="normal"><sp/><sp/><sp/><sp/>{</highlight></codeline>
<codeline lineno="33"><highlight class="normal"><sp/><sp/><sp/><sp/><sp/><sp/><sp/><sp/></highlight><highlight class="keyword">private</highlight><highlight class="normal"><sp/></highlight><highlight class="keyword">static</highlight><highlight class="normal"><sp/>readonly<sp/>global::Microsoft.AspNetCore.Razor.TagHelpers.TagHelperAttribute<sp/>__tagHelperAttribute_0<sp/>=<sp/></highlight><highlight class="keyword">new</highlight><highlight class="normal"><sp/>global::Microsoft.AspNetCore.Razor.TagHelpers.TagHelperAttribute(</highlight><highlight class="stringliteral">&quot;class&quot;</highlight><highlight class="normal">,<sp/></highlight><highlight class="keyword">new</highlight><highlight class="normal"><sp/>global::Microsoft.<ref refid="d4/d38/namespaceAspNetCore" kindref="compound">AspNetCore</ref>.Html.HtmlString(</highlight><highlight class="stringliteral">&quot;text-dark&quot;</highlight><highlight class="normal">),<sp/>global::Microsoft.AspNetCore.Razor.TagHelpers.HtmlAttributeValueStyle.DoubleQuotes);</highlight></codeline>
<codeline lineno="34"><highlight class="normal"><sp/><sp/><sp/><sp/><sp/><sp/><sp/><sp/></highlight><highlight class="keyword">private</highlight><highlight class="normal"><sp/></highlight><highlight class="keyword">static</highlight><highlight class="normal"><sp/>readonly<sp/>global::Microsoft.AspNetCore.Razor.TagHelpers.TagHelperAttribute<sp/>__tagHelperAttribute_1<sp/>=<sp/></highlight><highlight class="keyword">new</highlight><highlight class="normal"><sp/>global::Microsoft.AspNetCore.Razor.TagHelpers.TagHelperAttribute(</highlight><highlight class="stringliteral">&quot;method&quot;</highlight><highlight class="normal">,<sp/></highlight><highlight class="stringliteral">&quot;get&quot;</highlight><highlight class="normal">,<sp/>global::Microsoft.<ref refid="d4/d38/namespaceAspNetCore" kindref="compound">AspNetCore</ref>.Razor.TagHelpers.HtmlAttributeValueStyle.DoubleQuotes);</highlight></codeline>
<codeline lineno="35"><highlight class="normal"></highlight><highlight class="preprocessor"><sp/><sp/><sp/><sp/><sp/><sp/><sp/><sp/>#line<sp/>hidden</highlight><highlight class="normal"></highlight></codeline>
<codeline lineno="36"><highlight class="normal"></highlight><highlight class="preprocessor"><sp/><sp/><sp/><sp/><sp/><sp/><sp/><sp/>#pragma<sp/>warning<sp/>disable<sp/>0649</highlight><highlight class="normal"></highlight></codeline>
<codeline lineno="37"><highlight class="normal"><sp/><sp/><sp/><sp/><sp/><sp/><sp/><sp/></highlight><highlight class="keyword">private</highlight><highlight class="normal"><sp/>global::Microsoft.AspNetCore.Razor.Runtime.TagHelpers.TagHelperExecutionContext<sp/>__tagHelperExecutionContext;</highlight></codeline>
<codeline lineno="38"><highlight class="normal"></highlight><highlight class="preprocessor"><sp/><sp/><sp/><sp/><sp/><sp/><sp/><sp/>#pragma<sp/>warning<sp/>restore<sp/>0649</highlight><highlight class="normal"></highlight></codeline>
<codeline lineno="39"><highlight class="normal"><sp/><sp/><sp/><sp/><sp/><sp/><sp/><sp/></highlight><highlight class="keyword">private</highlight><highlight class="normal"><sp/>global::Microsoft.AspNetCore.Razor.Runtime.TagHelpers.TagHelperRunner<sp/>__tagHelperRunner<sp/>=<sp/></highlight><highlight class="keyword">new</highlight><highlight class="normal"><sp/>global::Microsoft.AspNetCore.Razor.Runtime.TagHelpers.TagHelperRunner();</highlight></codeline>
<codeline lineno="40"><highlight class="normal"></highlight><highlight class="preprocessor"><sp/><sp/><sp/><sp/><sp/><sp/><sp/><sp/>#pragma<sp/>warning<sp/>disable<sp/>0169</highlight><highlight class="normal"></highlight></codeline>
<codeline lineno="41"><highlight class="normal"><sp/><sp/><sp/><sp/><sp/><sp/><sp/><sp/></highlight><highlight class="keyword">private</highlight><highlight class="normal"><sp/></highlight><highlight class="keywordtype">string</highlight><highlight class="normal"><sp/>__tagHelperStringValueBuffer;</highlight></codeline>
<codeline lineno="42"><highlight class="normal"></highlight><highlight class="preprocessor"><sp/><sp/><sp/><sp/><sp/><sp/><sp/><sp/>#pragma<sp/>warning<sp/>restore<sp/>0169</highlight><highlight class="normal"></highlight></codeline>
<codeline lineno="43"><highlight class="normal"><sp/><sp/><sp/><sp/><sp/><sp/><sp/><sp/></highlight><highlight class="keyword">private</highlight><highlight class="normal"><sp/>global::Microsoft.AspNetCore.Razor.Runtime.TagHelpers.TagHelperScopeManager<sp/>__backed__tagHelperScopeManager<sp/>=<sp/></highlight><highlight class="keyword">null</highlight><highlight class="normal">;</highlight></codeline>
<codeline lineno="44"><highlight class="normal"><sp/><sp/><sp/><sp/><sp/><sp/><sp/><sp/></highlight><highlight class="keyword">private</highlight><highlight class="normal"><sp/>global::Microsoft.AspNetCore.Razor.Runtime.TagHelpers.TagHelperScopeManager<sp/>__tagHelperScopeManager</highlight></codeline>
<codeline lineno="45"><highlight class="normal"><sp/><sp/><sp/><sp/><sp/><sp/><sp/><sp/>{</highlight></codeline>
<codeline lineno="46"><highlight class="normal"><sp/><sp/><sp/><sp/><sp/><sp/><sp/><sp/><sp/><sp/><sp/><sp/></highlight><highlight class="keyword">get</highlight><highlight class="normal"></highlight></codeline>
<codeline lineno="47"><highlight class="normal"><sp/><sp/><sp/><sp/><sp/><sp/><sp/><sp/><sp/><sp/><sp/><sp/>{</highlight></codeline>
<codeline lineno="48"><highlight class="normal"><sp/><sp/><sp/><sp/><sp/><sp/><sp/><sp/><sp/><sp/><sp/><sp/><sp/><sp/><sp/><sp/></highlight><highlight class="keywordflow">if</highlight><highlight class="normal"><sp/>(__backed__tagHelperScopeManager<sp/>==<sp/></highlight><highlight class="keyword">null</highlight><highlight class="normal">)</highlight></codeline>
<codeline lineno="49"><highlight class="normal"><sp/><sp/><sp/><sp/><sp/><sp/><sp/><sp/><sp/><sp/><sp/><sp/><sp/><sp/><sp/><sp/>{</highlight></codeline>
<codeline lineno="50"><highlight class="normal"><sp/><sp/><sp/><sp/><sp/><sp/><sp/><sp/><sp/><sp/><sp/><sp/><sp/><sp/><sp/><sp/><sp/><sp/><sp/><sp/>__backed__tagHelperScopeManager<sp/>=<sp/></highlight><highlight class="keyword">new</highlight><highlight class="normal"><sp/>global::Microsoft.AspNetCore.Razor.Runtime.TagHelpers.TagHelperScopeManager(StartTagHelperWritingScope,<sp/>EndTagHelperWritingScope);</highlight></codeline>
<codeline lineno="51"><highlight class="normal"><sp/><sp/><sp/><sp/><sp/><sp/><sp/><sp/><sp/><sp/><sp/><sp/><sp/><sp/><sp/><sp/>}</highlight></codeline>
<codeline lineno="52"><highlight class="normal"><sp/><sp/><sp/><sp/><sp/><sp/><sp/><sp/><sp/><sp/><sp/><sp/><sp/><sp/><sp/><sp/></highlight><highlight class="keywordflow">return</highlight><highlight class="normal"><sp/>__backed__tagHelperScopeManager;</highlight></codeline>
<codeline lineno="53"><highlight class="normal"><sp/><sp/><sp/><sp/><sp/><sp/><sp/><sp/><sp/><sp/><sp/><sp/>}</highlight></codeline>
<codeline lineno="54"><highlight class="normal"><sp/><sp/><sp/><sp/><sp/><sp/><sp/><sp/>}</highlight></codeline>
<codeline lineno="55"><highlight class="normal"><sp/><sp/><sp/><sp/><sp/><sp/><sp/><sp/></highlight><highlight class="keyword">private</highlight><highlight class="normal"><sp/>global::Microsoft.AspNetCore.Mvc.TagHelpers.FormTagHelper<sp/>__Microsoft_AspNetCore_Mvc_TagHelpers_FormTagHelper;</highlight></codeline>
<codeline lineno="56"><highlight class="normal"><sp/><sp/><sp/><sp/><sp/><sp/><sp/><sp/></highlight><highlight class="keyword">private</highlight><highlight class="normal"><sp/>global::Microsoft.AspNetCore.Mvc.TagHelpers.RenderAtEndOfFormTagHelper<sp/>__Microsoft_AspNetCore_Mvc_TagHelpers_RenderAtEndOfFormTagHelper;</highlight></codeline>
<codeline lineno="57"><highlight class="normal"><sp/><sp/><sp/><sp/><sp/><sp/><sp/><sp/></highlight><highlight class="keyword">private</highlight><highlight class="normal"><sp/>global::Microsoft.AspNetCore.Mvc.TagHelpers.OptionTagHelper<sp/>__Microsoft_AspNetCore_Mvc_TagHelpers_OptionTagHelper;</highlight></codeline>
<codeline lineno="58"><highlight class="normal"></highlight><highlight class="preprocessor"><sp/><sp/><sp/><sp/><sp/><sp/><sp/><sp/>#pragma<sp/>warning<sp/>disable<sp/>1998</highlight><highlight class="normal"></highlight></codeline>
<codeline lineno="59"><highlight class="normal"><sp/><sp/><sp/><sp/><sp/><sp/><sp/><sp/></highlight><highlight class="keyword">public</highlight><highlight class="normal"><sp/>async<sp/></highlight><highlight class="keyword">override</highlight><highlight class="normal"><sp/>global::System.Threading.Tasks.Task<sp/>ExecuteAsync()</highlight></codeline>
<codeline lineno="60"><highlight class="normal"><sp/><sp/><sp/><sp/><sp/><sp/><sp/><sp/>{</highlight></codeline>
<codeline lineno="61"><highlight class="normal"><sp/><sp/><sp/><sp/><sp/><sp/><sp/><sp/><sp/><sp/><sp/><sp/>WriteLiteral(</highlight><highlight class="stringliteral">&quot;\n&lt;h1&gt;&quot;</highlight><highlight class="normal">);</highlight></codeline>
<codeline lineno="62"><highlight class="normal"></highlight><highlight class="preprocessor">#nullable<sp/>restore</highlight><highlight class="normal"></highlight></codeline>
<codeline lineno="63"><highlight class="normal"></highlight><highlight class="preprocessor">#line<sp/>3<sp/>&quot;/home/wieslaw/PWr/PO/Projekt/software-engineering-recruitment-system-ssh/software-engineering-recruitment-system/projektowaniaOprogramowania/Views/Shared/_SearchNameAndWydzial.cshtml&quot;</highlight><highlight class="normal"></highlight></codeline>
<codeline lineno="64"><highlight class="normal">Write(ViewBag.Header);</highlight></codeline>
<codeline lineno="65"><highlight class="normal"></highlight></codeline>
<codeline lineno="66"><highlight class="normal"></highlight><highlight class="preprocessor">#line<sp/>default</highlight><highlight class="normal"></highlight></codeline>
<codeline lineno="67"><highlight class="normal"></highlight><highlight class="preprocessor">#line<sp/>hidden</highlight><highlight class="normal"></highlight></codeline>
<codeline lineno="68"><highlight class="normal"></highlight><highlight class="preprocessor">#nullable<sp/>disable</highlight><highlight class="normal"></highlight></codeline>
<codeline lineno="69"><highlight class="normal"><sp/><sp/><sp/><sp/><sp/><sp/><sp/><sp/><sp/><sp/><sp/><sp/>WriteLiteral(</highlight><highlight class="stringliteral">&quot;&lt;/h1&gt;\n\n<sp/>&quot;</highlight><highlight class="normal">);</highlight></codeline>
<codeline lineno="70"><highlight class="normal"><sp/><sp/><sp/><sp/><sp/><sp/><sp/><sp/><sp/><sp/><sp/><sp/>__tagHelperExecutionContext<sp/>=<sp/>__tagHelperScopeManager.Begin(</highlight><highlight class="stringliteral">&quot;form&quot;</highlight><highlight class="normal">,<sp/>global::Microsoft.<ref refid="d4/d38/namespaceAspNetCore" kindref="compound">AspNetCore</ref>.Razor.TagHelpers.TagMode.StartTagAndEndTag,<sp/></highlight><highlight class="stringliteral">&quot;aaa82d5b96dc838a2b6deaa796e4d0cd2cf1ab234707&quot;</highlight><highlight class="normal">,<sp/>async()<sp/>=&gt;<sp/>{</highlight></codeline>
<codeline lineno="71"><highlight class="normal"><sp/><sp/><sp/><sp/><sp/><sp/><sp/><sp/><sp/><sp/><sp/><sp/><sp/><sp/><sp/><sp/>WriteLiteral(</highlight><highlight class="stringliteral">&quot;\n\n\t&lt;div<sp/>class=\&quot;d-flex<sp/>flex-row<sp/>text-center\&quot;&gt;\n\t\t&lt;div<sp/>class=\&quot;form-field<sp/>col-md-6\&quot;&gt;\n\t\t\t&lt;label<sp/>for=\&quot;department\&quot;&gt;Wydział:<sp/>wybierz<sp/>wydział&lt;/label&gt;\n\t\t\t&lt;select<sp/>class<sp/>=<sp/>\&quot;text-dark\&quot;<sp/>name=\&quot;wydzialIdFilter\&quot;&gt;\n&quot;</highlight><highlight class="normal">);</highlight></codeline>
<codeline lineno="72"><highlight class="normal"></highlight><highlight class="preprocessor">#nullable<sp/>restore</highlight><highlight class="normal"></highlight></codeline>
<codeline lineno="73"><highlight class="normal"></highlight><highlight class="preprocessor">#line<sp/>11<sp/>&quot;/home/wieslaw/PWr/PO/Projekt/software-engineering-recruitment-system-ssh/software-engineering-recruitment-system/projektowaniaOprogramowania/Views/Shared/_SearchNameAndWydzial.cshtml&quot;</highlight><highlight class="normal"></highlight></codeline>
<codeline lineno="74"><highlight class="normal"><sp/><sp/><sp/><sp/><sp/><sp/><sp/><sp/><sp/><sp/><sp/><sp/><sp/><sp/><sp/><sp/><sp/></highlight><highlight class="keywordflow">foreach</highlight><highlight class="normal"><sp/>(var<sp/>wydzial<sp/></highlight><highlight class="keywordflow">in</highlight><highlight class="normal"><sp/>Model)</highlight></codeline>
<codeline lineno="75"><highlight class="normal"><sp/><sp/><sp/><sp/><sp/><sp/><sp/><sp/><sp/><sp/><sp/><sp/><sp/><sp/><sp/><sp/>{</highlight></codeline>
<codeline lineno="76"><highlight class="normal"></highlight></codeline>
<codeline lineno="77"><highlight class="normal"></highlight><highlight class="preprocessor">#line<sp/>default</highlight><highlight class="normal"></highlight></codeline>
<codeline lineno="78"><highlight class="normal"></highlight><highlight class="preprocessor">#line<sp/>hidden</highlight><highlight class="normal"></highlight></codeline>
<codeline lineno="79"><highlight class="normal"></highlight><highlight class="preprocessor">#nullable<sp/>disable</highlight><highlight class="normal"></highlight></codeline>
<codeline lineno="80"><highlight class="normal"><sp/><sp/><sp/><sp/><sp/><sp/><sp/><sp/><sp/><sp/><sp/><sp/><sp/><sp/><sp/><sp/>WriteLiteral(</highlight><highlight class="stringliteral">&quot;\t\t\t\t\t&quot;</highlight><highlight class="normal">);</highlight></codeline>
<codeline lineno="81"><highlight class="normal"><sp/><sp/><sp/><sp/><sp/><sp/><sp/><sp/><sp/><sp/><sp/><sp/><sp/><sp/><sp/><sp/>__tagHelperExecutionContext<sp/>=<sp/>__tagHelperScopeManager.Begin(</highlight><highlight class="stringliteral">&quot;option&quot;</highlight><highlight class="normal">,<sp/>global::Microsoft.<ref refid="d4/d38/namespaceAspNetCore" kindref="compound">AspNetCore</ref>.Razor.TagHelpers.TagMode.StartTagAndEndTag,<sp/></highlight><highlight class="stringliteral">&quot;aaa82d5b96dc838a2b6deaa796e4d0cd2cf1ab235536&quot;</highlight><highlight class="normal">,<sp/>async()<sp/>=&gt;<sp/>{</highlight></codeline>
<codeline lineno="82"><highlight class="normal"></highlight><highlight class="preprocessor">#nullable<sp/>restore</highlight><highlight class="normal"></highlight></codeline>
<codeline lineno="83"><highlight class="normal"></highlight><highlight class="preprocessor">#line<sp/>13<sp/>&quot;/home/wieslaw/PWr/PO/Projekt/software-engineering-recruitment-system-ssh/software-engineering-recruitment-system/projektowaniaOprogramowania/Views/Shared/_SearchNameAndWydzial.cshtml&quot;</highlight><highlight class="normal"></highlight></codeline>
<codeline lineno="84"><highlight class="normal"><sp/><sp/><sp/><sp/><sp/><sp/><sp/><sp/><sp/><sp/><sp/><sp/><sp/><sp/><sp/><sp/><sp/><sp/><sp/><sp/><sp/><sp/><sp/><sp/><sp/><sp/><sp/><sp/><sp/><sp/><sp/><sp/><sp/><sp/><sp/><sp/><sp/><sp/><sp/><sp/><sp/><sp/><sp/><sp/><sp/><sp/><sp/><sp/><sp/><sp/><sp/><sp/><sp/><sp/><sp/><sp/><sp/><sp/><sp/><sp/><sp/><sp/><sp/><sp/><sp/><sp/><sp/><sp/><sp/><sp/><sp/><sp/><sp/><sp/><sp/><sp/><sp/><sp/><sp/><sp/><sp/><sp/><sp/><sp/><sp/><sp/><sp/><sp/><sp/><sp/><sp/><sp/><sp/><sp/><sp/><sp/><sp/><sp/><sp/><sp/><sp/><sp/><sp/><sp/><sp/><sp/><sp/><sp/><sp/><sp/><sp/><sp/><sp/><sp/><sp/><sp/><sp/><sp/><sp/><sp/><sp/><sp/><sp/><sp/><sp/><sp/><sp/><sp/><sp/><sp/><sp/>Write(wydzial.NazwaWydzialu);</highlight></codeline>
<codeline lineno="85"><highlight class="normal"></highlight></codeline>
<codeline lineno="86"><highlight class="normal"></highlight><highlight class="preprocessor">#line<sp/>default</highlight><highlight class="normal"></highlight></codeline>
<codeline lineno="87"><highlight class="normal"></highlight><highlight class="preprocessor">#line<sp/>hidden</highlight><highlight class="normal"></highlight></codeline>
<codeline lineno="88"><highlight class="normal"></highlight><highlight class="preprocessor">#nullable<sp/>disable</highlight><highlight class="normal"></highlight></codeline>
<codeline lineno="89"><highlight class="normal"><sp/><sp/><sp/><sp/><sp/><sp/><sp/><sp/><sp/><sp/><sp/><sp/><sp/><sp/><sp/><sp/>}</highlight></codeline>
<codeline lineno="90"><highlight class="normal"><sp/><sp/><sp/><sp/><sp/><sp/><sp/><sp/><sp/><sp/><sp/><sp/><sp/><sp/><sp/><sp/>);</highlight></codeline>
<codeline lineno="91"><highlight class="normal"><sp/><sp/><sp/><sp/><sp/><sp/><sp/><sp/><sp/><sp/><sp/><sp/><sp/><sp/><sp/><sp/>__Microsoft_AspNetCore_Mvc_TagHelpers_OptionTagHelper<sp/>=<sp/>CreateTagHelper&lt;global::Microsoft.AspNetCore.Mvc.TagHelpers.OptionTagHelper&gt;();</highlight></codeline>
<codeline lineno="92"><highlight class="normal"><sp/><sp/><sp/><sp/><sp/><sp/><sp/><sp/><sp/><sp/><sp/><sp/><sp/><sp/><sp/><sp/>__tagHelperExecutionContext.Add(__Microsoft_AspNetCore_Mvc_TagHelpers_OptionTagHelper);</highlight></codeline>
<codeline lineno="93"><highlight class="normal"><sp/><sp/><sp/><sp/><sp/><sp/><sp/><sp/><sp/><sp/><sp/><sp/><sp/><sp/><sp/><sp/>__tagHelperExecutionContext.AddHtmlAttribute(__tagHelperAttribute_0);</highlight></codeline>
<codeline lineno="94"><highlight class="normal"><sp/><sp/><sp/><sp/><sp/><sp/><sp/><sp/><sp/><sp/><sp/><sp/><sp/><sp/><sp/><sp/>BeginWriteTagHelperAttribute();</highlight></codeline>
<codeline lineno="95"><highlight class="normal"></highlight><highlight class="preprocessor">#nullable<sp/>restore</highlight><highlight class="normal"></highlight></codeline>
<codeline lineno="96"><highlight class="normal"></highlight><highlight class="preprocessor">#line<sp/>13<sp/>&quot;/home/wieslaw/PWr/PO/Projekt/software-engineering-recruitment-system-ssh/software-engineering-recruitment-system/projektowaniaOprogramowania/Views/Shared/_SearchNameAndWydzial.cshtml&quot;</highlight><highlight class="normal"></highlight></codeline>
<codeline lineno="97"><highlight class="normal"><sp/><sp/><sp/><sp/><sp/><sp/><sp/><sp/><sp/><sp/><sp/><sp/><sp/><sp/><sp/><sp/><sp/><sp/><sp/><sp/><sp/><sp/><sp/><sp/><sp/><sp/><sp/><sp/><sp/><sp/><sp/><sp/><sp/><sp/><sp/><sp/><sp/><sp/><sp/><sp/><sp/>WriteLiteral(wydzial.Id);</highlight></codeline>
<codeline lineno="98"><highlight class="normal"></highlight></codeline>
<codeline lineno="99"><highlight class="normal"></highlight><highlight class="preprocessor">#line<sp/>default</highlight><highlight class="normal"></highlight></codeline>
<codeline lineno="100"><highlight class="normal"></highlight><highlight class="preprocessor">#line<sp/>hidden</highlight><highlight class="normal"></highlight></codeline>
<codeline lineno="101"><highlight class="normal"></highlight><highlight class="preprocessor">#nullable<sp/>disable</highlight><highlight class="normal"></highlight></codeline>
<codeline lineno="102"><highlight class="normal"><sp/><sp/><sp/><sp/><sp/><sp/><sp/><sp/><sp/><sp/><sp/><sp/><sp/><sp/><sp/><sp/>__tagHelperStringValueBuffer<sp/>=<sp/>EndWriteTagHelperAttribute();</highlight></codeline>
<codeline lineno="103"><highlight class="normal"><sp/><sp/><sp/><sp/><sp/><sp/><sp/><sp/><sp/><sp/><sp/><sp/><sp/><sp/><sp/><sp/>__Microsoft_AspNetCore_Mvc_TagHelpers_OptionTagHelper.Value<sp/>=<sp/>__tagHelperStringValueBuffer;</highlight></codeline>
<codeline lineno="104"><highlight class="normal"><sp/><sp/><sp/><sp/><sp/><sp/><sp/><sp/><sp/><sp/><sp/><sp/><sp/><sp/><sp/><sp/>__tagHelperExecutionContext.AddTagHelperAttribute(</highlight><highlight class="stringliteral">&quot;value&quot;</highlight><highlight class="normal">,<sp/>__Microsoft_AspNetCore_Mvc_TagHelpers_OptionTagHelper.Value,<sp/>global::Microsoft.AspNetCore.Razor.TagHelpers.HtmlAttributeValueStyle.DoubleQuotes);</highlight></codeline>
<codeline lineno="105"><highlight class="normal"><sp/><sp/><sp/><sp/><sp/><sp/><sp/><sp/><sp/><sp/><sp/><sp/><sp/><sp/><sp/><sp/>BeginAddHtmlAttributeValues(__tagHelperExecutionContext,<sp/></highlight><highlight class="stringliteral">&quot;selected&quot;</highlight><highlight class="normal">,<sp/>1,<sp/>global::Microsoft.<ref refid="d4/d38/namespaceAspNetCore" kindref="compound">AspNetCore</ref>.Razor.TagHelpers.HtmlAttributeValueStyle.DoubleQuotes);</highlight></codeline>
<codeline lineno="106"><highlight class="normal"></highlight><highlight class="preprocessor">#nullable<sp/>restore</highlight><highlight class="normal"></highlight></codeline>
<codeline lineno="107"><highlight class="normal"></highlight><highlight class="preprocessor">#line<sp/>13<sp/>&quot;/home/wieslaw/PWr/PO/Projekt/software-engineering-recruitment-system-ssh/software-engineering-recruitment-system/projektowaniaOprogramowania/Views/Shared/_SearchNameAndWydzial.cshtml&quot;</highlight><highlight class="normal"></highlight></codeline>
<codeline lineno="108"><highlight class="normal">AddHtmlAttributeValue(</highlight><highlight class="stringliteral">&quot;&quot;</highlight><highlight class="normal">,<sp/>479,<sp/>ViewBag.WydzialIdFilter<sp/>==<sp/>wydzial.Id<sp/>?<sp/></highlight><highlight class="stringliteral">&quot;selected&quot;</highlight><highlight class="normal"><sp/>:<sp/></highlight><highlight class="stringliteral">&quot;&quot;</highlight><highlight class="normal">,<sp/>479,<sp/>58,<sp/></highlight><highlight class="keyword">false</highlight><highlight class="normal">);</highlight></codeline>
<codeline lineno="109"><highlight class="normal"></highlight></codeline>
<codeline lineno="110"><highlight class="normal"></highlight><highlight class="preprocessor">#line<sp/>default</highlight><highlight class="normal"></highlight></codeline>
<codeline lineno="111"><highlight class="normal"></highlight><highlight class="preprocessor">#line<sp/>hidden</highlight><highlight class="normal"></highlight></codeline>
<codeline lineno="112"><highlight class="normal"></highlight><highlight class="preprocessor">#nullable<sp/>disable</highlight><highlight class="normal"></highlight></codeline>
<codeline lineno="113"><highlight class="normal"><sp/><sp/><sp/><sp/><sp/><sp/><sp/><sp/><sp/><sp/><sp/><sp/><sp/><sp/><sp/><sp/>EndAddHtmlAttributeValues(__tagHelperExecutionContext);</highlight></codeline>
<codeline lineno="114"><highlight class="normal"><sp/><sp/><sp/><sp/><sp/><sp/><sp/><sp/><sp/><sp/><sp/><sp/><sp/><sp/><sp/><sp/>await<sp/>__tagHelperRunner.RunAsync(__tagHelperExecutionContext);</highlight></codeline>
<codeline lineno="115"><highlight class="normal"><sp/><sp/><sp/><sp/><sp/><sp/><sp/><sp/><sp/><sp/><sp/><sp/><sp/><sp/><sp/><sp/></highlight><highlight class="keywordflow">if</highlight><highlight class="normal"><sp/>(!__tagHelperExecutionContext.Output.IsContentModified)</highlight></codeline>
<codeline lineno="116"><highlight class="normal"><sp/><sp/><sp/><sp/><sp/><sp/><sp/><sp/><sp/><sp/><sp/><sp/><sp/><sp/><sp/><sp/>{</highlight></codeline>
<codeline lineno="117"><highlight class="normal"><sp/><sp/><sp/><sp/><sp/><sp/><sp/><sp/><sp/><sp/><sp/><sp/><sp/><sp/><sp/><sp/><sp/><sp/><sp/><sp/>await<sp/>__tagHelperExecutionContext.SetOutputContentAsync();</highlight></codeline>
<codeline lineno="118"><highlight class="normal"><sp/><sp/><sp/><sp/><sp/><sp/><sp/><sp/><sp/><sp/><sp/><sp/><sp/><sp/><sp/><sp/>}</highlight></codeline>
<codeline lineno="119"><highlight class="normal"><sp/><sp/><sp/><sp/><sp/><sp/><sp/><sp/><sp/><sp/><sp/><sp/><sp/><sp/><sp/><sp/>Write(__tagHelperExecutionContext.Output);</highlight></codeline>
<codeline lineno="120"><highlight class="normal"><sp/><sp/><sp/><sp/><sp/><sp/><sp/><sp/><sp/><sp/><sp/><sp/><sp/><sp/><sp/><sp/>__tagHelperExecutionContext<sp/>=<sp/>__tagHelperScopeManager.End();</highlight></codeline>
<codeline lineno="121"><highlight class="normal"><sp/><sp/><sp/><sp/><sp/><sp/><sp/><sp/><sp/><sp/><sp/><sp/><sp/><sp/><sp/><sp/>WriteLiteral(</highlight><highlight class="stringliteral">&quot;\n&quot;</highlight><highlight class="normal">);</highlight></codeline>
<codeline lineno="122"><highlight class="normal"></highlight><highlight class="preprocessor">#nullable<sp/>restore</highlight><highlight class="normal"></highlight></codeline>
<codeline lineno="123"><highlight class="normal"></highlight><highlight class="preprocessor">#line<sp/>14<sp/>&quot;/home/wieslaw/PWr/PO/Projekt/software-engineering-recruitment-system-ssh/software-engineering-recruitment-system/projektowaniaOprogramowania/Views/Shared/_SearchNameAndWydzial.cshtml&quot;</highlight><highlight class="normal"></highlight></codeline>
<codeline lineno="124"><highlight class="normal"><sp/><sp/><sp/><sp/><sp/><sp/><sp/><sp/><sp/><sp/><sp/><sp/><sp/><sp/><sp/><sp/>}</highlight></codeline>
<codeline lineno="125"><highlight class="normal"></highlight></codeline>
<codeline lineno="126"><highlight class="normal"></highlight><highlight class="preprocessor">#line<sp/>default</highlight><highlight class="normal"></highlight></codeline>
<codeline lineno="127"><highlight class="normal"></highlight><highlight class="preprocessor">#line<sp/>hidden</highlight><highlight class="normal"></highlight></codeline>
<codeline lineno="128"><highlight class="normal"></highlight><highlight class="preprocessor">#nullable<sp/>disable</highlight><highlight class="normal"></highlight></codeline>
<codeline lineno="129"><highlight class="normal"><sp/><sp/><sp/><sp/><sp/><sp/><sp/><sp/><sp/><sp/><sp/><sp/><sp/><sp/><sp/><sp/>WriteLiteral(</highlight><highlight class="stringliteral">&quot;\t\t\t&lt;/select&gt;\n\t\t&lt;/div&gt;\n\t\t&lt;div<sp/>class=\&quot;form-field<sp/>col-md-6\&quot;&gt;\n\t\t\t&lt;label<sp/>for=\&quot;programName\&quot;&gt;Nazwa<sp/>kierunku:&lt;/label&gt;\n\t\t\t&lt;input&quot;</highlight><highlight class="normal">);</highlight></codeline>
<codeline lineno="130"><highlight class="normal"><sp/><sp/><sp/><sp/><sp/><sp/><sp/><sp/><sp/><sp/><sp/><sp/><sp/><sp/><sp/><sp/>BeginWriteAttribute(</highlight><highlight class="stringliteral">&quot;value&quot;</highlight><highlight class="normal">,<sp/></highlight><highlight class="stringliteral">&quot;<sp/>value=\&quot;&quot;</highlight><highlight class="normal">,<sp/>696,<sp/></highlight><highlight class="stringliteral">&quot;\&quot;&quot;</highlight><highlight class="normal">,<sp/>731,<sp/>1);</highlight></codeline>
<codeline lineno="131"><highlight class="normal"></highlight><highlight class="preprocessor">#nullable<sp/>restore</highlight><highlight class="normal"></highlight></codeline>
<codeline lineno="132"><highlight class="normal"></highlight><highlight class="preprocessor">#line<sp/>19<sp/>&quot;/home/wieslaw/PWr/PO/Projekt/software-engineering-recruitment-system-ssh/software-engineering-recruitment-system/projektowaniaOprogramowania/Views/Shared/_SearchNameAndWydzial.cshtml&quot;</highlight><highlight class="normal"></highlight></codeline>
<codeline lineno="133"><highlight class="normal">WriteAttributeValue(</highlight><highlight class="stringliteral">&quot;&quot;</highlight><highlight class="normal">,<sp/>704,<sp/>ViewBag.KierunekNameFilter,<sp/>704,<sp/>27,<sp/></highlight><highlight class="keyword">false</highlight><highlight class="normal">);</highlight></codeline>
<codeline lineno="134"><highlight class="normal"></highlight></codeline>
<codeline lineno="135"><highlight class="normal"></highlight><highlight class="preprocessor">#line<sp/>default</highlight><highlight class="normal"></highlight></codeline>
<codeline lineno="136"><highlight class="normal"></highlight><highlight class="preprocessor">#line<sp/>hidden</highlight><highlight class="normal"></highlight></codeline>
<codeline lineno="137"><highlight class="normal"></highlight><highlight class="preprocessor">#nullable<sp/>disable</highlight><highlight class="normal"></highlight></codeline>
<codeline lineno="138"><highlight class="normal"><sp/><sp/><sp/><sp/><sp/><sp/><sp/><sp/><sp/><sp/><sp/><sp/><sp/><sp/><sp/><sp/>EndWriteAttribute();</highlight></codeline>
<codeline lineno="139"><highlight class="normal"><sp/><sp/><sp/><sp/><sp/><sp/><sp/><sp/><sp/><sp/><sp/><sp/><sp/><sp/><sp/><sp/>WriteLiteral(</highlight><highlight class="stringliteral">&quot;<sp/>class=\&quot;text-dark\&quot;<sp/>type=\&quot;text\&quot;<sp/>name=\&quot;kierunekNameFilter\&quot;&gt;\n\t\t&lt;/div&gt;\n\t&lt;/div&gt;\n\t&lt;div<sp/>class=\&quot;text-center\&quot;&gt;\n\t\t&lt;button<sp/>class=\&quot;btn-primary\&quot;<sp/>type=\&quot;submit\&quot;&gt;Wyszukaj&lt;/button&gt;\n\t\t&lt;button<sp/>class=\&quot;btn-primary\&quot;<sp/>type=\&quot;reset\&quot;<sp/>&gt;Wyczyść<sp/>filtr&lt;/button&gt;\n\t&lt;/div&gt;\n&quot;</highlight><highlight class="normal">);</highlight></codeline>
<codeline lineno="140"><highlight class="normal"><sp/><sp/><sp/><sp/><sp/><sp/><sp/><sp/><sp/><sp/><sp/><sp/>}</highlight></codeline>
<codeline lineno="141"><highlight class="normal"><sp/><sp/><sp/><sp/><sp/><sp/><sp/><sp/><sp/><sp/><sp/><sp/>);</highlight></codeline>
<codeline lineno="142"><highlight class="normal"><sp/><sp/><sp/><sp/><sp/><sp/><sp/><sp/><sp/><sp/><sp/><sp/>__Microsoft_AspNetCore_Mvc_TagHelpers_FormTagHelper<sp/>=<sp/>CreateTagHelper&lt;global::Microsoft.AspNetCore.Mvc.TagHelpers.FormTagHelper&gt;();</highlight></codeline>
<codeline lineno="143"><highlight class="normal"><sp/><sp/><sp/><sp/><sp/><sp/><sp/><sp/><sp/><sp/><sp/><sp/>__tagHelperExecutionContext.Add(__Microsoft_AspNetCore_Mvc_TagHelpers_FormTagHelper);</highlight></codeline>
<codeline lineno="144"><highlight class="normal"><sp/><sp/><sp/><sp/><sp/><sp/><sp/><sp/><sp/><sp/><sp/><sp/>__Microsoft_AspNetCore_Mvc_TagHelpers_RenderAtEndOfFormTagHelper<sp/>=<sp/>CreateTagHelper&lt;global::Microsoft.AspNetCore.Mvc.TagHelpers.RenderAtEndOfFormTagHelper&gt;();</highlight></codeline>
<codeline lineno="145"><highlight class="normal"><sp/><sp/><sp/><sp/><sp/><sp/><sp/><sp/><sp/><sp/><sp/><sp/>__tagHelperExecutionContext.Add(__Microsoft_AspNetCore_Mvc_TagHelpers_RenderAtEndOfFormTagHelper);</highlight></codeline>
<codeline lineno="146"><highlight class="normal"><sp/><sp/><sp/><sp/><sp/><sp/><sp/><sp/><sp/><sp/><sp/><sp/>BeginWriteTagHelperAttribute();</highlight></codeline>
<codeline lineno="147"><highlight class="normal"></highlight><highlight class="preprocessor">#nullable<sp/>restore</highlight><highlight class="normal"></highlight></codeline>
<codeline lineno="148"><highlight class="normal"></highlight><highlight class="preprocessor">#line<sp/>5<sp/>&quot;/home/wieslaw/PWr/PO/Projekt/software-engineering-recruitment-system-ssh/software-engineering-recruitment-system/projektowaniaOprogramowania/Views/Shared/_SearchNameAndWydzial.cshtml&quot;</highlight><highlight class="normal"></highlight></codeline>
<codeline lineno="149"><highlight class="normal"><sp/><sp/><sp/><sp/><sp/><sp/><sp/>WriteLiteral(ViewBag.FilterActionRedirect);</highlight></codeline>
<codeline lineno="150"><highlight class="normal"></highlight></codeline>
<codeline lineno="151"><highlight class="normal"></highlight><highlight class="preprocessor">#line<sp/>default</highlight><highlight class="normal"></highlight></codeline>
<codeline lineno="152"><highlight class="normal"></highlight><highlight class="preprocessor">#line<sp/>hidden</highlight><highlight class="normal"></highlight></codeline>
<codeline lineno="153"><highlight class="normal"></highlight><highlight class="preprocessor">#nullable<sp/>disable</highlight><highlight class="normal"></highlight></codeline>
<codeline lineno="154"><highlight class="normal"><sp/><sp/><sp/><sp/><sp/><sp/><sp/><sp/><sp/><sp/><sp/><sp/>__tagHelperStringValueBuffer<sp/>=<sp/>EndWriteTagHelperAttribute();</highlight></codeline>
<codeline lineno="155"><highlight class="normal"><sp/><sp/><sp/><sp/><sp/><sp/><sp/><sp/><sp/><sp/><sp/><sp/>__Microsoft_AspNetCore_Mvc_TagHelpers_FormTagHelper.Action<sp/>=<sp/>__tagHelperStringValueBuffer;</highlight></codeline>
<codeline lineno="156"><highlight class="normal"><sp/><sp/><sp/><sp/><sp/><sp/><sp/><sp/><sp/><sp/><sp/><sp/>__tagHelperExecutionContext.AddTagHelperAttribute(</highlight><highlight class="stringliteral">&quot;asp-action&quot;</highlight><highlight class="normal">,<sp/>__Microsoft_AspNetCore_Mvc_TagHelpers_FormTagHelper.Action,<sp/>global::Microsoft.AspNetCore.Razor.TagHelpers.HtmlAttributeValueStyle.DoubleQuotes);</highlight></codeline>
<codeline lineno="157"><highlight class="normal"><sp/><sp/><sp/><sp/><sp/><sp/><sp/><sp/><sp/><sp/><sp/><sp/>__Microsoft_AspNetCore_Mvc_TagHelpers_FormTagHelper.Method<sp/>=<sp/>(string)__tagHelperAttribute_1.Value;</highlight></codeline>
<codeline lineno="158"><highlight class="normal"><sp/><sp/><sp/><sp/><sp/><sp/><sp/><sp/><sp/><sp/><sp/><sp/>__tagHelperExecutionContext.AddTagHelperAttribute(__tagHelperAttribute_1);</highlight></codeline>
<codeline lineno="159"><highlight class="normal"><sp/><sp/><sp/><sp/><sp/><sp/><sp/><sp/><sp/><sp/><sp/><sp/>await<sp/>__tagHelperRunner.RunAsync(__tagHelperExecutionContext);</highlight></codeline>
<codeline lineno="160"><highlight class="normal"><sp/><sp/><sp/><sp/><sp/><sp/><sp/><sp/><sp/><sp/><sp/><sp/></highlight><highlight class="keywordflow">if</highlight><highlight class="normal"><sp/>(!__tagHelperExecutionContext.Output.IsContentModified)</highlight></codeline>
<codeline lineno="161"><highlight class="normal"><sp/><sp/><sp/><sp/><sp/><sp/><sp/><sp/><sp/><sp/><sp/><sp/>{</highlight></codeline>
<codeline lineno="162"><highlight class="normal"><sp/><sp/><sp/><sp/><sp/><sp/><sp/><sp/><sp/><sp/><sp/><sp/><sp/><sp/><sp/><sp/>await<sp/>__tagHelperExecutionContext.SetOutputContentAsync();</highlight></codeline>
<codeline lineno="163"><highlight class="normal"><sp/><sp/><sp/><sp/><sp/><sp/><sp/><sp/><sp/><sp/><sp/><sp/>}</highlight></codeline>
<codeline lineno="164"><highlight class="normal"><sp/><sp/><sp/><sp/><sp/><sp/><sp/><sp/><sp/><sp/><sp/><sp/>Write(__tagHelperExecutionContext.Output);</highlight></codeline>
<codeline lineno="165"><highlight class="normal"><sp/><sp/><sp/><sp/><sp/><sp/><sp/><sp/><sp/><sp/><sp/><sp/>__tagHelperExecutionContext<sp/>=<sp/>__tagHelperScopeManager.End();</highlight></codeline>
<codeline lineno="166"><highlight class="normal"><sp/><sp/><sp/><sp/><sp/><sp/><sp/><sp/><sp/><sp/><sp/><sp/>WriteLiteral(</highlight><highlight class="stringliteral">&quot;\n&quot;</highlight><highlight class="normal">);</highlight></codeline>
<codeline lineno="167"><highlight class="normal"><sp/><sp/><sp/><sp/><sp/><sp/><sp/><sp/>}</highlight></codeline>
<codeline lineno="168"><highlight class="normal"></highlight><highlight class="preprocessor"><sp/><sp/><sp/><sp/><sp/><sp/><sp/><sp/>#pragma<sp/>warning<sp/>restore<sp/>1998</highlight><highlight class="normal"></highlight></codeline>
<codeline lineno="169"><highlight class="normal"><sp/><sp/><sp/><sp/><sp/><sp/><sp/><sp/>[global::Microsoft.AspNetCore.Mvc.Razor.Internal.RazorInjectAttribute]</highlight></codeline>
<codeline lineno="170"><highlight class="normal"><sp/><sp/><sp/><sp/><sp/><sp/><sp/><sp/></highlight><highlight class="keyword">public</highlight><highlight class="normal"><sp/>global::Microsoft.AspNetCore.Mvc.ViewFeatures.IModelExpressionProvider<sp/>ModelExpressionProvider<sp/>{<sp/></highlight><highlight class="keyword">get</highlight><highlight class="normal">;<sp/></highlight><highlight class="keyword">private</highlight><highlight class="normal"><sp/></highlight><highlight class="keyword">set</highlight><highlight class="normal">;<sp/>}</highlight></codeline>
<codeline lineno="171"><highlight class="normal"><sp/><sp/><sp/><sp/><sp/><sp/><sp/><sp/>[global::Microsoft.AspNetCore.Mvc.Razor.Internal.RazorInjectAttribute]</highlight></codeline>
<codeline lineno="172"><highlight class="normal"><sp/><sp/><sp/><sp/><sp/><sp/><sp/><sp/></highlight><highlight class="keyword">public</highlight><highlight class="normal"><sp/>global::Microsoft.AspNetCore.Mvc.IUrlHelper<sp/>Url<sp/>{<sp/></highlight><highlight class="keyword">get</highlight><highlight class="normal">;<sp/></highlight><highlight class="keyword">private</highlight><highlight class="normal"><sp/></highlight><highlight class="keyword">set</highlight><highlight class="normal">;<sp/>}</highlight></codeline>
<codeline lineno="173"><highlight class="normal"><sp/><sp/><sp/><sp/><sp/><sp/><sp/><sp/>[global::Microsoft.AspNetCore.Mvc.Razor.Internal.RazorInjectAttribute]</highlight></codeline>
<codeline lineno="174"><highlight class="normal"><sp/><sp/><sp/><sp/><sp/><sp/><sp/><sp/></highlight><highlight class="keyword">public</highlight><highlight class="normal"><sp/>global::Microsoft.AspNetCore.Mvc.IViewComponentHelper<sp/>Component<sp/>{<sp/></highlight><highlight class="keyword">get</highlight><highlight class="normal">;<sp/></highlight><highlight class="keyword">private</highlight><highlight class="normal"><sp/></highlight><highlight class="keyword">set</highlight><highlight class="normal">;<sp/>}</highlight></codeline>
<codeline lineno="175"><highlight class="normal"><sp/><sp/><sp/><sp/><sp/><sp/><sp/><sp/>[global::Microsoft.AspNetCore.Mvc.Razor.Internal.RazorInjectAttribute]</highlight></codeline>
<codeline lineno="176"><highlight class="normal"><sp/><sp/><sp/><sp/><sp/><sp/><sp/><sp/></highlight><highlight class="keyword">public</highlight><highlight class="normal"><sp/>global::Microsoft.AspNetCore.Mvc.Rendering.IJsonHelper<sp/>Json<sp/>{<sp/></highlight><highlight class="keyword">get</highlight><highlight class="normal">;<sp/></highlight><highlight class="keyword">private</highlight><highlight class="normal"><sp/></highlight><highlight class="keyword">set</highlight><highlight class="normal">;<sp/>}</highlight></codeline>
<codeline lineno="177"><highlight class="normal"><sp/><sp/><sp/><sp/><sp/><sp/><sp/><sp/>[global::Microsoft.AspNetCore.Mvc.Razor.Internal.RazorInjectAttribute]</highlight></codeline>
<codeline lineno="178"><highlight class="normal"><sp/><sp/><sp/><sp/><sp/><sp/><sp/><sp/></highlight><highlight class="keyword">public</highlight><highlight class="normal"><sp/>global::Microsoft.AspNetCore.Mvc.Rendering.IHtmlHelper&lt;IEnumerable&lt;<ref refid="d8/d9d/namespaceprojektowaniaOprogramowania" kindref="compound">projektowaniaOprogramowania</ref>.<ref refid="da/dc5/namespaceprojektowaniaOprogramowania_1_1ViewModels" kindref="compound">ViewModels</ref>.<ref refid="d1/dc3/namespaceprojektowaniaOprogramowania_1_1ViewModels_1_1CollegeStructures" kindref="compound">CollegeStructures</ref>.<ref refid="df/d17/classprojektowaniaOprogramowania_1_1ViewModels_1_1CollegeStructures_1_1WydzialModel" kindref="compound">WydzialModel</ref>&gt;&gt;<sp/>Html<sp/>{<sp/></highlight><highlight class="keyword">get</highlight><highlight class="normal">;<sp/></highlight><highlight class="keyword">private</highlight><highlight class="normal"><sp/></highlight><highlight class="keyword">set</highlight><highlight class="normal">;<sp/>}</highlight></codeline>
<codeline lineno="179"><highlight class="normal"><sp/><sp/><sp/><sp/>}</highlight></codeline>
<codeline lineno="180"><highlight class="normal">}</highlight></codeline>
<codeline lineno="181"><highlight class="normal"></highlight><highlight class="preprocessor">#pragma<sp/>warning<sp/>restore<sp/>1591</highlight></codeline>
    </programlisting>
    <location file="obj/Debug/net5.0/Razor/Views/Shared/_SearchNameAndWydzial.cshtml.g.cs"/>
  </compounddef>
</doxygen>
