<?xml version='1.0' encoding='UTF-8' standalone='no'?>
<doxygen xmlns:xsi="http://www.w3.org/2001/XMLSchema-instance" xsi:noNamespaceSchemaLocation="compound.xsd" version="1.10.0" xml:lang="en-US">
  <compounddef id="d8/dc8/classAspNetCore_1_1Views__KierunekNaPodaniu__PodanieJuzZlozone" kind="class" language="C#" prot="public">
    <compoundname>AspNetCore::Views_KierunekNaPodaniu_PodanieJuzZlozone</compoundname>
    <basecompoundref prot="public" virt="non-virtual">global::MicrosoftAspNetCore::Mvc::Razor::RazorPage&lt; dynamic &gt;</basecompoundref>
    <sectiondef kind="property">
      <memberdef kind="property" id="d8/dc8/classAspNetCore_1_1Views__KierunekNaPodaniu__PodanieJuzZlozone_1ad90d82f34fc11a19f39f32bebf5650cd" prot="public" static="no" readable="no" writable="no" gettable="yes" privategettable="no" protectedgettable="no" settable="no" privatesettable="yes" protectedsettable="no">
        <type>global::Microsoft.AspNetCore.Mvc.ViewFeatures.IModelExpressionProvider</type>
        <definition>global::Microsoft.AspNetCore.Mvc.ViewFeatures.IModelExpressionProvider AspNetCore.Views_KierunekNaPodaniu_PodanieJuzZlozone.ModelExpressionProvider</definition>
        <argsstring></argsstring>
        <name>ModelExpressionProvider</name>
        <qualifiedname>AspNetCore.Views_KierunekNaPodaniu_PodanieJuzZlozone.ModelExpressionProvider</qualifiedname>
        <briefdescription>
        </briefdescription>
        <detaileddescription>
        </detaileddescription>
        <inbodydescription>
        </inbodydescription>
        <location file="obj/Debug/net5.0/Razor/Views/KierunekNaPodaniu/PodanieJuzZlozone.cshtml.g.cs" line="50" column="83" bodyfile="obj/Debug/net5.0/Razor/Views/KierunekNaPodaniu/PodanieJuzZlozone.cshtml.g.cs" bodystart="50" bodyend="50"/>
      </memberdef>
      <memberdef kind="property" id="d8/dc8/classAspNetCore_1_1Views__KierunekNaPodaniu__PodanieJuzZlozone_1a78d1cd5ae332f5f6cf08b8459b2f1183" prot="public" static="no" readable="no" writable="no" gettable="yes" privategettable="no" protectedgettable="no" settable="no" privatesettable="yes" protectedsettable="no">
        <type>global::Microsoft.AspNetCore.Mvc.IUrlHelper</type>
        <definition>global::Microsoft.AspNetCore.Mvc.IUrlHelper AspNetCore.Views_KierunekNaPodaniu_PodanieJuzZlozone.Url</definition>
        <argsstring></argsstring>
        <name>Url</name>
        <qualifiedname>AspNetCore.Views_KierunekNaPodaniu_PodanieJuzZlozone.Url</qualifiedname>
        <briefdescription>
        </briefdescription>
        <detaileddescription>
        </detaileddescription>
        <inbodydescription>
        </inbodydescription>
        <location file="obj/Debug/net5.0/Razor/Views/KierunekNaPodaniu/PodanieJuzZlozone.cshtml.g.cs" line="52" column="57" bodyfile="obj/Debug/net5.0/Razor/Views/KierunekNaPodaniu/PodanieJuzZlozone.cshtml.g.cs" bodystart="52" bodyend="52"/>
      </memberdef>
      <memberdef kind="property" id="d8/dc8/classAspNetCore_1_1Views__KierunekNaPodaniu__PodanieJuzZlozone_1ab6495e12f82c7746e1a4aea3b1664f34" prot="public" static="no" readable="no" writable="no" gettable="yes" privategettable="no" protectedgettable="no" settable="no" privatesettable="yes" protectedsettable="no">
        <type>global::Microsoft.AspNetCore.Mvc.IViewComponentHelper</type>
        <definition>global::Microsoft.AspNetCore.Mvc.IViewComponentHelper AspNetCore.Views_KierunekNaPodaniu_PodanieJuzZlozone.Component</definition>
        <argsstring></argsstring>
        <name>Component</name>
        <qualifiedname>AspNetCore.Views_KierunekNaPodaniu_PodanieJuzZlozone.Component</qualifiedname>
        <briefdescription>
        </briefdescription>
        <detaileddescription>
        </detaileddescription>
        <inbodydescription>
        </inbodydescription>
        <location file="obj/Debug/net5.0/Razor/Views/KierunekNaPodaniu/PodanieJuzZlozone.cshtml.g.cs" line="54" column="67" bodyfile="obj/Debug/net5.0/Razor/Views/KierunekNaPodaniu/PodanieJuzZlozone.cshtml.g.cs" bodystart="54" bodyend="54"/>
      </memberdef>
      <memberdef kind="property" id="d8/dc8/classAspNetCore_1_1Views__KierunekNaPodaniu__PodanieJuzZlozone_1a672ed37351660e1f62ee2a96afd4445c" prot="public" static="no" readable="no" writable="no" gettable="yes" privategettable="no" protectedgettable="no" settable="no" privatesettable="yes" protectedsettable="no">
        <type>global::Microsoft.AspNetCore.Mvc.Rendering.IJsonHelper</type>
        <definition>global::Microsoft.AspNetCore.Mvc.Rendering.IJsonHelper AspNetCore.Views_KierunekNaPodaniu_PodanieJuzZlozone.Json</definition>
        <argsstring></argsstring>
        <name>Json</name>
        <qualifiedname>AspNetCore.Views_KierunekNaPodaniu_PodanieJuzZlozone.Json</qualifiedname>
        <briefdescription>
        </briefdescription>
        <detaileddescription>
        </detaileddescription>
        <inbodydescription>
        </inbodydescription>
        <location file="obj/Debug/net5.0/Razor/Views/KierunekNaPodaniu/PodanieJuzZlozone.cshtml.g.cs" line="56" column="67" bodyfile="obj/Debug/net5.0/Razor/Views/KierunekNaPodaniu/PodanieJuzZlozone.cshtml.g.cs" bodystart="56" bodyend="56"/>
      </memberdef>
      <memberdef kind="property" id="d8/dc8/classAspNetCore_1_1Views__KierunekNaPodaniu__PodanieJuzZlozone_1abc20b58ec6b48eba333569ecbb607bf4" prot="public" static="no" readable="no" writable="no" gettable="yes" privategettable="no" protectedgettable="no" settable="no" privatesettable="yes" protectedsettable="no">
        <type>global::Microsoft.AspNetCore.Mvc.Rendering.IHtmlHelper&lt; dynamic &gt;</type>
        <definition>global::Microsoft.AspNetCore.Mvc.Rendering.IHtmlHelper&lt;dynamic&gt; AspNetCore.Views_KierunekNaPodaniu_PodanieJuzZlozone.Html</definition>
        <argsstring></argsstring>
        <name>Html</name>
        <qualifiedname>AspNetCore.Views_KierunekNaPodaniu_PodanieJuzZlozone.Html</qualifiedname>
        <briefdescription>
        </briefdescription>
        <detaileddescription>
        </detaileddescription>
        <inbodydescription>
        </inbodydescription>
        <location file="obj/Debug/net5.0/Razor/Views/KierunekNaPodaniu/PodanieJuzZlozone.cshtml.g.cs" line="58" column="67" bodyfile="obj/Debug/net5.0/Razor/Views/KierunekNaPodaniu/PodanieJuzZlozone.cshtml.g.cs" bodystart="58" bodyend="58"/>
      </memberdef>
    </sectiondef>
    <sectiondef kind="public-func">
      <memberdef kind="function" id="d8/dc8/classAspNetCore_1_1Views__KierunekNaPodaniu__PodanieJuzZlozone_1afc029e419a32030d2efe75e679c4be3b" prot="public" static="no" const="no" explicit="no" inline="yes" virt="non-virtual">
        <type>async override global::System.Threading.Tasks.Task</type>
        <definition>async override global::System.Threading.Tasks.Task AspNetCore.Views_KierunekNaPodaniu_PodanieJuzZlozone.ExecuteAsync</definition>
        <argsstring>()</argsstring>
        <name>ExecuteAsync</name>
        <qualifiedname>AspNetCore.Views_KierunekNaPodaniu_PodanieJuzZlozone.ExecuteAsync</qualifiedname>
        <briefdescription>
        </briefdescription>
        <detaileddescription>
        </detaileddescription>
        <inbodydescription>
        </inbodydescription>
        <location file="obj/Debug/net5.0/Razor/Views/KierunekNaPodaniu/PodanieJuzZlozone.cshtml.g.cs" line="34" column="64" bodyfile="obj/Debug/net5.0/Razor/Views/KierunekNaPodaniu/PodanieJuzZlozone.cshtml.g.cs" bodystart="34" bodyend="47"/>
      </memberdef>
    </sectiondef>
    <briefdescription>
    </briefdescription>
    <detaileddescription>
    </detaileddescription>
    <inheritancegraph>
      <node id="1">
        <label>AspNetCore.Views_KierunekNaPodaniu_PodanieJuzZlozone</label>
        <link refid="d8/dc8/classAspNetCore_1_1Views__KierunekNaPodaniu__PodanieJuzZlozone"/>
        <childnode refid="2" relation="public-inheritance">
        </childnode>
      </node>
      <node id="2">
        <label>global::MicrosoftAspNetCore::Mvc::Razor::RazorPage&lt; dynamic &gt;</label>
      </node>
    </inheritancegraph>
    <collaborationgraph>
      <node id="1">
        <label>AspNetCore.Views_KierunekNaPodaniu_PodanieJuzZlozone</label>
        <link refid="d8/dc8/classAspNetCore_1_1Views__KierunekNaPodaniu__PodanieJuzZlozone"/>
        <childnode refid="2" relation="public-inheritance">
        </childnode>
      </node>
      <node id="2">
        <label>global::MicrosoftAspNetCore::Mvc::Razor::RazorPage&lt; dynamic &gt;</label>
      </node>
    </collaborationgraph>
    <location file="obj/Debug/net5.0/Razor/Views/KierunekNaPodaniu/PodanieJuzZlozone.cshtml.g.cs" line="31" column="11" bodyfile="obj/Debug/net5.0/Razor/Views/KierunekNaPodaniu/PodanieJuzZlozone.cshtml.g.cs" bodystart="32" bodyend="59"/>
    <listofallmembers>
      <member refid="d8/dc8/classAspNetCore_1_1Views__KierunekNaPodaniu__PodanieJuzZlozone_1ab6495e12f82c7746e1a4aea3b1664f34" prot="public" virt="non-virtual"><scope>AspNetCore::Views_KierunekNaPodaniu_PodanieJuzZlozone</scope><name>Component</name></member>
      <member refid="d8/dc8/classAspNetCore_1_1Views__KierunekNaPodaniu__PodanieJuzZlozone_1afc029e419a32030d2efe75e679c4be3b" prot="public" virt="non-virtual"><scope>AspNetCore::Views_KierunekNaPodaniu_PodanieJuzZlozone</scope><name>ExecuteAsync</name></member>
      <member refid="d8/dc8/classAspNetCore_1_1Views__KierunekNaPodaniu__PodanieJuzZlozone_1abc20b58ec6b48eba333569ecbb607bf4" prot="public" virt="non-virtual"><scope>AspNetCore::Views_KierunekNaPodaniu_PodanieJuzZlozone</scope><name>Html</name></member>
      <member refid="d8/dc8/classAspNetCore_1_1Views__KierunekNaPodaniu__PodanieJuzZlozone_1a672ed37351660e1f62ee2a96afd4445c" prot="public" virt="non-virtual"><scope>AspNetCore::Views_KierunekNaPodaniu_PodanieJuzZlozone</scope><name>Json</name></member>
      <member refid="d8/dc8/classAspNetCore_1_1Views__KierunekNaPodaniu__PodanieJuzZlozone_1ad90d82f34fc11a19f39f32bebf5650cd" prot="public" virt="non-virtual"><scope>AspNetCore::Views_KierunekNaPodaniu_PodanieJuzZlozone</scope><name>ModelExpressionProvider</name></member>
      <member refid="d8/dc8/classAspNetCore_1_1Views__KierunekNaPodaniu__PodanieJuzZlozone_1a78d1cd5ae332f5f6cf08b8459b2f1183" prot="public" virt="non-virtual"><scope>AspNetCore::Views_KierunekNaPodaniu_PodanieJuzZlozone</scope><name>Url</name></member>
    </listofallmembers>
  </compounddef>
</doxygen>
