<?xml version='1.0' encoding='UTF-8' standalone='no'?>
<doxygen xmlns:xsi="http://www.w3.org/2001/XMLSchema-instance" xsi:noNamespaceSchemaLocation="compound.xsd" version="1.10.0" xml:lang="en-US">
  <compounddef id="d9/dc8/namespaceprojektowaniaOprogramowania_1_1ViewModels_1_1Users" kind="namespace" language="C#">
    <compoundname>projektowaniaOprogramowania::ViewModels::Users</compoundname>
    <innerclass refid="d6/da6/classprojektowaniaOprogramowania_1_1ViewModels_1_1Users_1_1KandydatModel" prot="public">projektowaniaOprogramowania::ViewModels::Users::KandydatModel</innerclass>
    <innerclass refid="d4/dad/classprojektowaniaOprogramowania_1_1ViewModels_1_1Users_1_1OsobaModel" prot="public">projektowaniaOprogramowania::ViewModels::Users::OsobaModel</innerclass>
    <innerclass refid="de/d1b/classprojektowaniaOprogramowania_1_1ViewModels_1_1Users_1_1PracownikDzialuRekrutacjiModel" prot="public">projektowaniaOprogramowania::ViewModels::Users::PracownikDzialuRekrutacjiModel</innerclass>
    <innerclass refid="da/d6f/classprojektowaniaOprogramowania_1_1ViewModels_1_1Users_1_1PracownikModel" prot="public">projektowaniaOprogramowania::ViewModels::Users::PracownikModel</innerclass>
    <briefdescription>
    </briefdescription>
    <detaileddescription>
    </detaileddescription>
    <location file="Models/Users/KandydatModel.cs" line="4" column="1"/>
  </compounddef>
</doxygen>
