<?xml version='1.0' encoding='UTF-8' standalone='no'?>
<doxygen xmlns:xsi="http://www.w3.org/2001/XMLSchema-instance" xsi:noNamespaceSchemaLocation="compound.xsd" version="1.10.0" xml:lang="en-US">
  <compounddef id="de/d17/classAspNetCore_1_1Views__Shared____ValidationScriptsPartial" kind="class" language="C#" prot="public">
    <compoundname>AspNetCore::Views_Shared__ValidationScriptsPartial</compoundname>
    <basecompoundref prot="public" virt="non-virtual">global::MicrosoftAspNetCore::Mvc::Razor::RazorPage&lt; dynamic &gt;</basecompoundref>
    <sectiondef kind="private-static-attrib">
      <memberdef kind="variable" id="de/d17/classAspNetCore_1_1Views__Shared____ValidationScriptsPartial_1a30dba59457e9300d3bc8339dfeaf392f" prot="private" static="yes" mutable="no">
        <type>readonly global::Microsoft.AspNetCore.Razor.TagHelpers.TagHelperAttribute</type>
        <definition>readonly global::Microsoft.AspNetCore.Razor.TagHelpers.TagHelperAttribute AspNetCore.Views_Shared__ValidationScriptsPartial.__tagHelperAttribute_0</definition>
        <argsstring></argsstring>
        <name>__tagHelperAttribute_0</name>
        <qualifiedname>AspNetCore.Views_Shared__ValidationScriptsPartial.__tagHelperAttribute_0</qualifiedname>
        <initializer>= new global::Microsoft.AspNetCore.Razor.TagHelpers.TagHelperAttribute(&quot;src&quot;, new global::Microsoft.AspNetCore.Html.HtmlString(&quot;~/lib/jquery-validation/dist/jquery.validate.min.js&quot;), global::Microsoft.AspNetCore.Razor.TagHelpers.HtmlAttributeValueStyle.DoubleQuotes)</initializer>
        <briefdescription>
        </briefdescription>
        <detaileddescription>
        </detaileddescription>
        <inbodydescription>
        </inbodydescription>
        <location file="obj/Debug/net5.0/Razor/Views/Shared/_ValidationScriptsPartial.cshtml.g.cs" line="33" column="94" bodyfile="obj/Debug/net5.0/Razor/Views/Shared/_ValidationScriptsPartial.cshtml.g.cs" bodystart="33" bodyend="-1"/>
      </memberdef>
      <memberdef kind="variable" id="de/d17/classAspNetCore_1_1Views__Shared____ValidationScriptsPartial_1a01cf24d9ae875ef7a3cc85262197ae7e" prot="private" static="yes" mutable="no">
        <type>readonly global::Microsoft.AspNetCore.Razor.TagHelpers.TagHelperAttribute</type>
        <definition>readonly global::Microsoft.AspNetCore.Razor.TagHelpers.TagHelperAttribute AspNetCore.Views_Shared__ValidationScriptsPartial.__tagHelperAttribute_1</definition>
        <argsstring></argsstring>
        <name>__tagHelperAttribute_1</name>
        <qualifiedname>AspNetCore.Views_Shared__ValidationScriptsPartial.__tagHelperAttribute_1</qualifiedname>
        <initializer>= new global::Microsoft.AspNetCore.Razor.TagHelpers.TagHelperAttribute(&quot;src&quot;, new global::Microsoft.AspNetCore.Html.HtmlString(&quot;~/lib/jquery-validation-unobtrusive/jquery.validate.unobtrusive.min.js&quot;), global::Microsoft.AspNetCore.Razor.TagHelpers.HtmlAttributeValueStyle.DoubleQuotes)</initializer>
        <briefdescription>
        </briefdescription>
        <detaileddescription>
        </detaileddescription>
        <inbodydescription>
        </inbodydescription>
        <location file="obj/Debug/net5.0/Razor/Views/Shared/_ValidationScriptsPartial.cshtml.g.cs" line="34" column="94" bodyfile="obj/Debug/net5.0/Razor/Views/Shared/_ValidationScriptsPartial.cshtml.g.cs" bodystart="34" bodyend="-1"/>
      </memberdef>
    </sectiondef>
    <sectiondef kind="private-attrib">
      <memberdef kind="variable" id="de/d17/classAspNetCore_1_1Views__Shared____ValidationScriptsPartial_1a573a307dc0cdc4707036d9a1bb5186df" prot="private" static="no" mutable="no">
        <type>global::Microsoft.AspNetCore.Razor.Runtime.TagHelpers.TagHelperExecutionContext</type>
        <definition>global::Microsoft.AspNetCore.Razor.Runtime.TagHelpers.TagHelperExecutionContext AspNetCore.Views_Shared__ValidationScriptsPartial.__tagHelperExecutionContext</definition>
        <argsstring></argsstring>
        <name>__tagHelperExecutionContext</name>
        <qualifiedname>AspNetCore.Views_Shared__ValidationScriptsPartial.__tagHelperExecutionContext</qualifiedname>
        <briefdescription>
        </briefdescription>
        <detaileddescription>
        </detaileddescription>
        <inbodydescription>
        </inbodydescription>
        <location file="obj/Debug/net5.0/Razor/Views/Shared/_ValidationScriptsPartial.cshtml.g.cs" line="37" column="92" bodyfile="obj/Debug/net5.0/Razor/Views/Shared/_ValidationScriptsPartial.cshtml.g.cs" bodystart="37" bodyend="-1"/>
      </memberdef>
      <memberdef kind="variable" id="de/d17/classAspNetCore_1_1Views__Shared____ValidationScriptsPartial_1a98ba4fe71297153253a0843b9f8dfa30" prot="private" static="no" mutable="no">
        <type>global::Microsoft.AspNetCore.Razor.Runtime.TagHelpers.TagHelperRunner</type>
        <definition>global::Microsoft.AspNetCore.Razor.Runtime.TagHelpers.TagHelperRunner AspNetCore.Views_Shared__ValidationScriptsPartial.__tagHelperRunner</definition>
        <argsstring></argsstring>
        <name>__tagHelperRunner</name>
        <qualifiedname>AspNetCore.Views_Shared__ValidationScriptsPartial.__tagHelperRunner</qualifiedname>
        <initializer>= new global::Microsoft.AspNetCore.Razor.Runtime.TagHelpers.TagHelperRunner()</initializer>
        <briefdescription>
        </briefdescription>
        <detaileddescription>
        </detaileddescription>
        <inbodydescription>
        </inbodydescription>
        <location file="obj/Debug/net5.0/Razor/Views/Shared/_ValidationScriptsPartial.cshtml.g.cs" line="39" column="82" bodyfile="obj/Debug/net5.0/Razor/Views/Shared/_ValidationScriptsPartial.cshtml.g.cs" bodystart="39" bodyend="-1"/>
      </memberdef>
      <memberdef kind="variable" id="de/d17/classAspNetCore_1_1Views__Shared____ValidationScriptsPartial_1abd6360687f5f874d9b7ee52b460270f8" prot="private" static="no" mutable="no">
        <type>string</type>
        <definition>string AspNetCore.Views_Shared__ValidationScriptsPartial.__tagHelperStringValueBuffer</definition>
        <argsstring></argsstring>
        <name>__tagHelperStringValueBuffer</name>
        <qualifiedname>AspNetCore.Views_Shared__ValidationScriptsPartial.__tagHelperStringValueBuffer</qualifiedname>
        <briefdescription>
        </briefdescription>
        <detaileddescription>
        </detaileddescription>
        <inbodydescription>
        </inbodydescription>
        <location file="obj/Debug/net5.0/Razor/Views/Shared/_ValidationScriptsPartial.cshtml.g.cs" line="41" column="24" bodyfile="obj/Debug/net5.0/Razor/Views/Shared/_ValidationScriptsPartial.cshtml.g.cs" bodystart="41" bodyend="-1"/>
      </memberdef>
      <memberdef kind="variable" id="de/d17/classAspNetCore_1_1Views__Shared____ValidationScriptsPartial_1ac8db73e2ba52054d1e977e7fdc43a8d0" prot="private" static="no" mutable="no">
        <type>global::Microsoft.AspNetCore.Razor.Runtime.TagHelpers.TagHelperScopeManager</type>
        <definition>global::Microsoft.AspNetCore.Razor.Runtime.TagHelpers.TagHelperScopeManager AspNetCore.Views_Shared__ValidationScriptsPartial.__backed__tagHelperScopeManager</definition>
        <argsstring></argsstring>
        <name>__backed__tagHelperScopeManager</name>
        <qualifiedname>AspNetCore.Views_Shared__ValidationScriptsPartial.__backed__tagHelperScopeManager</qualifiedname>
        <initializer>= null</initializer>
        <briefdescription>
        </briefdescription>
        <detaileddescription>
        </detaileddescription>
        <inbodydescription>
        </inbodydescription>
        <location file="obj/Debug/net5.0/Razor/Views/Shared/_ValidationScriptsPartial.cshtml.g.cs" line="43" column="88" bodyfile="obj/Debug/net5.0/Razor/Views/Shared/_ValidationScriptsPartial.cshtml.g.cs" bodystart="43" bodyend="-1"/>
      </memberdef>
      <memberdef kind="variable" id="de/d17/classAspNetCore_1_1Views__Shared____ValidationScriptsPartial_1ac37ba917dfdc3c3eaea261f73e8d0bb8" prot="private" static="no" mutable="no">
        <type>global::Microsoft.AspNetCore.Mvc.Razor.TagHelpers.UrlResolutionTagHelper</type>
        <definition>global::Microsoft.AspNetCore.Mvc.Razor.TagHelpers.UrlResolutionTagHelper AspNetCore.Views_Shared__ValidationScriptsPartial.__Microsoft_AspNetCore_Mvc_Razor_TagHelpers_UrlResolutionTagHelper</definition>
        <argsstring></argsstring>
        <name>__Microsoft_AspNetCore_Mvc_Razor_TagHelpers_UrlResolutionTagHelper</name>
        <qualifiedname>AspNetCore.Views_Shared__ValidationScriptsPartial.__Microsoft_AspNetCore_Mvc_Razor_TagHelpers_UrlResolutionTagHelper</qualifiedname>
        <briefdescription>
        </briefdescription>
        <detaileddescription>
        </detaileddescription>
        <inbodydescription>
        </inbodydescription>
        <location file="obj/Debug/net5.0/Razor/Views/Shared/_ValidationScriptsPartial.cshtml.g.cs" line="55" column="85" bodyfile="obj/Debug/net5.0/Razor/Views/Shared/_ValidationScriptsPartial.cshtml.g.cs" bodystart="55" bodyend="-1"/>
      </memberdef>
    </sectiondef>
    <sectiondef kind="property">
      <memberdef kind="property" id="de/d17/classAspNetCore_1_1Views__Shared____ValidationScriptsPartial_1ac640314b5ece901be19c41d7cf7116a9" prot="private" static="no" readable="no" writable="no" gettable="yes" privategettable="no" protectedgettable="no" settable="no" privatesettable="no" protectedsettable="no">
        <type>global::Microsoft.AspNetCore.Razor.Runtime.TagHelpers.TagHelperScopeManager</type>
        <definition>global::Microsoft.AspNetCore.Razor.Runtime.TagHelpers.TagHelperScopeManager AspNetCore.Views_Shared__ValidationScriptsPartial.__tagHelperScopeManager</definition>
        <argsstring></argsstring>
        <name>__tagHelperScopeManager</name>
        <qualifiedname>AspNetCore.Views_Shared__ValidationScriptsPartial.__tagHelperScopeManager</qualifiedname>
        <briefdescription>
        </briefdescription>
        <detaileddescription>
        </detaileddescription>
        <inbodydescription>
        </inbodydescription>
        <location file="obj/Debug/net5.0/Razor/Views/Shared/_ValidationScriptsPartial.cshtml.g.cs" line="44" column="88" bodyfile="obj/Debug/net5.0/Razor/Views/Shared/_ValidationScriptsPartial.cshtml.g.cs" bodystart="45" bodyend="54"/>
      </memberdef>
      <memberdef kind="property" id="de/d17/classAspNetCore_1_1Views__Shared____ValidationScriptsPartial_1aa202649b0aff57509d9652ddbf98b677" prot="public" static="no" readable="no" writable="no" gettable="yes" privategettable="no" protectedgettable="no" settable="no" privatesettable="yes" protectedsettable="no">
        <type>global::Microsoft.AspNetCore.Mvc.ViewFeatures.IModelExpressionProvider</type>
        <definition>global::Microsoft.AspNetCore.Mvc.ViewFeatures.IModelExpressionProvider AspNetCore.Views_Shared__ValidationScriptsPartial.ModelExpressionProvider</definition>
        <argsstring></argsstring>
        <name>ModelExpressionProvider</name>
        <qualifiedname>AspNetCore.Views_Shared__ValidationScriptsPartial.ModelExpressionProvider</qualifiedname>
        <briefdescription>
        </briefdescription>
        <detaileddescription>
        </detaileddescription>
        <inbodydescription>
        </inbodydescription>
        <location file="obj/Debug/net5.0/Razor/Views/Shared/_ValidationScriptsPartial.cshtml.g.cs" line="90" column="83" bodyfile="obj/Debug/net5.0/Razor/Views/Shared/_ValidationScriptsPartial.cshtml.g.cs" bodystart="90" bodyend="90"/>
      </memberdef>
      <memberdef kind="property" id="de/d17/classAspNetCore_1_1Views__Shared____ValidationScriptsPartial_1a69eafabffc0edbd39b0d850222b941a2" prot="public" static="no" readable="no" writable="no" gettable="yes" privategettable="no" protectedgettable="no" settable="no" privatesettable="yes" protectedsettable="no">
        <type>global::Microsoft.AspNetCore.Mvc.IUrlHelper</type>
        <definition>global::Microsoft.AspNetCore.Mvc.IUrlHelper AspNetCore.Views_Shared__ValidationScriptsPartial.Url</definition>
        <argsstring></argsstring>
        <name>Url</name>
        <qualifiedname>AspNetCore.Views_Shared__ValidationScriptsPartial.Url</qualifiedname>
        <briefdescription>
        </briefdescription>
        <detaileddescription>
        </detaileddescription>
        <inbodydescription>
        </inbodydescription>
        <location file="obj/Debug/net5.0/Razor/Views/Shared/_ValidationScriptsPartial.cshtml.g.cs" line="92" column="57" bodyfile="obj/Debug/net5.0/Razor/Views/Shared/_ValidationScriptsPartial.cshtml.g.cs" bodystart="92" bodyend="92"/>
      </memberdef>
      <memberdef kind="property" id="de/d17/classAspNetCore_1_1Views__Shared____ValidationScriptsPartial_1a2eecdf72cc8131f34209354546b62bf7" prot="public" static="no" readable="no" writable="no" gettable="yes" privategettable="no" protectedgettable="no" settable="no" privatesettable="yes" protectedsettable="no">
        <type>global::Microsoft.AspNetCore.Mvc.IViewComponentHelper</type>
        <definition>global::Microsoft.AspNetCore.Mvc.IViewComponentHelper AspNetCore.Views_Shared__ValidationScriptsPartial.Component</definition>
        <argsstring></argsstring>
        <name>Component</name>
        <qualifiedname>AspNetCore.Views_Shared__ValidationScriptsPartial.Component</qualifiedname>
        <briefdescription>
        </briefdescription>
        <detaileddescription>
        </detaileddescription>
        <inbodydescription>
        </inbodydescription>
        <location file="obj/Debug/net5.0/Razor/Views/Shared/_ValidationScriptsPartial.cshtml.g.cs" line="94" column="67" bodyfile="obj/Debug/net5.0/Razor/Views/Shared/_ValidationScriptsPartial.cshtml.g.cs" bodystart="94" bodyend="94"/>
      </memberdef>
      <memberdef kind="property" id="de/d17/classAspNetCore_1_1Views__Shared____ValidationScriptsPartial_1a0a9241c45ac11aaca239b65302d74349" prot="public" static="no" readable="no" writable="no" gettable="yes" privategettable="no" protectedgettable="no" settable="no" privatesettable="yes" protectedsettable="no">
        <type>global::Microsoft.AspNetCore.Mvc.Rendering.IJsonHelper</type>
        <definition>global::Microsoft.AspNetCore.Mvc.Rendering.IJsonHelper AspNetCore.Views_Shared__ValidationScriptsPartial.Json</definition>
        <argsstring></argsstring>
        <name>Json</name>
        <qualifiedname>AspNetCore.Views_Shared__ValidationScriptsPartial.Json</qualifiedname>
        <briefdescription>
        </briefdescription>
        <detaileddescription>
        </detaileddescription>
        <inbodydescription>
        </inbodydescription>
        <location file="obj/Debug/net5.0/Razor/Views/Shared/_ValidationScriptsPartial.cshtml.g.cs" line="96" column="67" bodyfile="obj/Debug/net5.0/Razor/Views/Shared/_ValidationScriptsPartial.cshtml.g.cs" bodystart="96" bodyend="96"/>
      </memberdef>
      <memberdef kind="property" id="de/d17/classAspNetCore_1_1Views__Shared____ValidationScriptsPartial_1ac3e986c2c47b589e598c7b0b7a78ccc6" prot="public" static="no" readable="no" writable="no" gettable="yes" privategettable="no" protectedgettable="no" settable="no" privatesettable="yes" protectedsettable="no">
        <type>global::Microsoft.AspNetCore.Mvc.Rendering.IHtmlHelper&lt; dynamic &gt;</type>
        <definition>global::Microsoft.AspNetCore.Mvc.Rendering.IHtmlHelper&lt;dynamic&gt; AspNetCore.Views_Shared__ValidationScriptsPartial.Html</definition>
        <argsstring></argsstring>
        <name>Html</name>
        <qualifiedname>AspNetCore.Views_Shared__ValidationScriptsPartial.Html</qualifiedname>
        <briefdescription>
        </briefdescription>
        <detaileddescription>
        </detaileddescription>
        <inbodydescription>
        </inbodydescription>
        <location file="obj/Debug/net5.0/Razor/Views/Shared/_ValidationScriptsPartial.cshtml.g.cs" line="98" column="67" bodyfile="obj/Debug/net5.0/Razor/Views/Shared/_ValidationScriptsPartial.cshtml.g.cs" bodystart="98" bodyend="98"/>
      </memberdef>
    </sectiondef>
    <sectiondef kind="public-func">
      <memberdef kind="function" id="de/d17/classAspNetCore_1_1Views__Shared____ValidationScriptsPartial_1aca45bee43cd2ddef240d2b1f1f2385c9" prot="public" static="no" const="no" explicit="no" inline="yes" virt="non-virtual">
        <type>async override global::System.Threading.Tasks.Task</type>
        <definition>async override global::System.Threading.Tasks.Task AspNetCore.Views_Shared__ValidationScriptsPartial.ExecuteAsync</definition>
        <argsstring>()</argsstring>
        <name>ExecuteAsync</name>
        <qualifiedname>AspNetCore.Views_Shared__ValidationScriptsPartial.ExecuteAsync</qualifiedname>
        <briefdescription>
        </briefdescription>
        <detaileddescription>
        </detaileddescription>
        <inbodydescription>
        </inbodydescription>
        <location file="obj/Debug/net5.0/Razor/Views/Shared/_ValidationScriptsPartial.cshtml.g.cs" line="57" column="64" bodyfile="obj/Debug/net5.0/Razor/Views/Shared/_ValidationScriptsPartial.cshtml.g.cs" bodystart="57" bodyend="87"/>
      </memberdef>
    </sectiondef>
    <briefdescription>
    </briefdescription>
    <detaileddescription>
    </detaileddescription>
    <inheritancegraph>
      <node id="1">
        <label>AspNetCore.Views_Shared__ValidationScriptsPartial</label>
        <link refid="de/d17/classAspNetCore_1_1Views__Shared____ValidationScriptsPartial"/>
        <childnode refid="2" relation="public-inheritance">
        </childnode>
      </node>
      <node id="2">
        <label>global::MicrosoftAspNetCore::Mvc::Razor::RazorPage&lt; dynamic &gt;</label>
      </node>
    </inheritancegraph>
    <collaborationgraph>
      <node id="1">
        <label>AspNetCore.Views_Shared__ValidationScriptsPartial</label>
        <link refid="de/d17/classAspNetCore_1_1Views__Shared____ValidationScriptsPartial"/>
        <childnode refid="2" relation="public-inheritance">
        </childnode>
      </node>
      <node id="2">
        <label>global::MicrosoftAspNetCore::Mvc::Razor::RazorPage&lt; dynamic &gt;</label>
      </node>
    </collaborationgraph>
    <location file="obj/Debug/net5.0/Razor/Views/Shared/_ValidationScriptsPartial.cshtml.g.cs" line="31" column="11" bodyfile="obj/Debug/net5.0/Razor/Views/Shared/_ValidationScriptsPartial.cshtml.g.cs" bodystart="32" bodyend="99"/>
    <listofallmembers>
      <member refid="de/d17/classAspNetCore_1_1Views__Shared____ValidationScriptsPartial_1ac8db73e2ba52054d1e977e7fdc43a8d0" prot="private" virt="non-virtual"><scope>AspNetCore::Views_Shared__ValidationScriptsPartial</scope><name>__backed__tagHelperScopeManager</name></member>
      <member refid="de/d17/classAspNetCore_1_1Views__Shared____ValidationScriptsPartial_1ac37ba917dfdc3c3eaea261f73e8d0bb8" prot="private" virt="non-virtual"><scope>AspNetCore::Views_Shared__ValidationScriptsPartial</scope><name>__Microsoft_AspNetCore_Mvc_Razor_TagHelpers_UrlResolutionTagHelper</name></member>
      <member refid="de/d17/classAspNetCore_1_1Views__Shared____ValidationScriptsPartial_1a30dba59457e9300d3bc8339dfeaf392f" prot="private" virt="non-virtual"><scope>AspNetCore::Views_Shared__ValidationScriptsPartial</scope><name>__tagHelperAttribute_0</name></member>
      <member refid="de/d17/classAspNetCore_1_1Views__Shared____ValidationScriptsPartial_1a01cf24d9ae875ef7a3cc85262197ae7e" prot="private" virt="non-virtual"><scope>AspNetCore::Views_Shared__ValidationScriptsPartial</scope><name>__tagHelperAttribute_1</name></member>
      <member refid="de/d17/classAspNetCore_1_1Views__Shared____ValidationScriptsPartial_1a573a307dc0cdc4707036d9a1bb5186df" prot="private" virt="non-virtual"><scope>AspNetCore::Views_Shared__ValidationScriptsPartial</scope><name>__tagHelperExecutionContext</name></member>
      <member refid="de/d17/classAspNetCore_1_1Views__Shared____ValidationScriptsPartial_1a98ba4fe71297153253a0843b9f8dfa30" prot="private" virt="non-virtual"><scope>AspNetCore::Views_Shared__ValidationScriptsPartial</scope><name>__tagHelperRunner</name></member>
      <member refid="de/d17/classAspNetCore_1_1Views__Shared____ValidationScriptsPartial_1ac640314b5ece901be19c41d7cf7116a9" prot="private" virt="non-virtual"><scope>AspNetCore::Views_Shared__ValidationScriptsPartial</scope><name>__tagHelperScopeManager</name></member>
      <member refid="de/d17/classAspNetCore_1_1Views__Shared____ValidationScriptsPartial_1abd6360687f5f874d9b7ee52b460270f8" prot="private" virt="non-virtual"><scope>AspNetCore::Views_Shared__ValidationScriptsPartial</scope><name>__tagHelperStringValueBuffer</name></member>
      <member refid="de/d17/classAspNetCore_1_1Views__Shared____ValidationScriptsPartial_1a2eecdf72cc8131f34209354546b62bf7" prot="public" virt="non-virtual"><scope>AspNetCore::Views_Shared__ValidationScriptsPartial</scope><name>Component</name></member>
      <member refid="de/d17/classAspNetCore_1_1Views__Shared____ValidationScriptsPartial_1aca45bee43cd2ddef240d2b1f1f2385c9" prot="public" virt="non-virtual"><scope>AspNetCore::Views_Shared__ValidationScriptsPartial</scope><name>ExecuteAsync</name></member>
      <member refid="de/d17/classAspNetCore_1_1Views__Shared____ValidationScriptsPartial_1ac3e986c2c47b589e598c7b0b7a78ccc6" prot="public" virt="non-virtual"><scope>AspNetCore::Views_Shared__ValidationScriptsPartial</scope><name>Html</name></member>
      <member refid="de/d17/classAspNetCore_1_1Views__Shared____ValidationScriptsPartial_1a0a9241c45ac11aaca239b65302d74349" prot="public" virt="non-virtual"><scope>AspNetCore::Views_Shared__ValidationScriptsPartial</scope><name>Json</name></member>
      <member refid="de/d17/classAspNetCore_1_1Views__Shared____ValidationScriptsPartial_1aa202649b0aff57509d9652ddbf98b677" prot="public" virt="non-virtual"><scope>AspNetCore::Views_Shared__ValidationScriptsPartial</scope><name>ModelExpressionProvider</name></member>
      <member refid="de/d17/classAspNetCore_1_1Views__Shared____ValidationScriptsPartial_1a69eafabffc0edbd39b0d850222b941a2" prot="public" virt="non-virtual"><scope>AspNetCore::Views_Shared__ValidationScriptsPartial</scope><name>Url</name></member>
    </listofallmembers>
  </compounddef>
</doxygen>
