<?xml version='1.0' encoding='UTF-8' standalone='no'?>
<doxygen xmlns:xsi="http://www.w3.org/2001/XMLSchema-instance" xsi:noNamespaceSchemaLocation="compound.xsd" version="1.10.0" xml:lang="en-US">
  <compounddef id="df/dc3/classprojektowaniaOprogramowania_1_1ViewModels_1_1MaturaModel" kind="class" language="C#" prot="public">
    <compoundname>projektowaniaOprogramowania::ViewModels::MaturaModel</compoundname>
    <sectiondef kind="property">
      <memberdef kind="property" id="df/dc3/classprojektowaniaOprogramowania_1_1ViewModels_1_1MaturaModel_1acb21c55e5bc0aea1348a8988bf6b8289" prot="public" static="no" readable="no" writable="no" gettable="yes" privategettable="no" protectedgettable="no" settable="yes" privatesettable="no" protectedsettable="no">
        <type>long</type>
        <definition>long projektowaniaOprogramowania.ViewModels.MaturaModel.Id</definition>
        <argsstring></argsstring>
        <name>Id</name>
        <qualifiedname>projektowaniaOprogramowania.ViewModels.MaturaModel.Id</qualifiedname>
        <briefdescription>
        </briefdescription>
        <detaileddescription>
        </detaileddescription>
        <inbodydescription>
        </inbodydescription>
        <location file="Models/Other/MaturaModel.cs" line="12" column="21" bodyfile="Models/Other/MaturaModel.cs" bodystart="12" bodyend="12"/>
      </memberdef>
      <memberdef kind="property" id="df/dc3/classprojektowaniaOprogramowania_1_1ViewModels_1_1MaturaModel_1a1422e2b0522e73979abfba0ab6359999" prot="public" static="no" readable="no" writable="no" gettable="yes" privategettable="no" protectedgettable="no" settable="yes" privatesettable="no" protectedsettable="no">
        <type>DateTime</type>
        <definition>DateTime projektowaniaOprogramowania.ViewModels.MaturaModel.DataPrzystapieniaDoMatury</definition>
        <argsstring></argsstring>
        <name>DataPrzystapieniaDoMatury</name>
        <qualifiedname>projektowaniaOprogramowania.ViewModels.MaturaModel.DataPrzystapieniaDoMatury</qualifiedname>
        <briefdescription>
        </briefdescription>
        <detaileddescription>
        </detaileddescription>
        <inbodydescription>
        </inbodydescription>
        <location file="Models/Other/MaturaModel.cs" line="15" column="25" bodyfile="Models/Other/MaturaModel.cs" bodystart="15" bodyend="15"/>
      </memberdef>
      <memberdef kind="property" id="df/dc3/classprojektowaniaOprogramowania_1_1ViewModels_1_1MaturaModel_1a1bc50c88a26b37abe6a5543b81eb7370" prot="public" static="no" readable="no" writable="no" gettable="yes" privategettable="no" protectedgettable="no" settable="yes" privatesettable="no" protectedsettable="no">
        <type>long</type>
        <definition>long projektowaniaOprogramowania.ViewModels.MaturaModel.FkIdPodanieNaIStopien</definition>
        <argsstring></argsstring>
        <name>FkIdPodanieNaIStopien</name>
        <qualifiedname>projektowaniaOprogramowania.ViewModels.MaturaModel.FkIdPodanieNaIStopien</qualifiedname>
        <briefdescription>
        </briefdescription>
        <detaileddescription>
        </detaileddescription>
        <inbodydescription>
        </inbodydescription>
        <location file="Models/Other/MaturaModel.cs" line="18" column="13" bodyfile="Models/Other/MaturaModel.cs" bodystart="18" bodyend="18"/>
      </memberdef>
      <memberdef kind="property" id="df/dc3/classprojektowaniaOprogramowania_1_1ViewModels_1_1MaturaModel_1a11df05ab5f212e68e57e3624359bf19e" prot="public" static="no" readable="no" writable="no" gettable="yes" privategettable="no" protectedgettable="no" settable="yes" privatesettable="no" protectedsettable="no">
        <type><ref refid="d8/d22/classprojektowaniaOprogramowania_1_1ViewModels_1_1PodanieNaStudiaIStopniaModel" kindref="compound">PodanieNaStudiaIStopniaModel</ref></type>
        <definition>PodanieNaStudiaIStopniaModel projektowaniaOprogramowania.ViewModels.MaturaModel.PodanieNaIStopien</definition>
        <argsstring></argsstring>
        <name>PodanieNaIStopien</name>
        <qualifiedname>projektowaniaOprogramowania.ViewModels.MaturaModel.PodanieNaIStopien</qualifiedname>
        <briefdescription>
        </briefdescription>
        <detaileddescription>
        </detaileddescription>
        <inbodydescription>
        </inbodydescription>
        <location file="Models/Other/MaturaModel.cs" line="19" column="37" bodyfile="Models/Other/MaturaModel.cs" bodystart="19" bodyend="19"/>
      </memberdef>
    </sectiondef>
    <briefdescription>
    </briefdescription>
    <detaileddescription>
    </detaileddescription>
    <location file="Models/Other/MaturaModel.cs" line="8" column="11" bodyfile="Models/Other/MaturaModel.cs" bodystart="9" bodyend="20"/>
    <listofallmembers>
      <member refid="df/dc3/classprojektowaniaOprogramowania_1_1ViewModels_1_1MaturaModel_1a1422e2b0522e73979abfba0ab6359999" prot="public" virt="non-virtual"><scope>projektowaniaOprogramowania::ViewModels::MaturaModel</scope><name>DataPrzystapieniaDoMatury</name></member>
      <member refid="df/dc3/classprojektowaniaOprogramowania_1_1ViewModels_1_1MaturaModel_1a1bc50c88a26b37abe6a5543b81eb7370" prot="public" virt="non-virtual"><scope>projektowaniaOprogramowania::ViewModels::MaturaModel</scope><name>FkIdPodanieNaIStopien</name></member>
      <member refid="df/dc3/classprojektowaniaOprogramowania_1_1ViewModels_1_1MaturaModel_1acb21c55e5bc0aea1348a8988bf6b8289" prot="public" virt="non-virtual"><scope>projektowaniaOprogramowania::ViewModels::MaturaModel</scope><name>Id</name></member>
      <member refid="df/dc3/classprojektowaniaOprogramowania_1_1ViewModels_1_1MaturaModel_1a11df05ab5f212e68e57e3624359bf19e" prot="public" virt="non-virtual"><scope>projektowaniaOprogramowania::ViewModels::MaturaModel</scope><name>PodanieNaIStopien</name></member>
    </listofallmembers>
  </compounddef>
</doxygen>
