<?xml version='1.0' encoding='UTF-8' standalone='no'?>
<doxygen xmlns:xsi="http://www.w3.org/2001/XMLSchema-instance" xsi:noNamespaceSchemaLocation="compound.xsd" version="1.10.0" xml:lang="en-US">
  <compounddef id="d2/d12/classAspNetCore_1_1Views__Rekrutacja__Delete" kind="class" language="C#" prot="public">
    <compoundname>AspNetCore::Views_Rekrutacja_Delete</compoundname>
    <basecompoundref prot="public" virt="non-virtual">global::MicrosoftAspNetCore::Mvc::Razor::RazorPage&lt; projektowaniaOprogramowania.ViewModels.RekrutacjaModel &gt;</basecompoundref>
    <sectiondef kind="private-static-attrib">
      <memberdef kind="variable" id="d2/d12/classAspNetCore_1_1Views__Rekrutacja__Delete_1a3f25461471a35de23e69cfbad3a63f0e" prot="private" static="yes" mutable="no">
        <type>readonly global::Microsoft.AspNetCore.Razor.TagHelpers.TagHelperAttribute</type>
        <definition>readonly global::Microsoft.AspNetCore.Razor.TagHelpers.TagHelperAttribute AspNetCore.Views_Rekrutacja_Delete.__tagHelperAttribute_0</definition>
        <argsstring></argsstring>
        <name>__tagHelperAttribute_0</name>
        <qualifiedname>AspNetCore.Views_Rekrutacja_Delete.__tagHelperAttribute_0</qualifiedname>
        <initializer>= new global::Microsoft.AspNetCore.Razor.TagHelpers.TagHelperAttribute(&quot;type&quot;, &quot;hidden&quot;, global::Microsoft.AspNetCore.Razor.TagHelpers.HtmlAttributeValueStyle.DoubleQuotes)</initializer>
        <briefdescription>
        </briefdescription>
        <detaileddescription>
        </detaileddescription>
        <inbodydescription>
        </inbodydescription>
        <location file="obj/Debug/net5.0/Razor/Views/Rekrutacja/Delete.cshtml.g.cs" line="33" column="94" bodyfile="obj/Debug/net5.0/Razor/Views/Rekrutacja/Delete.cshtml.g.cs" bodystart="33" bodyend="-1"/>
      </memberdef>
      <memberdef kind="variable" id="d2/d12/classAspNetCore_1_1Views__Rekrutacja__Delete_1a809c8395b0c32bdb57257d7e6581d24d" prot="private" static="yes" mutable="no">
        <type>readonly global::Microsoft.AspNetCore.Razor.TagHelpers.TagHelperAttribute</type>
        <definition>readonly global::Microsoft.AspNetCore.Razor.TagHelpers.TagHelperAttribute AspNetCore.Views_Rekrutacja_Delete.__tagHelperAttribute_1</definition>
        <argsstring></argsstring>
        <name>__tagHelperAttribute_1</name>
        <qualifiedname>AspNetCore.Views_Rekrutacja_Delete.__tagHelperAttribute_1</qualifiedname>
        <initializer>= new global::Microsoft.AspNetCore.Razor.TagHelpers.TagHelperAttribute(&quot;asp-action&quot;, &quot;Index&quot;, global::Microsoft.AspNetCore.Razor.TagHelpers.HtmlAttributeValueStyle.DoubleQuotes)</initializer>
        <briefdescription>
        </briefdescription>
        <detaileddescription>
        </detaileddescription>
        <inbodydescription>
        </inbodydescription>
        <location file="obj/Debug/net5.0/Razor/Views/Rekrutacja/Delete.cshtml.g.cs" line="34" column="94" bodyfile="obj/Debug/net5.0/Razor/Views/Rekrutacja/Delete.cshtml.g.cs" bodystart="34" bodyend="-1"/>
      </memberdef>
      <memberdef kind="variable" id="d2/d12/classAspNetCore_1_1Views__Rekrutacja__Delete_1aedf4907577e249c3b4e94cfd6d170c39" prot="private" static="yes" mutable="no">
        <type>readonly global::Microsoft.AspNetCore.Razor.TagHelpers.TagHelperAttribute</type>
        <definition>readonly global::Microsoft.AspNetCore.Razor.TagHelpers.TagHelperAttribute AspNetCore.Views_Rekrutacja_Delete.__tagHelperAttribute_2</definition>
        <argsstring></argsstring>
        <name>__tagHelperAttribute_2</name>
        <qualifiedname>AspNetCore.Views_Rekrutacja_Delete.__tagHelperAttribute_2</qualifiedname>
        <initializer>= new global::Microsoft.AspNetCore.Razor.TagHelpers.TagHelperAttribute(&quot;asp-action&quot;, &quot;Delete&quot;, global::Microsoft.AspNetCore.Razor.TagHelpers.HtmlAttributeValueStyle.DoubleQuotes)</initializer>
        <briefdescription>
        </briefdescription>
        <detaileddescription>
        </detaileddescription>
        <inbodydescription>
        </inbodydescription>
        <location file="obj/Debug/net5.0/Razor/Views/Rekrutacja/Delete.cshtml.g.cs" line="35" column="94" bodyfile="obj/Debug/net5.0/Razor/Views/Rekrutacja/Delete.cshtml.g.cs" bodystart="35" bodyend="-1"/>
      </memberdef>
    </sectiondef>
    <sectiondef kind="private-attrib">
      <memberdef kind="variable" id="d2/d12/classAspNetCore_1_1Views__Rekrutacja__Delete_1a1690551daa7b87627538936471993a83" prot="private" static="no" mutable="no">
        <type>global::Microsoft.AspNetCore.Razor.Runtime.TagHelpers.TagHelperExecutionContext</type>
        <definition>global::Microsoft.AspNetCore.Razor.Runtime.TagHelpers.TagHelperExecutionContext AspNetCore.Views_Rekrutacja_Delete.__tagHelperExecutionContext</definition>
        <argsstring></argsstring>
        <name>__tagHelperExecutionContext</name>
        <qualifiedname>AspNetCore.Views_Rekrutacja_Delete.__tagHelperExecutionContext</qualifiedname>
        <briefdescription>
        </briefdescription>
        <detaileddescription>
        </detaileddescription>
        <inbodydescription>
        </inbodydescription>
        <location file="obj/Debug/net5.0/Razor/Views/Rekrutacja/Delete.cshtml.g.cs" line="38" column="92" bodyfile="obj/Debug/net5.0/Razor/Views/Rekrutacja/Delete.cshtml.g.cs" bodystart="38" bodyend="-1"/>
      </memberdef>
      <memberdef kind="variable" id="d2/d12/classAspNetCore_1_1Views__Rekrutacja__Delete_1ad8662e9610d270325e8f6213d0e657b9" prot="private" static="no" mutable="no">
        <type>global::Microsoft.AspNetCore.Razor.Runtime.TagHelpers.TagHelperRunner</type>
        <definition>global::Microsoft.AspNetCore.Razor.Runtime.TagHelpers.TagHelperRunner AspNetCore.Views_Rekrutacja_Delete.__tagHelperRunner</definition>
        <argsstring></argsstring>
        <name>__tagHelperRunner</name>
        <qualifiedname>AspNetCore.Views_Rekrutacja_Delete.__tagHelperRunner</qualifiedname>
        <initializer>= new global::Microsoft.AspNetCore.Razor.Runtime.TagHelpers.TagHelperRunner()</initializer>
        <briefdescription>
        </briefdescription>
        <detaileddescription>
        </detaileddescription>
        <inbodydescription>
        </inbodydescription>
        <location file="obj/Debug/net5.0/Razor/Views/Rekrutacja/Delete.cshtml.g.cs" line="40" column="82" bodyfile="obj/Debug/net5.0/Razor/Views/Rekrutacja/Delete.cshtml.g.cs" bodystart="40" bodyend="-1"/>
      </memberdef>
      <memberdef kind="variable" id="d2/d12/classAspNetCore_1_1Views__Rekrutacja__Delete_1a0bd5d06cd3d2258ee4dcd38b40d96d27" prot="private" static="no" mutable="no">
        <type>string</type>
        <definition>string AspNetCore.Views_Rekrutacja_Delete.__tagHelperStringValueBuffer</definition>
        <argsstring></argsstring>
        <name>__tagHelperStringValueBuffer</name>
        <qualifiedname>AspNetCore.Views_Rekrutacja_Delete.__tagHelperStringValueBuffer</qualifiedname>
        <briefdescription>
        </briefdescription>
        <detaileddescription>
        </detaileddescription>
        <inbodydescription>
        </inbodydescription>
        <location file="obj/Debug/net5.0/Razor/Views/Rekrutacja/Delete.cshtml.g.cs" line="42" column="24" bodyfile="obj/Debug/net5.0/Razor/Views/Rekrutacja/Delete.cshtml.g.cs" bodystart="42" bodyend="-1"/>
      </memberdef>
      <memberdef kind="variable" id="d2/d12/classAspNetCore_1_1Views__Rekrutacja__Delete_1adaacb416631e9def1140ac52ec0369c5" prot="private" static="no" mutable="no">
        <type>global::Microsoft.AspNetCore.Razor.Runtime.TagHelpers.TagHelperScopeManager</type>
        <definition>global::Microsoft.AspNetCore.Razor.Runtime.TagHelpers.TagHelperScopeManager AspNetCore.Views_Rekrutacja_Delete.__backed__tagHelperScopeManager</definition>
        <argsstring></argsstring>
        <name>__backed__tagHelperScopeManager</name>
        <qualifiedname>AspNetCore.Views_Rekrutacja_Delete.__backed__tagHelperScopeManager</qualifiedname>
        <initializer>= null</initializer>
        <briefdescription>
        </briefdescription>
        <detaileddescription>
        </detaileddescription>
        <inbodydescription>
        </inbodydescription>
        <location file="obj/Debug/net5.0/Razor/Views/Rekrutacja/Delete.cshtml.g.cs" line="44" column="88" bodyfile="obj/Debug/net5.0/Razor/Views/Rekrutacja/Delete.cshtml.g.cs" bodystart="44" bodyend="-1"/>
      </memberdef>
      <memberdef kind="variable" id="d2/d12/classAspNetCore_1_1Views__Rekrutacja__Delete_1a682f065e710b64bfb56a84f7709fa207" prot="private" static="no" mutable="no">
        <type>global::Microsoft.AspNetCore.Mvc.TagHelpers.FormTagHelper</type>
        <definition>global::Microsoft.AspNetCore.Mvc.TagHelpers.FormTagHelper AspNetCore.Views_Rekrutacja_Delete.__Microsoft_AspNetCore_Mvc_TagHelpers_FormTagHelper</definition>
        <argsstring></argsstring>
        <name>__Microsoft_AspNetCore_Mvc_TagHelpers_FormTagHelper</name>
        <qualifiedname>AspNetCore.Views_Rekrutacja_Delete.__Microsoft_AspNetCore_Mvc_TagHelpers_FormTagHelper</qualifiedname>
        <briefdescription>
        </briefdescription>
        <detaileddescription>
        </detaileddescription>
        <inbodydescription>
        </inbodydescription>
        <location file="obj/Debug/net5.0/Razor/Views/Rekrutacja/Delete.cshtml.g.cs" line="56" column="71" bodyfile="obj/Debug/net5.0/Razor/Views/Rekrutacja/Delete.cshtml.g.cs" bodystart="56" bodyend="-1"/>
      </memberdef>
      <memberdef kind="variable" id="d2/d12/classAspNetCore_1_1Views__Rekrutacja__Delete_1a002338b39110edda4362d428607dea14" prot="private" static="no" mutable="no">
        <type>global::Microsoft.AspNetCore.Mvc.TagHelpers.RenderAtEndOfFormTagHelper</type>
        <definition>global::Microsoft.AspNetCore.Mvc.TagHelpers.RenderAtEndOfFormTagHelper AspNetCore.Views_Rekrutacja_Delete.__Microsoft_AspNetCore_Mvc_TagHelpers_RenderAtEndOfFormTagHelper</definition>
        <argsstring></argsstring>
        <name>__Microsoft_AspNetCore_Mvc_TagHelpers_RenderAtEndOfFormTagHelper</name>
        <qualifiedname>AspNetCore.Views_Rekrutacja_Delete.__Microsoft_AspNetCore_Mvc_TagHelpers_RenderAtEndOfFormTagHelper</qualifiedname>
        <briefdescription>
        </briefdescription>
        <detaileddescription>
        </detaileddescription>
        <inbodydescription>
        </inbodydescription>
        <location file="obj/Debug/net5.0/Razor/Views/Rekrutacja/Delete.cshtml.g.cs" line="57" column="84" bodyfile="obj/Debug/net5.0/Razor/Views/Rekrutacja/Delete.cshtml.g.cs" bodystart="57" bodyend="-1"/>
      </memberdef>
      <memberdef kind="variable" id="d2/d12/classAspNetCore_1_1Views__Rekrutacja__Delete_1a6d5ee7ba5f7b513d5c6b73d45df680c6" prot="private" static="no" mutable="no">
        <type>global::Microsoft.AspNetCore.Mvc.TagHelpers.InputTagHelper</type>
        <definition>global::Microsoft.AspNetCore.Mvc.TagHelpers.InputTagHelper AspNetCore.Views_Rekrutacja_Delete.__Microsoft_AspNetCore_Mvc_TagHelpers_InputTagHelper</definition>
        <argsstring></argsstring>
        <name>__Microsoft_AspNetCore_Mvc_TagHelpers_InputTagHelper</name>
        <qualifiedname>AspNetCore.Views_Rekrutacja_Delete.__Microsoft_AspNetCore_Mvc_TagHelpers_InputTagHelper</qualifiedname>
        <briefdescription>
        </briefdescription>
        <detaileddescription>
        </detaileddescription>
        <inbodydescription>
        </inbodydescription>
        <location file="obj/Debug/net5.0/Razor/Views/Rekrutacja/Delete.cshtml.g.cs" line="58" column="72" bodyfile="obj/Debug/net5.0/Razor/Views/Rekrutacja/Delete.cshtml.g.cs" bodystart="58" bodyend="-1"/>
      </memberdef>
      <memberdef kind="variable" id="d2/d12/classAspNetCore_1_1Views__Rekrutacja__Delete_1a7f8e2e7116de476e42d2806ba7fb2da6" prot="private" static="no" mutable="no">
        <type>global::Microsoft.AspNetCore.Mvc.TagHelpers.AnchorTagHelper</type>
        <definition>global::Microsoft.AspNetCore.Mvc.TagHelpers.AnchorTagHelper AspNetCore.Views_Rekrutacja_Delete.__Microsoft_AspNetCore_Mvc_TagHelpers_AnchorTagHelper</definition>
        <argsstring></argsstring>
        <name>__Microsoft_AspNetCore_Mvc_TagHelpers_AnchorTagHelper</name>
        <qualifiedname>AspNetCore.Views_Rekrutacja_Delete.__Microsoft_AspNetCore_Mvc_TagHelpers_AnchorTagHelper</qualifiedname>
        <briefdescription>
        </briefdescription>
        <detaileddescription>
        </detaileddescription>
        <inbodydescription>
        </inbodydescription>
        <location file="obj/Debug/net5.0/Razor/Views/Rekrutacja/Delete.cshtml.g.cs" line="59" column="73" bodyfile="obj/Debug/net5.0/Razor/Views/Rekrutacja/Delete.cshtml.g.cs" bodystart="59" bodyend="-1"/>
      </memberdef>
    </sectiondef>
    <sectiondef kind="property">
      <memberdef kind="property" id="d2/d12/classAspNetCore_1_1Views__Rekrutacja__Delete_1a70e8d9fbdd256942e465d45f0126cbc0" prot="private" static="no" readable="no" writable="no" gettable="yes" privategettable="no" protectedgettable="no" settable="no" privatesettable="no" protectedsettable="no">
        <type>global::Microsoft.AspNetCore.Razor.Runtime.TagHelpers.TagHelperScopeManager</type>
        <definition>global::Microsoft.AspNetCore.Razor.Runtime.TagHelpers.TagHelperScopeManager AspNetCore.Views_Rekrutacja_Delete.__tagHelperScopeManager</definition>
        <argsstring></argsstring>
        <name>__tagHelperScopeManager</name>
        <qualifiedname>AspNetCore.Views_Rekrutacja_Delete.__tagHelperScopeManager</qualifiedname>
        <briefdescription>
        </briefdescription>
        <detaileddescription>
        </detaileddescription>
        <inbodydescription>
        </inbodydescription>
        <location file="obj/Debug/net5.0/Razor/Views/Rekrutacja/Delete.cshtml.g.cs" line="45" column="88" bodyfile="obj/Debug/net5.0/Razor/Views/Rekrutacja/Delete.cshtml.g.cs" bodystart="46" bodyend="55"/>
      </memberdef>
      <memberdef kind="property" id="d2/d12/classAspNetCore_1_1Views__Rekrutacja__Delete_1af70ad3cd8f674e980fa1428fbff65ecc" prot="public" static="no" readable="no" writable="no" gettable="yes" privategettable="no" protectedgettable="no" settable="no" privatesettable="yes" protectedsettable="no">
        <type>global::Microsoft.AspNetCore.Mvc.ViewFeatures.IModelExpressionProvider</type>
        <definition>global::Microsoft.AspNetCore.Mvc.ViewFeatures.IModelExpressionProvider AspNetCore.Views_Rekrutacja_Delete.ModelExpressionProvider</definition>
        <argsstring></argsstring>
        <name>ModelExpressionProvider</name>
        <qualifiedname>AspNetCore.Views_Rekrutacja_Delete.ModelExpressionProvider</qualifiedname>
        <briefdescription>
        </briefdescription>
        <detaileddescription>
        </detaileddescription>
        <inbodydescription>
        </inbodydescription>
        <location file="obj/Debug/net5.0/Razor/Views/Rekrutacja/Delete.cshtml.g.cs" line="230" column="83" bodyfile="obj/Debug/net5.0/Razor/Views/Rekrutacja/Delete.cshtml.g.cs" bodystart="230" bodyend="230"/>
      </memberdef>
      <memberdef kind="property" id="d2/d12/classAspNetCore_1_1Views__Rekrutacja__Delete_1a3cc3ab5680f5b3ba97c281a6699b01f1" prot="public" static="no" readable="no" writable="no" gettable="yes" privategettable="no" protectedgettable="no" settable="no" privatesettable="yes" protectedsettable="no">
        <type>global::Microsoft.AspNetCore.Mvc.IUrlHelper</type>
        <definition>global::Microsoft.AspNetCore.Mvc.IUrlHelper AspNetCore.Views_Rekrutacja_Delete.Url</definition>
        <argsstring></argsstring>
        <name>Url</name>
        <qualifiedname>AspNetCore.Views_Rekrutacja_Delete.Url</qualifiedname>
        <briefdescription>
        </briefdescription>
        <detaileddescription>
        </detaileddescription>
        <inbodydescription>
        </inbodydescription>
        <location file="obj/Debug/net5.0/Razor/Views/Rekrutacja/Delete.cshtml.g.cs" line="232" column="57" bodyfile="obj/Debug/net5.0/Razor/Views/Rekrutacja/Delete.cshtml.g.cs" bodystart="232" bodyend="232"/>
      </memberdef>
      <memberdef kind="property" id="d2/d12/classAspNetCore_1_1Views__Rekrutacja__Delete_1a5f7805ba006a6643cdb46d5f959fb05f" prot="public" static="no" readable="no" writable="no" gettable="yes" privategettable="no" protectedgettable="no" settable="no" privatesettable="yes" protectedsettable="no">
        <type>global::Microsoft.AspNetCore.Mvc.IViewComponentHelper</type>
        <definition>global::Microsoft.AspNetCore.Mvc.IViewComponentHelper AspNetCore.Views_Rekrutacja_Delete.Component</definition>
        <argsstring></argsstring>
        <name>Component</name>
        <qualifiedname>AspNetCore.Views_Rekrutacja_Delete.Component</qualifiedname>
        <briefdescription>
        </briefdescription>
        <detaileddescription>
        </detaileddescription>
        <inbodydescription>
        </inbodydescription>
        <location file="obj/Debug/net5.0/Razor/Views/Rekrutacja/Delete.cshtml.g.cs" line="234" column="67" bodyfile="obj/Debug/net5.0/Razor/Views/Rekrutacja/Delete.cshtml.g.cs" bodystart="234" bodyend="234"/>
      </memberdef>
      <memberdef kind="property" id="d2/d12/classAspNetCore_1_1Views__Rekrutacja__Delete_1a7f35b6eb6330f0d682efae34ecc4474a" prot="public" static="no" readable="no" writable="no" gettable="yes" privategettable="no" protectedgettable="no" settable="no" privatesettable="yes" protectedsettable="no">
        <type>global::Microsoft.AspNetCore.Mvc.Rendering.IJsonHelper</type>
        <definition>global::Microsoft.AspNetCore.Mvc.Rendering.IJsonHelper AspNetCore.Views_Rekrutacja_Delete.Json</definition>
        <argsstring></argsstring>
        <name>Json</name>
        <qualifiedname>AspNetCore.Views_Rekrutacja_Delete.Json</qualifiedname>
        <briefdescription>
        </briefdescription>
        <detaileddescription>
        </detaileddescription>
        <inbodydescription>
        </inbodydescription>
        <location file="obj/Debug/net5.0/Razor/Views/Rekrutacja/Delete.cshtml.g.cs" line="236" column="67" bodyfile="obj/Debug/net5.0/Razor/Views/Rekrutacja/Delete.cshtml.g.cs" bodystart="236" bodyend="236"/>
      </memberdef>
      <memberdef kind="property" id="d2/d12/classAspNetCore_1_1Views__Rekrutacja__Delete_1a15785b6af215f3ae71dca5f43e3a03d4" prot="public" static="no" readable="no" writable="no" gettable="yes" privategettable="no" protectedgettable="no" settable="no" privatesettable="yes" protectedsettable="no">
        <type>global::Microsoft.AspNetCore.Mvc.Rendering.IHtmlHelper&lt; <ref refid="db/de7/classprojektowaniaOprogramowania_1_1ViewModels_1_1RekrutacjaModel" kindref="compound">projektowaniaOprogramowania.ViewModels.RekrutacjaModel</ref> &gt;</type>
        <definition>global::Microsoft.AspNetCore.Mvc.Rendering.IHtmlHelper&lt;projektowaniaOprogramowania.ViewModels.RekrutacjaModel&gt; AspNetCore.Views_Rekrutacja_Delete.Html</definition>
        <argsstring></argsstring>
        <name>Html</name>
        <qualifiedname>AspNetCore.Views_Rekrutacja_Delete.Html</qualifiedname>
        <briefdescription>
        </briefdescription>
        <detaileddescription>
        </detaileddescription>
        <inbodydescription>
        </inbodydescription>
        <location file="obj/Debug/net5.0/Razor/Views/Rekrutacja/Delete.cshtml.g.cs" line="238" column="67" bodyfile="obj/Debug/net5.0/Razor/Views/Rekrutacja/Delete.cshtml.g.cs" bodystart="238" bodyend="238"/>
      </memberdef>
    </sectiondef>
    <sectiondef kind="public-func">
      <memberdef kind="function" id="d2/d12/classAspNetCore_1_1Views__Rekrutacja__Delete_1ae9842544736f36396ec4af55a424c0e5" prot="public" static="no" const="no" explicit="no" inline="yes" virt="non-virtual">
        <type>async override global::System.Threading.Tasks.Task</type>
        <definition>async override global::System.Threading.Tasks.Task AspNetCore.Views_Rekrutacja_Delete.ExecuteAsync</definition>
        <argsstring>()</argsstring>
        <name>ExecuteAsync</name>
        <qualifiedname>AspNetCore.Views_Rekrutacja_Delete.ExecuteAsync</qualifiedname>
        <briefdescription>
        </briefdescription>
        <detaileddescription>
        </detaileddescription>
        <inbodydescription>
        </inbodydescription>
        <location file="obj/Debug/net5.0/Razor/Views/Rekrutacja/Delete.cshtml.g.cs" line="61" column="64" bodyfile="obj/Debug/net5.0/Razor/Views/Rekrutacja/Delete.cshtml.g.cs" bodystart="61" bodyend="227"/>
      </memberdef>
    </sectiondef>
    <briefdescription>
    </briefdescription>
    <detaileddescription>
    </detaileddescription>
    <inheritancegraph>
      <node id="1">
        <label>AspNetCore.Views_Rekrutacja_Delete</label>
        <link refid="d2/d12/classAspNetCore_1_1Views__Rekrutacja__Delete"/>
        <childnode refid="2" relation="public-inheritance">
        </childnode>
      </node>
      <node id="2">
        <label>global::MicrosoftAspNetCore::Mvc::Razor::RazorPage&lt; projektowaniaOprogramowania.ViewModels.RekrutacjaModel &gt;</label>
      </node>
    </inheritancegraph>
    <collaborationgraph>
      <node id="1">
        <label>AspNetCore.Views_Rekrutacja_Delete</label>
        <link refid="d2/d12/classAspNetCore_1_1Views__Rekrutacja__Delete"/>
        <childnode refid="2" relation="public-inheritance">
        </childnode>
      </node>
      <node id="2">
        <label>global::MicrosoftAspNetCore::Mvc::Razor::RazorPage&lt; projektowaniaOprogramowania.ViewModels.RekrutacjaModel &gt;</label>
      </node>
    </collaborationgraph>
    <location file="obj/Debug/net5.0/Razor/Views/Rekrutacja/Delete.cshtml.g.cs" line="31" column="11" bodyfile="obj/Debug/net5.0/Razor/Views/Rekrutacja/Delete.cshtml.g.cs" bodystart="32" bodyend="239"/>
    <listofallmembers>
      <member refid="d2/d12/classAspNetCore_1_1Views__Rekrutacja__Delete_1adaacb416631e9def1140ac52ec0369c5" prot="private" virt="non-virtual"><scope>AspNetCore::Views_Rekrutacja_Delete</scope><name>__backed__tagHelperScopeManager</name></member>
      <member refid="d2/d12/classAspNetCore_1_1Views__Rekrutacja__Delete_1a7f8e2e7116de476e42d2806ba7fb2da6" prot="private" virt="non-virtual"><scope>AspNetCore::Views_Rekrutacja_Delete</scope><name>__Microsoft_AspNetCore_Mvc_TagHelpers_AnchorTagHelper</name></member>
      <member refid="d2/d12/classAspNetCore_1_1Views__Rekrutacja__Delete_1a682f065e710b64bfb56a84f7709fa207" prot="private" virt="non-virtual"><scope>AspNetCore::Views_Rekrutacja_Delete</scope><name>__Microsoft_AspNetCore_Mvc_TagHelpers_FormTagHelper</name></member>
      <member refid="d2/d12/classAspNetCore_1_1Views__Rekrutacja__Delete_1a6d5ee7ba5f7b513d5c6b73d45df680c6" prot="private" virt="non-virtual"><scope>AspNetCore::Views_Rekrutacja_Delete</scope><name>__Microsoft_AspNetCore_Mvc_TagHelpers_InputTagHelper</name></member>
      <member refid="d2/d12/classAspNetCore_1_1Views__Rekrutacja__Delete_1a002338b39110edda4362d428607dea14" prot="private" virt="non-virtual"><scope>AspNetCore::Views_Rekrutacja_Delete</scope><name>__Microsoft_AspNetCore_Mvc_TagHelpers_RenderAtEndOfFormTagHelper</name></member>
      <member refid="d2/d12/classAspNetCore_1_1Views__Rekrutacja__Delete_1a3f25461471a35de23e69cfbad3a63f0e" prot="private" virt="non-virtual"><scope>AspNetCore::Views_Rekrutacja_Delete</scope><name>__tagHelperAttribute_0</name></member>
      <member refid="d2/d12/classAspNetCore_1_1Views__Rekrutacja__Delete_1a809c8395b0c32bdb57257d7e6581d24d" prot="private" virt="non-virtual"><scope>AspNetCore::Views_Rekrutacja_Delete</scope><name>__tagHelperAttribute_1</name></member>
      <member refid="d2/d12/classAspNetCore_1_1Views__Rekrutacja__Delete_1aedf4907577e249c3b4e94cfd6d170c39" prot="private" virt="non-virtual"><scope>AspNetCore::Views_Rekrutacja_Delete</scope><name>__tagHelperAttribute_2</name></member>
      <member refid="d2/d12/classAspNetCore_1_1Views__Rekrutacja__Delete_1a1690551daa7b87627538936471993a83" prot="private" virt="non-virtual"><scope>AspNetCore::Views_Rekrutacja_Delete</scope><name>__tagHelperExecutionContext</name></member>
      <member refid="d2/d12/classAspNetCore_1_1Views__Rekrutacja__Delete_1ad8662e9610d270325e8f6213d0e657b9" prot="private" virt="non-virtual"><scope>AspNetCore::Views_Rekrutacja_Delete</scope><name>__tagHelperRunner</name></member>
      <member refid="d2/d12/classAspNetCore_1_1Views__Rekrutacja__Delete_1a70e8d9fbdd256942e465d45f0126cbc0" prot="private" virt="non-virtual"><scope>AspNetCore::Views_Rekrutacja_Delete</scope><name>__tagHelperScopeManager</name></member>
      <member refid="d2/d12/classAspNetCore_1_1Views__Rekrutacja__Delete_1a0bd5d06cd3d2258ee4dcd38b40d96d27" prot="private" virt="non-virtual"><scope>AspNetCore::Views_Rekrutacja_Delete</scope><name>__tagHelperStringValueBuffer</name></member>
      <member refid="d2/d12/classAspNetCore_1_1Views__Rekrutacja__Delete_1a5f7805ba006a6643cdb46d5f959fb05f" prot="public" virt="non-virtual"><scope>AspNetCore::Views_Rekrutacja_Delete</scope><name>Component</name></member>
      <member refid="d2/d12/classAspNetCore_1_1Views__Rekrutacja__Delete_1ae9842544736f36396ec4af55a424c0e5" prot="public" virt="non-virtual"><scope>AspNetCore::Views_Rekrutacja_Delete</scope><name>ExecuteAsync</name></member>
      <member refid="d2/d12/classAspNetCore_1_1Views__Rekrutacja__Delete_1a15785b6af215f3ae71dca5f43e3a03d4" prot="public" virt="non-virtual"><scope>AspNetCore::Views_Rekrutacja_Delete</scope><name>Html</name></member>
      <member refid="d2/d12/classAspNetCore_1_1Views__Rekrutacja__Delete_1a7f35b6eb6330f0d682efae34ecc4474a" prot="public" virt="non-virtual"><scope>AspNetCore::Views_Rekrutacja_Delete</scope><name>Json</name></member>
      <member refid="d2/d12/classAspNetCore_1_1Views__Rekrutacja__Delete_1af70ad3cd8f674e980fa1428fbff65ecc" prot="public" virt="non-virtual"><scope>AspNetCore::Views_Rekrutacja_Delete</scope><name>ModelExpressionProvider</name></member>
      <member refid="d2/d12/classAspNetCore_1_1Views__Rekrutacja__Delete_1a3cc3ab5680f5b3ba97c281a6699b01f1" prot="public" virt="non-virtual"><scope>AspNetCore::Views_Rekrutacja_Delete</scope><name>Url</name></member>
    </listofallmembers>
  </compounddef>
</doxygen>
