<?xml version='1.0' encoding='UTF-8' standalone='no'?>
<doxygen xmlns:xsi="http://www.w3.org/2001/XMLSchema-instance" xsi:noNamespaceSchemaLocation="compound.xsd" version="1.10.0" xml:lang="en-US">
  <compounddef id="da/d6f/classprojektowaniaOprogramowania_1_1ViewModels_1_1Users_1_1PracownikModel" kind="class" language="C#" prot="public">
    <compoundname>projektowaniaOprogramowania::ViewModels::Users::PracownikModel</compoundname>
    <basecompoundref refid="d4/dad/classprojektowaniaOprogramowania_1_1ViewModels_1_1Users_1_1OsobaModel" prot="public" virt="non-virtual">projektowaniaOprogramowania.ViewModels.Users.OsobaModel</basecompoundref>
    <derivedcompoundref refid="de/d1b/classprojektowaniaOprogramowania_1_1ViewModels_1_1Users_1_1PracownikDzialuRekrutacjiModel" prot="public" virt="non-virtual">projektowaniaOprogramowania.ViewModels.Users.PracownikDzialuRekrutacjiModel</derivedcompoundref>
    <sectiondef kind="property">
      <memberdef kind="property" id="da/d6f/classprojektowaniaOprogramowania_1_1ViewModels_1_1Users_1_1PracownikModel_1ae5df2d6e8527954d71613575af8cbe6a" prot="public" static="no" readable="no" writable="no" gettable="yes" privategettable="no" protectedgettable="no" settable="yes" privatesettable="no" protectedsettable="no">
        <type>string</type>
        <definition>string projektowaniaOprogramowania.ViewModels.Users.PracownikModel.NumerPracownika</definition>
        <argsstring></argsstring>
        <name>NumerPracownika</name>
        <qualifiedname>projektowaniaOprogramowania.ViewModels.Users.PracownikModel.NumerPracownika</qualifiedname>
        <briefdescription>
        </briefdescription>
        <detaileddescription>
        </detaileddescription>
        <inbodydescription>
        </inbodydescription>
        <location file="Models/Users/PracownikModel.cs" line="12" column="23" bodyfile="Models/Users/PracownikModel.cs" bodystart="12" bodyend="12"/>
      </memberdef>
      <memberdef kind="property" id="da/d6f/classprojektowaniaOprogramowania_1_1ViewModels_1_1Users_1_1PracownikModel_1ac829d4e03d4f9a3b0a711de39eb952f5" prot="public" static="no" readable="no" writable="no" gettable="yes" privategettable="no" protectedgettable="no" settable="yes" privatesettable="no" protectedsettable="no">
        <type>DateTime</type>
        <definition>DateTime projektowaniaOprogramowania.ViewModels.Users.PracownikModel.DataZatrudnienia</definition>
        <argsstring></argsstring>
        <name>DataZatrudnienia</name>
        <qualifiedname>projektowaniaOprogramowania.ViewModels.Users.PracownikModel.DataZatrudnienia</qualifiedname>
        <briefdescription>
        </briefdescription>
        <detaileddescription>
        </detaileddescription>
        <inbodydescription>
        </inbodydescription>
        <location file="Models/Users/PracownikModel.cs" line="15" column="25" bodyfile="Models/Users/PracownikModel.cs" bodystart="15" bodyend="15"/>
      </memberdef>
      <memberdef kind="property" id="da/d6f/classprojektowaniaOprogramowania_1_1ViewModels_1_1Users_1_1PracownikModel_1aef290cdcd3560427290b5149d4989391" prot="public" static="no" readable="no" writable="no" gettable="yes" privategettable="no" protectedgettable="no" settable="yes" privatesettable="no" protectedsettable="no">
        <type>string</type>
        <definition>string projektowaniaOprogramowania.ViewModels.Users.PracownikModel.TypPracownika</definition>
        <argsstring></argsstring>
        <name>TypPracownika</name>
        <qualifiedname>projektowaniaOprogramowania.ViewModels.Users.PracownikModel.TypPracownika</qualifiedname>
        <briefdescription>
        </briefdescription>
        <detaileddescription>
        </detaileddescription>
        <inbodydescription>
        </inbodydescription>
        <location file="Models/Users/PracownikModel.cs" line="19" column="23" bodyfile="Models/Users/PracownikModel.cs" bodystart="19" bodyend="19"/>
      </memberdef>
      <memberdef kind="property" id="d4/dad/classprojektowaniaOprogramowania_1_1ViewModels_1_1Users_1_1OsobaModel_1a9f90610dbe595591ec0b4859d8e7ccd6" prot="public" static="no" readable="no" writable="no" gettable="yes" privategettable="no" protectedgettable="no" settable="yes" privatesettable="no" protectedsettable="no">
        <type>long</type>
        <definition>long projektowaniaOprogramowania.ViewModels.Users.OsobaModel.Id</definition>
        <argsstring></argsstring>
        <name>Id</name>
        <qualifiedname>projektowaniaOprogramowania.ViewModels.Users.OsobaModel.Id</qualifiedname>
        <briefdescription>
        </briefdescription>
        <detaileddescription>
        </detaileddescription>
        <inbodydescription>
        </inbodydescription>
        <location file="Models/Users/OsobaModel.cs" line="12" column="21" bodyfile="Models/Users/OsobaModel.cs" bodystart="12" bodyend="12"/>
      </memberdef>
      <memberdef kind="property" id="d4/dad/classprojektowaniaOprogramowania_1_1ViewModels_1_1Users_1_1OsobaModel_1a6435389489b1f286cea94169e4fa9f2d" prot="public" static="no" readable="no" writable="no" gettable="yes" privategettable="no" protectedgettable="no" settable="yes" privatesettable="no" protectedsettable="no">
        <type>string</type>
        <definition>string projektowaniaOprogramowania.ViewModels.Users.OsobaModel.Login</definition>
        <argsstring></argsstring>
        <name>Login</name>
        <qualifiedname>projektowaniaOprogramowania.ViewModels.Users.OsobaModel.Login</qualifiedname>
        <briefdescription>
        </briefdescription>
        <detaileddescription>
        </detaileddescription>
        <inbodydescription>
        </inbodydescription>
        <location file="Models/Users/OsobaModel.cs" line="16" column="23" bodyfile="Models/Users/OsobaModel.cs" bodystart="16" bodyend="16"/>
      </memberdef>
      <memberdef kind="property" id="d4/dad/classprojektowaniaOprogramowania_1_1ViewModels_1_1Users_1_1OsobaModel_1a491fc5fba8e29366a9c3fa618260f110" prot="public" static="no" readable="no" writable="no" gettable="yes" privategettable="no" protectedgettable="no" settable="yes" privatesettable="no" protectedsettable="no">
        <type>string</type>
        <definition>string projektowaniaOprogramowania.ViewModels.Users.OsobaModel.Email</definition>
        <argsstring></argsstring>
        <name>Email</name>
        <qualifiedname>projektowaniaOprogramowania.ViewModels.Users.OsobaModel.Email</qualifiedname>
        <briefdescription>
        </briefdescription>
        <detaileddescription>
        </detaileddescription>
        <inbodydescription>
        </inbodydescription>
        <location file="Models/Users/OsobaModel.cs" line="21" column="23" bodyfile="Models/Users/OsobaModel.cs" bodystart="21" bodyend="21"/>
      </memberdef>
      <memberdef kind="property" id="d4/dad/classprojektowaniaOprogramowania_1_1ViewModels_1_1Users_1_1OsobaModel_1aefe21b9c797d0dae64d9eca5a24f5cd9" prot="public" static="no" readable="no" writable="no" gettable="yes" privategettable="no" protectedgettable="no" settable="yes" privatesettable="no" protectedsettable="no">
        <type>string</type>
        <definition>string projektowaniaOprogramowania.ViewModels.Users.OsobaModel.Haslo</definition>
        <argsstring></argsstring>
        <name>Haslo</name>
        <qualifiedname>projektowaniaOprogramowania.ViewModels.Users.OsobaModel.Haslo</qualifiedname>
        <briefdescription>
        </briefdescription>
        <detaileddescription>
        </detaileddescription>
        <inbodydescription>
        </inbodydescription>
        <location file="Models/Users/OsobaModel.cs" line="25" column="23" bodyfile="Models/Users/OsobaModel.cs" bodystart="25" bodyend="25"/>
      </memberdef>
      <memberdef kind="property" id="d4/dad/classprojektowaniaOprogramowania_1_1ViewModels_1_1Users_1_1OsobaModel_1a4144cef9f9f65fdf07365060d5083da0" prot="public" static="no" readable="no" writable="no" gettable="yes" privategettable="no" protectedgettable="no" settable="yes" privatesettable="no" protectedsettable="no">
        <type>string</type>
        <definition>string projektowaniaOprogramowania.ViewModels.Users.OsobaModel.Pesel</definition>
        <argsstring></argsstring>
        <name>Pesel</name>
        <qualifiedname>projektowaniaOprogramowania.ViewModels.Users.OsobaModel.Pesel</qualifiedname>
        <briefdescription>
        </briefdescription>
        <detaileddescription>
        </detaileddescription>
        <inbodydescription>
        </inbodydescription>
        <location file="Models/Users/OsobaModel.cs" line="28" column="23" bodyfile="Models/Users/OsobaModel.cs" bodystart="28" bodyend="28"/>
      </memberdef>
      <memberdef kind="property" id="d4/dad/classprojektowaniaOprogramowania_1_1ViewModels_1_1Users_1_1OsobaModel_1a9ef1a42f2f0ad3c98f3259e5ad8aed0d" prot="public" static="no" readable="no" writable="no" gettable="yes" privategettable="no" protectedgettable="no" settable="yes" privatesettable="no" protectedsettable="no">
        <type>string</type>
        <definition>string projektowaniaOprogramowania.ViewModels.Users.OsobaModel.NumerPaszportu</definition>
        <argsstring></argsstring>
        <name>NumerPaszportu</name>
        <qualifiedname>projektowaniaOprogramowania.ViewModels.Users.OsobaModel.NumerPaszportu</qualifiedname>
        <briefdescription>
        </briefdescription>
        <detaileddescription>
        </detaileddescription>
        <inbodydescription>
        </inbodydescription>
        <location file="Models/Users/OsobaModel.cs" line="32" column="23" bodyfile="Models/Users/OsobaModel.cs" bodystart="32" bodyend="32"/>
      </memberdef>
      <memberdef kind="property" id="d4/dad/classprojektowaniaOprogramowania_1_1ViewModels_1_1Users_1_1OsobaModel_1afbfd6f050e1545e95ea9a9231003840e" prot="public" static="no" readable="no" writable="no" gettable="yes" privategettable="no" protectedgettable="no" settable="yes" privatesettable="no" protectedsettable="no">
        <type>string</type>
        <definition>string projektowaniaOprogramowania.ViewModels.Users.OsobaModel.Imie</definition>
        <argsstring></argsstring>
        <name>Imie</name>
        <qualifiedname>projektowaniaOprogramowania.ViewModels.Users.OsobaModel.Imie</qualifiedname>
        <briefdescription>
        </briefdescription>
        <detaileddescription>
        </detaileddescription>
        <inbodydescription>
        </inbodydescription>
        <location file="Models/Users/OsobaModel.cs" line="36" column="23" bodyfile="Models/Users/OsobaModel.cs" bodystart="36" bodyend="36"/>
      </memberdef>
      <memberdef kind="property" id="d4/dad/classprojektowaniaOprogramowania_1_1ViewModels_1_1Users_1_1OsobaModel_1a74f93d1b14debf8938bff92ace0b627e" prot="public" static="no" readable="no" writable="no" gettable="yes" privategettable="no" protectedgettable="no" settable="yes" privatesettable="no" protectedsettable="no">
        <type>string</type>
        <definition>string projektowaniaOprogramowania.ViewModels.Users.OsobaModel.Nazwisko</definition>
        <argsstring></argsstring>
        <name>Nazwisko</name>
        <qualifiedname>projektowaniaOprogramowania.ViewModels.Users.OsobaModel.Nazwisko</qualifiedname>
        <briefdescription>
        </briefdescription>
        <detaileddescription>
        </detaileddescription>
        <inbodydescription>
        </inbodydescription>
        <location file="Models/Users/OsobaModel.cs" line="40" column="23" bodyfile="Models/Users/OsobaModel.cs" bodystart="40" bodyend="40"/>
      </memberdef>
      <memberdef kind="property" id="d4/dad/classprojektowaniaOprogramowania_1_1ViewModels_1_1Users_1_1OsobaModel_1a58ca34d9c7163d6c60e94a0072984d6c" prot="public" static="no" readable="no" writable="no" gettable="yes" privategettable="no" protectedgettable="no" settable="yes" privatesettable="no" protectedsettable="no">
        <type>DateTime</type>
        <definition>DateTime projektowaniaOprogramowania.ViewModels.Users.OsobaModel.DataZarejestrowania</definition>
        <argsstring></argsstring>
        <name>DataZarejestrowania</name>
        <qualifiedname>projektowaniaOprogramowania.ViewModels.Users.OsobaModel.DataZarejestrowania</qualifiedname>
        <briefdescription>
        </briefdescription>
        <detaileddescription>
        </detaileddescription>
        <inbodydescription>
        </inbodydescription>
        <location file="Models/Users/OsobaModel.cs" line="43" column="25" bodyfile="Models/Users/OsobaModel.cs" bodystart="43" bodyend="43"/>
      </memberdef>
      <memberdef kind="property" id="d4/dad/classprojektowaniaOprogramowania_1_1ViewModels_1_1Users_1_1OsobaModel_1a69fa97629dd619eb20f58bfd8cb5fcf5" prot="public" static="no" readable="no" writable="no" gettable="yes" privategettable="no" protectedgettable="no" settable="yes" privatesettable="no" protectedsettable="no">
        <type>bool</type>
        <definition>bool projektowaniaOprogramowania.ViewModels.Users.OsobaModel.CzyEmailPotwierdzony</definition>
        <argsstring></argsstring>
        <name>CzyEmailPotwierdzony</name>
        <qualifiedname>projektowaniaOprogramowania.ViewModels.Users.OsobaModel.CzyEmailPotwierdzony</qualifiedname>
        <briefdescription>
        </briefdescription>
        <detaileddescription>
        </detaileddescription>
        <inbodydescription>
        </inbodydescription>
        <location file="Models/Users/OsobaModel.cs" line="46" column="21" bodyfile="Models/Users/OsobaModel.cs" bodystart="46" bodyend="46"/>
      </memberdef>
    </sectiondef>
    <briefdescription>
    </briefdescription>
    <detaileddescription>
    </detaileddescription>
    <inheritancegraph>
      <node id="2">
        <label>OsobaModel</label>
        <link refid="d4/dad/classprojektowaniaOprogramowania_1_1ViewModels_1_1Users_1_1OsobaModel"/>
      </node>
      <node id="1">
        <label>projektowaniaOprogramowania.ViewModels.Users.PracownikModel</label>
        <link refid="da/d6f/classprojektowaniaOprogramowania_1_1ViewModels_1_1Users_1_1PracownikModel"/>
        <childnode refid="2" relation="public-inheritance">
        </childnode>
      </node>
      <node id="3">
        <label>projektowaniaOprogramowania.ViewModels.Users.PracownikDzialuRekrutacjiModel</label>
        <link refid="de/d1b/classprojektowaniaOprogramowania_1_1ViewModels_1_1Users_1_1PracownikDzialuRekrutacjiModel"/>
        <childnode refid="1" relation="public-inheritance">
        </childnode>
      </node>
    </inheritancegraph>
    <collaborationgraph>
      <node id="2">
        <label>OsobaModel</label>
        <link refid="d4/dad/classprojektowaniaOprogramowania_1_1ViewModels_1_1Users_1_1OsobaModel"/>
      </node>
      <node id="1">
        <label>projektowaniaOprogramowania.ViewModels.Users.PracownikModel</label>
        <link refid="da/d6f/classprojektowaniaOprogramowania_1_1ViewModels_1_1Users_1_1PracownikModel"/>
        <childnode refid="2" relation="public-inheritance">
        </childnode>
      </node>
    </collaborationgraph>
    <location file="Models/Users/PracownikModel.cs" line="8" column="11" bodyfile="Models/Users/PracownikModel.cs" bodystart="9" bodyend="27"/>
    <listofallmembers>
      <member refid="d4/dad/classprojektowaniaOprogramowania_1_1ViewModels_1_1Users_1_1OsobaModel_1a69fa97629dd619eb20f58bfd8cb5fcf5" prot="public" virt="non-virtual"><scope>projektowaniaOprogramowania::ViewModels::Users::PracownikModel</scope><name>CzyEmailPotwierdzony</name></member>
      <member refid="d4/dad/classprojektowaniaOprogramowania_1_1ViewModels_1_1Users_1_1OsobaModel_1a58ca34d9c7163d6c60e94a0072984d6c" prot="public" virt="non-virtual"><scope>projektowaniaOprogramowania::ViewModels::Users::PracownikModel</scope><name>DataZarejestrowania</name></member>
      <member refid="da/d6f/classprojektowaniaOprogramowania_1_1ViewModels_1_1Users_1_1PracownikModel_1ac829d4e03d4f9a3b0a711de39eb952f5" prot="public" virt="non-virtual"><scope>projektowaniaOprogramowania::ViewModels::Users::PracownikModel</scope><name>DataZatrudnienia</name></member>
      <member refid="d4/dad/classprojektowaniaOprogramowania_1_1ViewModels_1_1Users_1_1OsobaModel_1a491fc5fba8e29366a9c3fa618260f110" prot="public" virt="non-virtual"><scope>projektowaniaOprogramowania::ViewModels::Users::PracownikModel</scope><name>Email</name></member>
      <member refid="d4/dad/classprojektowaniaOprogramowania_1_1ViewModels_1_1Users_1_1OsobaModel_1aefe21b9c797d0dae64d9eca5a24f5cd9" prot="public" virt="non-virtual"><scope>projektowaniaOprogramowania::ViewModels::Users::PracownikModel</scope><name>Haslo</name></member>
      <member refid="d4/dad/classprojektowaniaOprogramowania_1_1ViewModels_1_1Users_1_1OsobaModel_1a9f90610dbe595591ec0b4859d8e7ccd6" prot="public" virt="non-virtual"><scope>projektowaniaOprogramowania::ViewModels::Users::PracownikModel</scope><name>Id</name></member>
      <member refid="d4/dad/classprojektowaniaOprogramowania_1_1ViewModels_1_1Users_1_1OsobaModel_1afbfd6f050e1545e95ea9a9231003840e" prot="public" virt="non-virtual"><scope>projektowaniaOprogramowania::ViewModels::Users::PracownikModel</scope><name>Imie</name></member>
      <member refid="d4/dad/classprojektowaniaOprogramowania_1_1ViewModels_1_1Users_1_1OsobaModel_1a6435389489b1f286cea94169e4fa9f2d" prot="public" virt="non-virtual"><scope>projektowaniaOprogramowania::ViewModels::Users::PracownikModel</scope><name>Login</name></member>
      <member refid="d4/dad/classprojektowaniaOprogramowania_1_1ViewModels_1_1Users_1_1OsobaModel_1a74f93d1b14debf8938bff92ace0b627e" prot="public" virt="non-virtual"><scope>projektowaniaOprogramowania::ViewModels::Users::PracownikModel</scope><name>Nazwisko</name></member>
      <member refid="d4/dad/classprojektowaniaOprogramowania_1_1ViewModels_1_1Users_1_1OsobaModel_1a9ef1a42f2f0ad3c98f3259e5ad8aed0d" prot="public" virt="non-virtual"><scope>projektowaniaOprogramowania::ViewModels::Users::PracownikModel</scope><name>NumerPaszportu</name></member>
      <member refid="da/d6f/classprojektowaniaOprogramowania_1_1ViewModels_1_1Users_1_1PracownikModel_1ae5df2d6e8527954d71613575af8cbe6a" prot="public" virt="non-virtual"><scope>projektowaniaOprogramowania::ViewModels::Users::PracownikModel</scope><name>NumerPracownika</name></member>
      <member refid="d4/dad/classprojektowaniaOprogramowania_1_1ViewModels_1_1Users_1_1OsobaModel_1a4144cef9f9f65fdf07365060d5083da0" prot="public" virt="non-virtual"><scope>projektowaniaOprogramowania::ViewModels::Users::PracownikModel</scope><name>Pesel</name></member>
      <member refid="da/d6f/classprojektowaniaOprogramowania_1_1ViewModels_1_1Users_1_1PracownikModel_1aef290cdcd3560427290b5149d4989391" prot="public" virt="non-virtual"><scope>projektowaniaOprogramowania::ViewModels::Users::PracownikModel</scope><name>TypPracownika</name></member>
    </listofallmembers>
  </compounddef>
</doxygen>
