<?xml version='1.0' encoding='UTF-8' standalone='no'?>
<doxygen xmlns:xsi="http://www.w3.org/2001/XMLSchema-instance" xsi:noNamespaceSchemaLocation="compound.xsd" version="1.10.0" xml:lang="en-US">
  <compounddef id="d1/d11/classprojektowaniaOprogramowania_1_1ViewModels_1_1KategoriaDorobkuModel" kind="class" language="C#" prot="public">
    <compoundname>projektowaniaOprogramowania::ViewModels::KategoriaDorobkuModel</compoundname>
    <sectiondef kind="property">
      <memberdef kind="property" id="d1/d11/classprojektowaniaOprogramowania_1_1ViewModels_1_1KategoriaDorobkuModel_1a53206e1d4be621e19f44d2c9db3a202d" prot="public" static="no" readable="no" writable="no" gettable="yes" privategettable="no" protectedgettable="no" settable="yes" privatesettable="no" protectedsettable="no">
        <type>long</type>
        <definition>long projektowaniaOprogramowania.ViewModels.KategoriaDorobkuModel.Id</definition>
        <argsstring></argsstring>
        <name>Id</name>
        <qualifiedname>projektowaniaOprogramowania.ViewModels.KategoriaDorobkuModel.Id</qualifiedname>
        <briefdescription>
        </briefdescription>
        <detaileddescription>
        </detaileddescription>
        <inbodydescription>
        </inbodydescription>
        <location file="Models/Other/KategoriaDorobkuModel.cs" line="11" column="21" bodyfile="Models/Other/KategoriaDorobkuModel.cs" bodystart="11" bodyend="11"/>
      </memberdef>
      <memberdef kind="property" id="d1/d11/classprojektowaniaOprogramowania_1_1ViewModels_1_1KategoriaDorobkuModel_1a1013164aa1212d9c5202f5ccb1bed434" prot="public" static="no" readable="no" writable="no" gettable="yes" privategettable="no" protectedgettable="no" settable="yes" privatesettable="no" protectedsettable="no">
        <type>string</type>
        <definition>string projektowaniaOprogramowania.ViewModels.KategoriaDorobkuModel.NazwaKategoriiDorobku</definition>
        <argsstring></argsstring>
        <name>NazwaKategoriiDorobku</name>
        <qualifiedname>projektowaniaOprogramowania.ViewModels.KategoriaDorobkuModel.NazwaKategoriiDorobku</qualifiedname>
        <briefdescription>
        </briefdescription>
        <detaileddescription>
        </detaileddescription>
        <inbodydescription>
        </inbodydescription>
        <location file="Models/Other/KategoriaDorobkuModel.cs" line="15" column="23" bodyfile="Models/Other/KategoriaDorobkuModel.cs" bodystart="15" bodyend="15"/>
      </memberdef>
    </sectiondef>
    <briefdescription>
    </briefdescription>
    <detaileddescription>
    </detaileddescription>
    <location file="Models/Other/KategoriaDorobkuModel.cs" line="7" column="11" bodyfile="Models/Other/KategoriaDorobkuModel.cs" bodystart="8" bodyend="16"/>
    <listofallmembers>
      <member refid="d1/d11/classprojektowaniaOprogramowania_1_1ViewModels_1_1KategoriaDorobkuModel_1a53206e1d4be621e19f44d2c9db3a202d" prot="public" virt="non-virtual"><scope>projektowaniaOprogramowania::ViewModels::KategoriaDorobkuModel</scope><name>Id</name></member>
      <member refid="d1/d11/classprojektowaniaOprogramowania_1_1ViewModels_1_1KategoriaDorobkuModel_1a1013164aa1212d9c5202f5ccb1bed434" prot="public" virt="non-virtual"><scope>projektowaniaOprogramowania::ViewModels::KategoriaDorobkuModel</scope><name>NazwaKategoriiDorobku</name></member>
    </listofallmembers>
  </compounddef>
</doxygen>
