<?xml version='1.0' encoding='UTF-8' standalone='no'?>
<doxygen xmlns:xsi="http://www.w3.org/2001/XMLSchema-instance" xsi:noNamespaceSchemaLocation="compound.xsd" version="1.10.0" xml:lang="en-US">
  <compounddef id="d6/d80/PodanieService_8cs" kind="file" language="C#">
    <compoundname>PodanieService.cs</compoundname>
    <innerclass refid="d2/d37/classprojektowaniaOprogramowania_1_1Services_1_1PodanieService" prot="public">projektowaniaOprogramowania::Services::PodanieService</innerclass>
    <innernamespace refid="d8/d9d/namespaceprojektowaniaOprogramowania">projektowaniaOprogramowania</innernamespace>
    <innernamespace refid="d8/d08/namespaceprojektowaniaOprogramowania_1_1Services">projektowaniaOprogramowania::Services</innernamespace>
    <briefdescription>
    </briefdescription>
    <detaileddescription>
    </detaileddescription>
    <programlisting>
<codeline lineno="1"><highlight class="keyword">using<sp/></highlight><highlight class="normal">Microsoft.EntityFrameworkCore;</highlight></codeline>
<codeline lineno="2"><highlight class="normal"></highlight><highlight class="keyword">using<sp/></highlight><highlight class="normal"><ref refid="d6/d4b/namespaceprojektowaniaOprogramowania_1_1Models" kindref="compound">projektowaniaOprogramowania.Models</ref>;</highlight></codeline>
<codeline lineno="3"><highlight class="normal"></highlight><highlight class="keyword">using<sp/></highlight><highlight class="normal"><ref refid="da/dc5/namespaceprojektowaniaOprogramowania_1_1ViewModels" kindref="compound">projektowaniaOprogramowania.ViewModels</ref>;</highlight></codeline>
<codeline lineno="4"><highlight class="normal"></highlight><highlight class="keyword">using<sp/></highlight><highlight class="normal"><ref refid="d9/dc8/namespaceprojektowaniaOprogramowania_1_1ViewModels_1_1Users" kindref="compound">projektowaniaOprogramowania.ViewModels.Users</ref>;</highlight></codeline>
<codeline lineno="5"><highlight class="normal"></highlight><highlight class="keyword">using<sp/></highlight><highlight class="normal">System.Collections.Generic;</highlight></codeline>
<codeline lineno="6"><highlight class="normal"></highlight><highlight class="keyword">using<sp/></highlight><highlight class="normal">System.Diagnostics;</highlight></codeline>
<codeline lineno="7"><highlight class="normal"></highlight><highlight class="keyword">using<sp/></highlight><highlight class="normal">System.Linq;</highlight></codeline>
<codeline lineno="8"><highlight class="normal"></highlight></codeline>
<codeline lineno="9"><highlight class="normal"></highlight><highlight class="keyword">namespace<sp/></highlight><highlight class="normal"><ref refid="d8/d08/namespaceprojektowaniaOprogramowania_1_1Services" kindref="compound">projektowaniaOprogramowania.Services</ref></highlight></codeline>
<codeline lineno="10"><highlight class="normal">{</highlight></codeline>
<codeline lineno="11" refid="d2/d37/classprojektowaniaOprogramowania_1_1Services_1_1PodanieService" refkind="compound"><highlight class="normal"><sp/><sp/><sp/><sp/></highlight><highlight class="keyword">public</highlight><highlight class="normal"><sp/></highlight><highlight class="keyword">class<sp/></highlight><highlight class="normal"><ref refid="d2/d37/classprojektowaniaOprogramowania_1_1Services_1_1PodanieService" kindref="compound">PodanieService</ref></highlight></codeline>
<codeline lineno="12"><highlight class="normal"><sp/><sp/><sp/><sp/>{</highlight></codeline>
<codeline lineno="13"><highlight class="normal"><sp/><sp/><sp/><sp/><sp/><sp/><sp/><sp/></highlight><highlight class="keyword">private</highlight><highlight class="normal"><sp/>readonly<sp/><ref refid="da/d72/classprojektowaniaOprogramowania_1_1Models_1_1MyDbContext" kindref="compound">MyDbContext</ref><sp/>_context;</highlight></codeline>
<codeline lineno="14"><highlight class="normal"></highlight></codeline>
<codeline lineno="15"><highlight class="normal"><sp/><sp/><sp/><sp/><sp/><sp/><sp/><sp/></highlight><highlight class="keyword">public</highlight><highlight class="normal"><sp/><ref refid="d2/d37/classprojektowaniaOprogramowania_1_1Services_1_1PodanieService" kindref="compound">PodanieService</ref>(<ref refid="da/d72/classprojektowaniaOprogramowania_1_1Models_1_1MyDbContext" kindref="compound">MyDbContext</ref><sp/>context)</highlight></codeline>
<codeline lineno="16"><highlight class="normal"><sp/><sp/><sp/><sp/><sp/><sp/><sp/><sp/>{</highlight></codeline>
<codeline lineno="17"><highlight class="normal"><sp/><sp/><sp/><sp/><sp/><sp/><sp/><sp/><sp/><sp/><sp/><sp/>_context<sp/>=<sp/>context;</highlight></codeline>
<codeline lineno="18"><highlight class="normal"><sp/><sp/><sp/><sp/><sp/><sp/><sp/><sp/>}</highlight></codeline>
<codeline lineno="19"><highlight class="normal"><sp/><sp/><sp/><sp/><sp/><sp/><sp/><sp/></highlight><highlight class="keyword">public</highlight><highlight class="normal"><sp/><ref refid="db/dbf/classprojektowaniaOprogramowania_1_1ViewModels_1_1PodanieKandydataModel" kindref="compound">PodanieKandydataModel</ref><sp/>GetPodanieKandydata(<ref refid="d6/da6/classprojektowaniaOprogramowania_1_1ViewModels_1_1Users_1_1KandydatModel" kindref="compound">KandydatModel</ref><sp/>kandydat)</highlight></codeline>
<codeline lineno="20"><highlight class="normal"><sp/><sp/><sp/><sp/><sp/><sp/><sp/><sp/>{</highlight></codeline>
<codeline lineno="21"><highlight class="normal"><sp/><sp/><sp/><sp/><sp/><sp/><sp/><sp/><sp/><sp/><sp/><sp/>var<sp/>(_,<sp/>podaniaKandydata)<sp/>=<sp/>GetActiveRekrutacjaAndPodaniaKandydata(kandydat);</highlight></codeline>
<codeline lineno="22"><highlight class="normal"></highlight></codeline>
<codeline lineno="23"><highlight class="normal"><sp/><sp/><sp/><sp/><sp/><sp/><sp/><sp/><sp/><sp/><sp/><sp/></highlight><highlight class="keywordflow">if</highlight><highlight class="normal"><sp/>(podaniaKandydata<sp/>==<sp/></highlight><highlight class="keyword">null</highlight><highlight class="normal">)</highlight></codeline>
<codeline lineno="24"><highlight class="normal"><sp/><sp/><sp/><sp/><sp/><sp/><sp/><sp/><sp/><sp/><sp/><sp/>{</highlight></codeline>
<codeline lineno="25"><highlight class="normal"><sp/><sp/><sp/><sp/><sp/><sp/><sp/><sp/><sp/><sp/><sp/><sp/><sp/><sp/><sp/><sp/></highlight><highlight class="keywordflow">return</highlight><highlight class="normal"><sp/></highlight><highlight class="keyword">null</highlight><highlight class="normal">;</highlight></codeline>
<codeline lineno="26"><highlight class="normal"><sp/><sp/><sp/><sp/><sp/><sp/><sp/><sp/><sp/><sp/><sp/><sp/>}</highlight></codeline>
<codeline lineno="27"><highlight class="normal"><sp/><sp/><sp/><sp/><sp/><sp/><sp/><sp/><sp/><sp/><sp/><sp/>var<sp/>podanie<sp/>=<sp/>podaniaKandydata.FirstOrDefault(p<sp/>=&gt;<sp/>p.FkIdKandydat<sp/>==<sp/>kandydat.Id);</highlight></codeline>
<codeline lineno="28"><highlight class="normal"><sp/><sp/><sp/><sp/><sp/><sp/><sp/><sp/><sp/><sp/><sp/><sp/></highlight><highlight class="keywordflow">return</highlight><highlight class="normal"><sp/>podanie;</highlight></codeline>
<codeline lineno="29"><highlight class="normal"><sp/><sp/><sp/><sp/><sp/><sp/><sp/><sp/>}</highlight></codeline>
<codeline lineno="30"><highlight class="normal"></highlight></codeline>
<codeline lineno="31"><highlight class="normal"><sp/><sp/><sp/><sp/><sp/><sp/><sp/><sp/></highlight><highlight class="keyword">private</highlight><highlight class="normal"><sp/>(<ref refid="db/de7/classprojektowaniaOprogramowania_1_1ViewModels_1_1RekrutacjaModel" kindref="compound">RekrutacjaModel</ref>,<sp/>List&lt;PodanieKandydataModel&gt;)<sp/>GetActiveRekrutacjaAndPodaniaKandydata(<ref refid="d6/da6/classprojektowaniaOprogramowania_1_1ViewModels_1_1Users_1_1KandydatModel" kindref="compound">KandydatModel</ref><sp/>kandydat)</highlight></codeline>
<codeline lineno="32"><highlight class="normal"><sp/><sp/><sp/><sp/><sp/><sp/><sp/><sp/>{</highlight></codeline>
<codeline lineno="33"><highlight class="normal"><sp/><sp/><sp/><sp/><sp/><sp/><sp/><sp/><sp/><sp/><sp/><sp/></highlight><highlight class="keywordflow">if</highlight><highlight class="normal"><sp/>(kandydat<sp/>==<sp/></highlight><highlight class="keyword">null</highlight><highlight class="normal">)</highlight></codeline>
<codeline lineno="34"><highlight class="normal"><sp/><sp/><sp/><sp/><sp/><sp/><sp/><sp/><sp/><sp/><sp/><sp/><sp/><sp/><sp/><sp/></highlight><highlight class="keywordflow">return</highlight><highlight class="normal"><sp/>(</highlight><highlight class="keyword">null</highlight><highlight class="normal">,<sp/></highlight><highlight class="keyword">new</highlight><highlight class="normal"><sp/>List&lt;PodanieKandydataModel&gt;());</highlight></codeline>
<codeline lineno="35"><highlight class="normal"><sp/><sp/><sp/><sp/><sp/><sp/><sp/><sp/><sp/><sp/><sp/><sp/></highlight><highlight class="comment">//<sp/>1<sp/>aktywna<sp/>rekrutacja</highlight><highlight class="normal"></highlight></codeline>
<codeline lineno="36"><highlight class="normal"><sp/><sp/><sp/><sp/><sp/><sp/><sp/><sp/><sp/><sp/><sp/><sp/><ref refid="db/de7/classprojektowaniaOprogramowania_1_1ViewModels_1_1RekrutacjaModel" kindref="compound">RekrutacjaModel</ref><sp/>rekrutacja<sp/>=<sp/>_context.Rekrutacje</highlight></codeline>
<codeline lineno="37"><highlight class="normal"><sp/><sp/><sp/><sp/><sp/><sp/><sp/><sp/><sp/><sp/><sp/><sp/><sp/><sp/><sp/><sp/>.FirstOrDefault(rekrutacja<sp/>=&gt;<sp/>rekrutacja.StatusRekrutacji<sp/>==<sp/>StatusRekrutacji.Otwarta);</highlight></codeline>
<codeline lineno="38"><highlight class="normal"></highlight></codeline>
<codeline lineno="39"><highlight class="normal"><sp/><sp/><sp/><sp/><sp/><sp/><sp/><sp/><sp/><sp/><sp/><sp/></highlight><highlight class="comment">//<sp/>podanie<sp/>kandydata<sp/>do<sp/>2<sp/>sztuk,<sp/>po<sp/>jednym<sp/>na<sp/>każdy<sp/>z<sp/>stopniów</highlight><highlight class="normal"></highlight></codeline>
<codeline lineno="40"><highlight class="normal"><sp/><sp/><sp/><sp/><sp/><sp/><sp/><sp/><sp/><sp/><sp/><sp/>List&lt;PodanieKandydataModel&gt;<sp/>podaniaKandydata<sp/>=<sp/>rekrutacja<sp/>==<sp/></highlight><highlight class="keyword">null</highlight><highlight class="normal"><sp/>?<sp/>null<sp/>:<sp/>_context.PodaniaKandydatow</highlight></codeline>
<codeline lineno="41"><highlight class="normal"><sp/><sp/><sp/><sp/><sp/><sp/><sp/><sp/><sp/><sp/><sp/><sp/><sp/><sp/><sp/><sp/>.Where(pk<sp/>=&gt;<sp/>pk.FkIdKandydat<sp/>==<sp/>kandydat.Id<sp/>&amp;&amp;<sp/>pk.FkIdRekrutacja<sp/>==<sp/>rekrutacja.Id)</highlight></codeline>
<codeline lineno="42"><highlight class="normal"><sp/><sp/><sp/><sp/><sp/><sp/><sp/><sp/><sp/><sp/><sp/><sp/><sp/><sp/><sp/><sp/>.ToList();</highlight></codeline>
<codeline lineno="43"><highlight class="normal"></highlight></codeline>
<codeline lineno="44"><highlight class="normal"><sp/><sp/><sp/><sp/><sp/><sp/><sp/><sp/><sp/><sp/><sp/><sp/></highlight><highlight class="keywordflow">return</highlight><highlight class="normal"><sp/>(rekrutacja,<sp/>podaniaKandydata);</highlight></codeline>
<codeline lineno="45"><highlight class="normal"><sp/><sp/><sp/><sp/><sp/><sp/><sp/><sp/>}</highlight></codeline>
<codeline lineno="46"><highlight class="normal"><sp/><sp/><sp/><sp/>}</highlight></codeline>
<codeline lineno="47"><highlight class="normal">}</highlight></codeline>
    </programlisting>
    <location file="Services/PodanieService.cs"/>
  </compounddef>
</doxygen>
