<?xml version='1.0' encoding='UTF-8' standalone='no'?>
<doxygen xmlns:xsi="http://www.w3.org/2001/XMLSchema-instance" xsi:noNamespaceSchemaLocation="compound.xsd" version="1.10.0" xml:lang="en-US">
  <compounddef id="dd/d0a/classprojektowaniaOprogramowania_1_1ViewModels_1_1PrzelicznikOsiagniecModel" kind="class" language="C#" prot="public">
    <compoundname>projektowaniaOprogramowania::ViewModels::PrzelicznikOsiagniecModel</compoundname>
    <sectiondef kind="property">
      <memberdef kind="property" id="dd/d0a/classprojektowaniaOprogramowania_1_1ViewModels_1_1PrzelicznikOsiagniecModel_1ab3a69c8723865eca661f8a4d42fd0765" prot="public" static="no" readable="no" writable="no" gettable="yes" privategettable="no" protectedgettable="no" settable="yes" privatesettable="no" protectedsettable="no">
        <type>long</type>
        <definition>long projektowaniaOprogramowania.ViewModels.PrzelicznikOsiagniecModel.Id</definition>
        <argsstring></argsstring>
        <name>Id</name>
        <qualifiedname>projektowaniaOprogramowania.ViewModels.PrzelicznikOsiagniecModel.Id</qualifiedname>
        <briefdescription>
        </briefdescription>
        <detaileddescription>
        </detaileddescription>
        <inbodydescription>
        </inbodydescription>
        <location file="Models/Other/PrzelicznikOsiagniecModel.cs" line="11" column="21" bodyfile="Models/Other/PrzelicznikOsiagniecModel.cs" bodystart="11" bodyend="11"/>
      </memberdef>
      <memberdef kind="property" id="dd/d0a/classprojektowaniaOprogramowania_1_1ViewModels_1_1PrzelicznikOsiagniecModel_1ac3e77aed87434b717972ee872b363af6" prot="public" static="no" readable="no" writable="no" gettable="yes" privategettable="no" protectedgettable="no" settable="yes" privatesettable="no" protectedsettable="no">
        <type>int</type>
        <definition>int projektowaniaOprogramowania.ViewModels.PrzelicznikOsiagniecModel.PrzyznawanePunkty</definition>
        <argsstring></argsstring>
        <name>PrzyznawanePunkty</name>
        <qualifiedname>projektowaniaOprogramowania.ViewModels.PrzelicznikOsiagniecModel.PrzyznawanePunkty</qualifiedname>
        <briefdescription>
        </briefdescription>
        <detaileddescription>
        </detaileddescription>
        <inbodydescription>
        </inbodydescription>
        <location file="Models/Other/PrzelicznikOsiagniecModel.cs" line="14" column="20" bodyfile="Models/Other/PrzelicznikOsiagniecModel.cs" bodystart="14" bodyend="14"/>
      </memberdef>
      <memberdef kind="property" id="dd/d0a/classprojektowaniaOprogramowania_1_1ViewModels_1_1PrzelicznikOsiagniecModel_1af90847f45d947cc08269d6b70304ae8f" prot="public" static="no" readable="no" writable="no" gettable="yes" privategettable="no" protectedgettable="no" settable="yes" privatesettable="no" protectedsettable="no">
        <type>long</type>
        <definition>long projektowaniaOprogramowania.ViewModels.PrzelicznikOsiagniecModel.FkIdPrzelicznikKierunkowy</definition>
        <argsstring></argsstring>
        <name>FkIdPrzelicznikKierunkowy</name>
        <qualifiedname>projektowaniaOprogramowania.ViewModels.PrzelicznikOsiagniecModel.FkIdPrzelicznikKierunkowy</qualifiedname>
        <briefdescription>
        </briefdescription>
        <detaileddescription>
        </detaileddescription>
        <inbodydescription>
        </inbodydescription>
        <location file="Models/Other/PrzelicznikOsiagniecModel.cs" line="17" column="21" bodyfile="Models/Other/PrzelicznikOsiagniecModel.cs" bodystart="17" bodyend="17"/>
      </memberdef>
      <memberdef kind="property" id="dd/d0a/classprojektowaniaOprogramowania_1_1ViewModels_1_1PrzelicznikOsiagniecModel_1a23a3fe73008b7144510b3136a520706b" prot="public" static="no" readable="no" writable="no" gettable="yes" privategettable="no" protectedgettable="no" settable="yes" privatesettable="no" protectedsettable="no">
        <type><ref refid="dc/df4/classprojektowaniaOprogramowania_1_1ViewModels_1_1PrzelicznikKierunkowyModel" kindref="compound">PrzelicznikKierunkowyModel</ref></type>
        <definition>PrzelicznikKierunkowyModel projektowaniaOprogramowania.ViewModels.PrzelicznikOsiagniecModel.PrzelicznikKierunkowy</definition>
        <argsstring></argsstring>
        <name>PrzelicznikKierunkowy</name>
        <qualifiedname>projektowaniaOprogramowania.ViewModels.PrzelicznikOsiagniecModel.PrzelicznikKierunkowy</qualifiedname>
        <briefdescription>
        </briefdescription>
        <detaileddescription>
        </detaileddescription>
        <inbodydescription>
        </inbodydescription>
        <location file="Models/Other/PrzelicznikOsiagniecModel.cs" line="18" column="43" bodyfile="Models/Other/PrzelicznikOsiagniecModel.cs" bodystart="18" bodyend="18"/>
      </memberdef>
      <memberdef kind="property" id="dd/d0a/classprojektowaniaOprogramowania_1_1ViewModels_1_1PrzelicznikOsiagniecModel_1a641e025d89cf39cfaf690f228a78bc40" prot="public" static="no" readable="no" writable="no" gettable="yes" privategettable="no" protectedgettable="no" settable="yes" privatesettable="no" protectedsettable="no">
        <type>long</type>
        <definition>long projektowaniaOprogramowania.ViewModels.PrzelicznikOsiagniecModel.FkIdKategoriaOsiagniecia</definition>
        <argsstring></argsstring>
        <name>FkIdKategoriaOsiagniecia</name>
        <qualifiedname>projektowaniaOprogramowania.ViewModels.PrzelicznikOsiagniecModel.FkIdKategoriaOsiagniecia</qualifiedname>
        <briefdescription>
        </briefdescription>
        <detaileddescription>
        </detaileddescription>
        <inbodydescription>
        </inbodydescription>
        <location file="Models/Other/PrzelicznikOsiagniecModel.cs" line="21" column="21" bodyfile="Models/Other/PrzelicznikOsiagniecModel.cs" bodystart="21" bodyend="21"/>
      </memberdef>
      <memberdef kind="property" id="dd/d0a/classprojektowaniaOprogramowania_1_1ViewModels_1_1PrzelicznikOsiagniecModel_1aeaee55f635e06a1c3166d06ac020997f" prot="public" static="no" readable="no" writable="no" gettable="yes" privategettable="no" protectedgettable="no" settable="yes" privatesettable="no" protectedsettable="no">
        <type><ref refid="de/d64/classprojektowaniaOprogramowania_1_1ViewModels_1_1KategoriaOsiagnieciaModel" kindref="compound">KategoriaOsiagnieciaModel</ref></type>
        <definition>KategoriaOsiagnieciaModel projektowaniaOprogramowania.ViewModels.PrzelicznikOsiagniecModel.KategoriaOsiagniecia</definition>
        <argsstring></argsstring>
        <name>KategoriaOsiagniecia</name>
        <qualifiedname>projektowaniaOprogramowania.ViewModels.PrzelicznikOsiagniecModel.KategoriaOsiagniecia</qualifiedname>
        <briefdescription>
        </briefdescription>
        <detaileddescription>
        </detaileddescription>
        <inbodydescription>
        </inbodydescription>
        <location file="Models/Other/PrzelicznikOsiagniecModel.cs" line="22" column="42" bodyfile="Models/Other/PrzelicznikOsiagniecModel.cs" bodystart="22" bodyend="22"/>
      </memberdef>
    </sectiondef>
    <briefdescription>
    </briefdescription>
    <detaileddescription>
    </detaileddescription>
    <location file="Models/Other/PrzelicznikOsiagniecModel.cs" line="7" column="11" bodyfile="Models/Other/PrzelicznikOsiagniecModel.cs" bodystart="8" bodyend="23"/>
    <listofallmembers>
      <member refid="dd/d0a/classprojektowaniaOprogramowania_1_1ViewModels_1_1PrzelicznikOsiagniecModel_1a641e025d89cf39cfaf690f228a78bc40" prot="public" virt="non-virtual"><scope>projektowaniaOprogramowania::ViewModels::PrzelicznikOsiagniecModel</scope><name>FkIdKategoriaOsiagniecia</name></member>
      <member refid="dd/d0a/classprojektowaniaOprogramowania_1_1ViewModels_1_1PrzelicznikOsiagniecModel_1af90847f45d947cc08269d6b70304ae8f" prot="public" virt="non-virtual"><scope>projektowaniaOprogramowania::ViewModels::PrzelicznikOsiagniecModel</scope><name>FkIdPrzelicznikKierunkowy</name></member>
      <member refid="dd/d0a/classprojektowaniaOprogramowania_1_1ViewModels_1_1PrzelicznikOsiagniecModel_1ab3a69c8723865eca661f8a4d42fd0765" prot="public" virt="non-virtual"><scope>projektowaniaOprogramowania::ViewModels::PrzelicznikOsiagniecModel</scope><name>Id</name></member>
      <member refid="dd/d0a/classprojektowaniaOprogramowania_1_1ViewModels_1_1PrzelicznikOsiagniecModel_1aeaee55f635e06a1c3166d06ac020997f" prot="public" virt="non-virtual"><scope>projektowaniaOprogramowania::ViewModels::PrzelicznikOsiagniecModel</scope><name>KategoriaOsiagniecia</name></member>
      <member refid="dd/d0a/classprojektowaniaOprogramowania_1_1ViewModels_1_1PrzelicznikOsiagniecModel_1a23a3fe73008b7144510b3136a520706b" prot="public" virt="non-virtual"><scope>projektowaniaOprogramowania::ViewModels::PrzelicznikOsiagniecModel</scope><name>PrzelicznikKierunkowy</name></member>
      <member refid="dd/d0a/classprojektowaniaOprogramowania_1_1ViewModels_1_1PrzelicznikOsiagniecModel_1ac3e77aed87434b717972ee872b363af6" prot="public" virt="non-virtual"><scope>projektowaniaOprogramowania::ViewModels::PrzelicznikOsiagniecModel</scope><name>PrzyznawanePunkty</name></member>
    </listofallmembers>
  </compounddef>
</doxygen>
