<?xml version='1.0' encoding='UTF-8' standalone='no'?>
<doxygen xmlns:xsi="http://www.w3.org/2001/XMLSchema-instance" xsi:noNamespaceSchemaLocation="compound.xsd" version="1.10.0" xml:lang="en-US">
  <compounddef id="d2/dd3/namespaceSystem_1_1Threading" kind="namespace" language="C#">
    <compoundname>System::Threading</compoundname>
    <briefdescription>
    </briefdescription>
    <detaileddescription>
    </detaileddescription>
    <location file="Controllers/KierunekNaPodaniuController.cs" line="5" column="23"/>
  </compounddef>
</doxygen>
