<?xml version='1.0' encoding='UTF-8' standalone='no'?>
<doxygen xmlns:xsi="http://www.w3.org/2001/XMLSchema-instance" xsi:noNamespaceSchemaLocation="compound.xsd" version="1.10.0" xml:lang="en-US">
  <compounddef id="d6/d17/classAspNetCore_1_1Views____ViewStart" kind="class" language="C#" prot="public">
    <compoundname>AspNetCore::Views__ViewStart</compoundname>
    <basecompoundref prot="public" virt="non-virtual">global::MicrosoftAspNetCore::Mvc::Razor::RazorPage&lt; dynamic &gt;</basecompoundref>
    <sectiondef kind="property">
      <memberdef kind="property" id="d6/d17/classAspNetCore_1_1Views____ViewStart_1a97902ea5e8251ff63e9a2f4dd5389943" prot="public" static="no" readable="no" writable="no" gettable="yes" privategettable="no" protectedgettable="no" settable="no" privatesettable="yes" protectedsettable="no">
        <type>global::Microsoft.AspNetCore.Mvc.ViewFeatures.IModelExpressionProvider</type>
        <definition>global::Microsoft.AspNetCore.Mvc.ViewFeatures.IModelExpressionProvider AspNetCore.Views__ViewStart.ModelExpressionProvider</definition>
        <argsstring></argsstring>
        <name>ModelExpressionProvider</name>
        <qualifiedname>AspNetCore.Views__ViewStart.ModelExpressionProvider</qualifiedname>
        <briefdescription>
        </briefdescription>
        <detaileddescription>
        </detaileddescription>
        <inbodydescription>
        </inbodydescription>
        <location file="obj/Debug/net5.0/Razor/Views/_ViewStart.cshtml.g.cs" line="47" column="83" bodyfile="obj/Debug/net5.0/Razor/Views/_ViewStart.cshtml.g.cs" bodystart="47" bodyend="47"/>
      </memberdef>
      <memberdef kind="property" id="d6/d17/classAspNetCore_1_1Views____ViewStart_1aac82cabef8b298088c0b7a539476bd8b" prot="public" static="no" readable="no" writable="no" gettable="yes" privategettable="no" protectedgettable="no" settable="no" privatesettable="yes" protectedsettable="no">
        <type>global::Microsoft.AspNetCore.Mvc.IUrlHelper</type>
        <definition>global::Microsoft.AspNetCore.Mvc.IUrlHelper AspNetCore.Views__ViewStart.Url</definition>
        <argsstring></argsstring>
        <name>Url</name>
        <qualifiedname>AspNetCore.Views__ViewStart.Url</qualifiedname>
        <briefdescription>
        </briefdescription>
        <detaileddescription>
        </detaileddescription>
        <inbodydescription>
        </inbodydescription>
        <location file="obj/Debug/net5.0/Razor/Views/_ViewStart.cshtml.g.cs" line="49" column="57" bodyfile="obj/Debug/net5.0/Razor/Views/_ViewStart.cshtml.g.cs" bodystart="49" bodyend="49"/>
      </memberdef>
      <memberdef kind="property" id="d6/d17/classAspNetCore_1_1Views____ViewStart_1a8da75bb43bca5132bd26959b13ddc80b" prot="public" static="no" readable="no" writable="no" gettable="yes" privategettable="no" protectedgettable="no" settable="no" privatesettable="yes" protectedsettable="no">
        <type>global::Microsoft.AspNetCore.Mvc.IViewComponentHelper</type>
        <definition>global::Microsoft.AspNetCore.Mvc.IViewComponentHelper AspNetCore.Views__ViewStart.Component</definition>
        <argsstring></argsstring>
        <name>Component</name>
        <qualifiedname>AspNetCore.Views__ViewStart.Component</qualifiedname>
        <briefdescription>
        </briefdescription>
        <detaileddescription>
        </detaileddescription>
        <inbodydescription>
        </inbodydescription>
        <location file="obj/Debug/net5.0/Razor/Views/_ViewStart.cshtml.g.cs" line="51" column="67" bodyfile="obj/Debug/net5.0/Razor/Views/_ViewStart.cshtml.g.cs" bodystart="51" bodyend="51"/>
      </memberdef>
      <memberdef kind="property" id="d6/d17/classAspNetCore_1_1Views____ViewStart_1adfc91850c1c9d9409b39c4924ba516d4" prot="public" static="no" readable="no" writable="no" gettable="yes" privategettable="no" protectedgettable="no" settable="no" privatesettable="yes" protectedsettable="no">
        <type>global::Microsoft.AspNetCore.Mvc.Rendering.IJsonHelper</type>
        <definition>global::Microsoft.AspNetCore.Mvc.Rendering.IJsonHelper AspNetCore.Views__ViewStart.Json</definition>
        <argsstring></argsstring>
        <name>Json</name>
        <qualifiedname>AspNetCore.Views__ViewStart.Json</qualifiedname>
        <briefdescription>
        </briefdescription>
        <detaileddescription>
        </detaileddescription>
        <inbodydescription>
        </inbodydescription>
        <location file="obj/Debug/net5.0/Razor/Views/_ViewStart.cshtml.g.cs" line="53" column="67" bodyfile="obj/Debug/net5.0/Razor/Views/_ViewStart.cshtml.g.cs" bodystart="53" bodyend="53"/>
      </memberdef>
      <memberdef kind="property" id="d6/d17/classAspNetCore_1_1Views____ViewStart_1a9028a34d35592e52ebf62a6600d04aba" prot="public" static="no" readable="no" writable="no" gettable="yes" privategettable="no" protectedgettable="no" settable="no" privatesettable="yes" protectedsettable="no">
        <type>global::Microsoft.AspNetCore.Mvc.Rendering.IHtmlHelper&lt; dynamic &gt;</type>
        <definition>global::Microsoft.AspNetCore.Mvc.Rendering.IHtmlHelper&lt;dynamic&gt; AspNetCore.Views__ViewStart.Html</definition>
        <argsstring></argsstring>
        <name>Html</name>
        <qualifiedname>AspNetCore.Views__ViewStart.Html</qualifiedname>
        <briefdescription>
        </briefdescription>
        <detaileddescription>
        </detaileddescription>
        <inbodydescription>
        </inbodydescription>
        <location file="obj/Debug/net5.0/Razor/Views/_ViewStart.cshtml.g.cs" line="55" column="67" bodyfile="obj/Debug/net5.0/Razor/Views/_ViewStart.cshtml.g.cs" bodystart="55" bodyend="55"/>
      </memberdef>
    </sectiondef>
    <sectiondef kind="public-func">
      <memberdef kind="function" id="d6/d17/classAspNetCore_1_1Views____ViewStart_1ab3395816bd37d1d7f8ed1bceafaab28f" prot="public" static="no" const="no" explicit="no" inline="yes" virt="non-virtual">
        <type>async override global::System.Threading.Tasks.Task</type>
        <definition>async override global::System.Threading.Tasks.Task AspNetCore.Views__ViewStart.ExecuteAsync</definition>
        <argsstring>()</argsstring>
        <name>ExecuteAsync</name>
        <qualifiedname>AspNetCore.Views__ViewStart.ExecuteAsync</qualifiedname>
        <briefdescription>
        </briefdescription>
        <detaileddescription>
        </detaileddescription>
        <inbodydescription>
        </inbodydescription>
        <location file="obj/Debug/net5.0/Razor/Views/_ViewStart.cshtml.g.cs" line="34" column="64" bodyfile="obj/Debug/net5.0/Razor/Views/_ViewStart.cshtml.g.cs" bodystart="34" bodyend="44"/>
      </memberdef>
    </sectiondef>
    <briefdescription>
    </briefdescription>
    <detaileddescription>
    </detaileddescription>
    <inheritancegraph>
      <node id="1">
        <label>AspNetCore.Views__ViewStart</label>
        <link refid="d6/d17/classAspNetCore_1_1Views____ViewStart"/>
        <childnode refid="2" relation="public-inheritance">
        </childnode>
      </node>
      <node id="2">
        <label>global::MicrosoftAspNetCore::Mvc::Razor::RazorPage&lt; dynamic &gt;</label>
      </node>
    </inheritancegraph>
    <collaborationgraph>
      <node id="1">
        <label>AspNetCore.Views__ViewStart</label>
        <link refid="d6/d17/classAspNetCore_1_1Views____ViewStart"/>
        <childnode refid="2" relation="public-inheritance">
        </childnode>
      </node>
      <node id="2">
        <label>global::MicrosoftAspNetCore::Mvc::Razor::RazorPage&lt; dynamic &gt;</label>
      </node>
    </collaborationgraph>
    <location file="obj/Debug/net5.0/Razor/Views/_ViewStart.cshtml.g.cs" line="31" column="11" bodyfile="obj/Debug/net5.0/Razor/Views/_ViewStart.cshtml.g.cs" bodystart="32" bodyend="56"/>
    <listofallmembers>
      <member refid="d6/d17/classAspNetCore_1_1Views____ViewStart_1a8da75bb43bca5132bd26959b13ddc80b" prot="public" virt="non-virtual"><scope>AspNetCore::Views__ViewStart</scope><name>Component</name></member>
      <member refid="d6/d17/classAspNetCore_1_1Views____ViewStart_1ab3395816bd37d1d7f8ed1bceafaab28f" prot="public" virt="non-virtual"><scope>AspNetCore::Views__ViewStart</scope><name>ExecuteAsync</name></member>
      <member refid="d6/d17/classAspNetCore_1_1Views____ViewStart_1a9028a34d35592e52ebf62a6600d04aba" prot="public" virt="non-virtual"><scope>AspNetCore::Views__ViewStart</scope><name>Html</name></member>
      <member refid="d6/d17/classAspNetCore_1_1Views____ViewStart_1adfc91850c1c9d9409b39c4924ba516d4" prot="public" virt="non-virtual"><scope>AspNetCore::Views__ViewStart</scope><name>Json</name></member>
      <member refid="d6/d17/classAspNetCore_1_1Views____ViewStart_1a97902ea5e8251ff63e9a2f4dd5389943" prot="public" virt="non-virtual"><scope>AspNetCore::Views__ViewStart</scope><name>ModelExpressionProvider</name></member>
      <member refid="d6/d17/classAspNetCore_1_1Views____ViewStart_1aac82cabef8b298088c0b7a539476bd8b" prot="public" virt="non-virtual"><scope>AspNetCore::Views__ViewStart</scope><name>Url</name></member>
    </listofallmembers>
  </compounddef>
</doxygen>
