<?xml version='1.0' encoding='UTF-8' standalone='no'?>
<doxygen xmlns:xsi="http://www.w3.org/2001/XMLSchema-instance" xsi:noNamespaceSchemaLocation="compound.xsd" version="1.10.0" xml:lang="en-US">
  <compounddef id="d9/dbc/namespaceMicrosoft_1_1AspNetCore_1_1Mvc_1_1Filters" kind="namespace" language="C#">
    <compoundname>Microsoft::AspNetCore::Mvc::Filters</compoundname>
    <briefdescription>
    </briefdescription>
    <detaileddescription>
    </detaileddescription>
    <location file="obj/Debug/net5.0/Razor/Views/Rekrutacja/Index.cshtml.g.cs" line="45" column="39"/>
  </compounddef>
</doxygen>
