<?xml version='1.0' encoding='UTF-8' standalone='no'?>
<doxygen xmlns:xsi="http://www.w3.org/2001/XMLSchema-instance" xsi:noNamespaceSchemaLocation="compound.xsd" version="1.10.0" xml:lang="en-US">
  <compounddef id="d4/d72/namespaceMicrosoft_1_1AspNetCore_1_1Http" kind="namespace" language="C#">
    <compoundname>Microsoft::AspNetCore::Http</compoundname>
    <briefdescription>
    </briefdescription>
    <detaileddescription>
    </detaileddescription>
    <location file="Controllers/OsobaController.cs" line="2" column="32"/>
  </compounddef>
</doxygen>
