<?xml version='1.0' encoding='UTF-8' standalone='no'?>
<doxygen xmlns:xsi="http://www.w3.org/2001/XMLSchema-instance" xsi:noNamespaceSchemaLocation="compound.xsd" version="1.10.0" xml:lang="en-US">
  <compounddef id="d9/d48/MaturaModel_8cs" kind="file" language="C#">
    <compoundname>MaturaModel.cs</compoundname>
    <innerclass refid="df/dc3/classprojektowaniaOprogramowania_1_1ViewModels_1_1MaturaModel" prot="public">projektowaniaOprogramowania::ViewModels::MaturaModel</innerclass>
    <innernamespace refid="d8/d9d/namespaceprojektowaniaOprogramowania">projektowaniaOprogramowania</innernamespace>
    <innernamespace refid="da/dc5/namespaceprojektowaniaOprogramowania_1_1ViewModels">projektowaniaOprogramowania::ViewModels</innernamespace>
    <briefdescription>
    </briefdescription>
    <detaileddescription>
    </detaileddescription>
    <programlisting>
<codeline lineno="1"><highlight class="keyword">using<sp/></highlight><highlight class="normal">System.ComponentModel.DataAnnotations.Schema;</highlight></codeline>
<codeline lineno="2"><highlight class="normal"></highlight><highlight class="keyword">using<sp/></highlight><highlight class="normal">System.ComponentModel.DataAnnotations;</highlight></codeline>
<codeline lineno="3"><highlight class="normal"></highlight><highlight class="keyword">using<sp/></highlight><highlight class="normal">System;</highlight></codeline>
<codeline lineno="4"><highlight class="normal"></highlight></codeline>
<codeline lineno="5"><highlight class="normal"></highlight><highlight class="keyword">namespace<sp/></highlight><highlight class="normal"><ref refid="da/dc5/namespaceprojektowaniaOprogramowania_1_1ViewModels" kindref="compound">projektowaniaOprogramowania.ViewModels</ref></highlight></codeline>
<codeline lineno="6"><highlight class="normal">{</highlight></codeline>
<codeline lineno="7"><highlight class="normal"><sp/><sp/><sp/><sp/>[Table(</highlight><highlight class="stringliteral">&quot;matury&quot;</highlight><highlight class="normal">)]</highlight></codeline>
<codeline lineno="8" refid="df/dc3/classprojektowaniaOprogramowania_1_1ViewModels_1_1MaturaModel" refkind="compound"><highlight class="normal"><sp/><sp/><sp/><sp/></highlight><highlight class="keyword">public</highlight><highlight class="normal"><sp/></highlight><highlight class="keyword">class<sp/></highlight><highlight class="normal"><ref refid="df/dc3/classprojektowaniaOprogramowania_1_1ViewModels_1_1MaturaModel" kindref="compound">MaturaModel</ref></highlight></codeline>
<codeline lineno="9"><highlight class="normal"><sp/><sp/><sp/><sp/>{</highlight></codeline>
<codeline lineno="10"><highlight class="normal"><sp/><sp/><sp/><sp/><sp/><sp/><sp/><sp/>[Key]</highlight></codeline>
<codeline lineno="11"><highlight class="normal"><sp/><sp/><sp/><sp/><sp/><sp/><sp/><sp/>[DatabaseGenerated(DatabaseGeneratedOption.Identity)]</highlight></codeline>
<codeline lineno="12"><highlight class="normal"><sp/><sp/><sp/><sp/><sp/><sp/><sp/><sp/></highlight><highlight class="keyword">public</highlight><highlight class="normal"><sp/></highlight><highlight class="keywordtype">long</highlight><highlight class="normal"><sp/>Id<sp/>{<sp/></highlight><highlight class="keyword">get</highlight><highlight class="normal">;<sp/></highlight><highlight class="keyword">set</highlight><highlight class="normal">;<sp/>}</highlight></codeline>
<codeline lineno="13"><highlight class="normal"></highlight></codeline>
<codeline lineno="14"><highlight class="normal"><sp/><sp/><sp/><sp/><sp/><sp/><sp/><sp/>[Required]</highlight></codeline>
<codeline lineno="15"><highlight class="normal"><sp/><sp/><sp/><sp/><sp/><sp/><sp/><sp/></highlight><highlight class="keyword">public</highlight><highlight class="normal"><sp/>DateTime<sp/>DataPrzystapieniaDoMatury<sp/>{<sp/></highlight><highlight class="keyword">get</highlight><highlight class="normal">;<sp/></highlight><highlight class="keyword">set</highlight><highlight class="normal">;<sp/>}</highlight></codeline>
<codeline lineno="16"><highlight class="normal"></highlight></codeline>
<codeline lineno="17"><highlight class="normal"><sp/><sp/><sp/><sp/><sp/><sp/><sp/><sp/>[ForeignKey(</highlight><highlight class="stringliteral">&quot;PodanieNaIStopien&quot;</highlight><highlight class="normal">)]</highlight></codeline>
<codeline lineno="18"><highlight class="normal"><sp/><sp/><sp/><sp/><sp/><sp/><sp/><sp/></highlight><highlight class="keyword">public</highlight><highlight class="normal"><sp/></highlight><highlight class="keywordtype">long</highlight><highlight class="normal"><sp/>FkIdPodanieNaIStopien<sp/>{<sp/></highlight><highlight class="keyword">get</highlight><highlight class="normal">;<sp/></highlight><highlight class="keyword">set</highlight><highlight class="normal">;<sp/>}</highlight></codeline>
<codeline lineno="19"><highlight class="normal"><sp/><sp/><sp/><sp/><sp/><sp/><sp/><sp/></highlight><highlight class="keyword">public</highlight><highlight class="normal"><sp/><ref refid="d8/d22/classprojektowaniaOprogramowania_1_1ViewModels_1_1PodanieNaStudiaIStopniaModel" kindref="compound">PodanieNaStudiaIStopniaModel</ref><sp/>PodanieNaIStopien<sp/>{<sp/></highlight><highlight class="keyword">get</highlight><highlight class="normal">;<sp/></highlight><highlight class="keyword">set</highlight><highlight class="normal">;<sp/>}</highlight></codeline>
<codeline lineno="20"><highlight class="normal"><sp/><sp/><sp/><sp/>}</highlight></codeline>
<codeline lineno="21"><highlight class="normal">}</highlight></codeline>
    </programlisting>
    <location file="Models/Other/MaturaModel.cs"/>
  </compounddef>
</doxygen>
