<?xml version='1.0' encoding='UTF-8' standalone='no'?>
<doxygen xmlns:xsi="http://www.w3.org/2001/XMLSchema-instance" xsi:noNamespaceSchemaLocation="compound.xsd" version="1.10.0" xml:lang="en-US">
  <compounddef id="d7/d97/namespaceMicrosoft_1_1AspNetCore_1_1Mvc" kind="namespace" language="C#">
    <compoundname>Microsoft::AspNetCore::Mvc</compoundname>
    <briefdescription>
    </briefdescription>
    <detaileddescription>
    </detaileddescription>
    <location file="Controllers/HomeController.cs" line="6" column="31"/>
  </compounddef>
</doxygen>
