<?xml version='1.0' encoding='UTF-8' standalone='no'?>
<doxygen xmlns:xsi="http://www.w3.org/2001/XMLSchema-instance" xsi:noNamespaceSchemaLocation="compound.xsd" version="1.10.0" xml:lang="en-US">
  <compounddef id="d4/d90/namespaceMicrosoft_1_1EntityFrameworkCore" kind="namespace" language="C#">
    <compoundname>Microsoft::EntityFrameworkCore</compoundname>
    <briefdescription>
    </briefdescription>
    <detaileddescription>
    </detaileddescription>
    <location file="Controllers/KierunekNaPodaniuController.cs" line="9" column="36"/>
  </compounddef>
</doxygen>
