<?xml version='1.0' encoding='UTF-8' standalone='no'?>
<doxygen xmlns:xsi="http://www.w3.org/2001/XMLSchema-instance" xsi:noNamespaceSchemaLocation="compound.xsd" version="1.10.0" xml:lang="en-US">
  <compounddef id="de/d64/classprojektowaniaOprogramowania_1_1ViewModels_1_1KategoriaOsiagnieciaModel" kind="class" language="C#" prot="public">
    <compoundname>projektowaniaOprogramowania::ViewModels::KategoriaOsiagnieciaModel</compoundname>
    <sectiondef kind="property">
      <memberdef kind="property" id="de/d64/classprojektowaniaOprogramowania_1_1ViewModels_1_1KategoriaOsiagnieciaModel_1a54fe6f6b725b49c7e8940d19b0b6d97c" prot="public" static="no" readable="no" writable="no" gettable="yes" privategettable="no" protectedgettable="no" settable="yes" privatesettable="no" protectedsettable="no">
        <type>long</type>
        <definition>long projektowaniaOprogramowania.ViewModels.KategoriaOsiagnieciaModel.Id</definition>
        <argsstring></argsstring>
        <name>Id</name>
        <qualifiedname>projektowaniaOprogramowania.ViewModels.KategoriaOsiagnieciaModel.Id</qualifiedname>
        <briefdescription>
        </briefdescription>
        <detaileddescription>
        </detaileddescription>
        <inbodydescription>
        </inbodydescription>
        <location file="Models/Other/KategoriaOsiagnieciaModel.cs" line="11" column="21" bodyfile="Models/Other/KategoriaOsiagnieciaModel.cs" bodystart="11" bodyend="11"/>
      </memberdef>
      <memberdef kind="property" id="de/d64/classprojektowaniaOprogramowania_1_1ViewModels_1_1KategoriaOsiagnieciaModel_1af47b8867bf8c0d1e0dddfb572b9e4931" prot="public" static="no" readable="no" writable="no" gettable="yes" privategettable="no" protectedgettable="no" settable="yes" privatesettable="no" protectedsettable="no">
        <type>string</type>
        <definition>string projektowaniaOprogramowania.ViewModels.KategoriaOsiagnieciaModel.NazwaKategorii</definition>
        <argsstring></argsstring>
        <name>NazwaKategorii</name>
        <qualifiedname>projektowaniaOprogramowania.ViewModels.KategoriaOsiagnieciaModel.NazwaKategorii</qualifiedname>
        <briefdescription>
        </briefdescription>
        <detaileddescription>
        </detaileddescription>
        <inbodydescription>
        </inbodydescription>
        <location file="Models/Other/KategoriaOsiagnieciaModel.cs" line="15" column="23" bodyfile="Models/Other/KategoriaOsiagnieciaModel.cs" bodystart="15" bodyend="15"/>
      </memberdef>
    </sectiondef>
    <briefdescription>
    </briefdescription>
    <detaileddescription>
    </detaileddescription>
    <location file="Models/Other/KategoriaOsiagnieciaModel.cs" line="7" column="11" bodyfile="Models/Other/KategoriaOsiagnieciaModel.cs" bodystart="8" bodyend="16"/>
    <listofallmembers>
      <member refid="de/d64/classprojektowaniaOprogramowania_1_1ViewModels_1_1KategoriaOsiagnieciaModel_1a54fe6f6b725b49c7e8940d19b0b6d97c" prot="public" virt="non-virtual"><scope>projektowaniaOprogramowania::ViewModels::KategoriaOsiagnieciaModel</scope><name>Id</name></member>
      <member refid="de/d64/classprojektowaniaOprogramowania_1_1ViewModels_1_1KategoriaOsiagnieciaModel_1af47b8867bf8c0d1e0dddfb572b9e4931" prot="public" virt="non-virtual"><scope>projektowaniaOprogramowania::ViewModels::KategoriaOsiagnieciaModel</scope><name>NazwaKategorii</name></member>
    </listofallmembers>
  </compounddef>
</doxygen>
