<?xml version='1.0' encoding='UTF-8' standalone='no'?>
<doxygen xmlns:xsi="http://www.w3.org/2001/XMLSchema-instance" xsi:noNamespaceSchemaLocation="compound.xsd" version="1.10.0" xml:lang="en-US">
  <compounddef id="d5/de3/PrzegladController_8cs" kind="file" language="C#">
    <compoundname>PrzegladController.cs</compoundname>
    <innerclass refid="d9/d8a/classprojektowaniaOprogramowania_1_1Controllers_1_1PrzegladController" prot="public">projektowaniaOprogramowania::Controllers::PrzegladController</innerclass>
    <innernamespace refid="d8/d9d/namespaceprojektowaniaOprogramowania">projektowaniaOprogramowania</innernamespace>
    <innernamespace refid="d7/df3/namespaceprojektowaniaOprogramowania_1_1Controllers">projektowaniaOprogramowania::Controllers</innernamespace>
    <briefdescription>
    </briefdescription>
    <detaileddescription>
    </detaileddescription>
    <programlisting>
<codeline lineno="1"><highlight class="keyword">using<sp/></highlight><highlight class="normal">System.Collections.Generic;</highlight></codeline>
<codeline lineno="2"><highlight class="normal"></highlight><highlight class="keyword">using<sp/></highlight><highlight class="normal">System.Linq;</highlight></codeline>
<codeline lineno="3"><highlight class="normal"></highlight><highlight class="keyword">using<sp/></highlight><highlight class="normal">Microsoft.AspNetCore.Http;</highlight></codeline>
<codeline lineno="4"><highlight class="normal"></highlight><highlight class="keyword">using<sp/></highlight><highlight class="normal">Microsoft.AspNetCore.Mvc;</highlight></codeline>
<codeline lineno="5"><highlight class="normal"></highlight><highlight class="keyword">using<sp/></highlight><highlight class="normal"><ref refid="d6/d4b/namespaceprojektowaniaOprogramowania_1_1Models" kindref="compound">projektowaniaOprogramowania.Models</ref>;</highlight></codeline>
<codeline lineno="6"><highlight class="normal"></highlight></codeline>
<codeline lineno="7"><highlight class="normal"></highlight><highlight class="keyword">using<sp/></highlight><highlight class="normal"><ref refid="d8/d08/namespaceprojektowaniaOprogramowania_1_1Services" kindref="compound">projektowaniaOprogramowania.Services</ref>;</highlight></codeline>
<codeline lineno="8"><highlight class="normal"></highlight><highlight class="keyword">using<sp/></highlight><highlight class="normal"><ref refid="d1/dc3/namespaceprojektowaniaOprogramowania_1_1ViewModels_1_1CollegeStructures" kindref="compound">projektowaniaOprogramowania.ViewModels.CollegeStructures</ref>;</highlight></codeline>
<codeline lineno="9"><highlight class="normal"></highlight><highlight class="keyword">using<sp/></highlight><highlight class="normal"><ref refid="d9/dc8/namespaceprojektowaniaOprogramowania_1_1ViewModels_1_1Users" kindref="compound">projektowaniaOprogramowania.ViewModels.Users</ref>;</highlight></codeline>
<codeline lineno="10"><highlight class="normal"></highlight></codeline>
<codeline lineno="11"><highlight class="normal"></highlight><highlight class="keyword">namespace<sp/></highlight><highlight class="normal"><ref refid="d7/df3/namespaceprojektowaniaOprogramowania_1_1Controllers" kindref="compound">projektowaniaOprogramowania.Controllers</ref></highlight></codeline>
<codeline lineno="12"><highlight class="normal">{</highlight></codeline>
<codeline lineno="13" refid="d9/d8a/classprojektowaniaOprogramowania_1_1Controllers_1_1PrzegladController" refkind="compound"><highlight class="normal"><sp/><sp/><sp/><sp/></highlight><highlight class="keyword">public</highlight><highlight class="normal"><sp/></highlight><highlight class="keyword">class<sp/></highlight><highlight class="normal"><ref refid="d9/d8a/classprojektowaniaOprogramowania_1_1Controllers_1_1PrzegladController" kindref="compound">PrzegladController</ref><sp/>:<sp/>Controller</highlight></codeline>
<codeline lineno="14"><highlight class="normal"><sp/><sp/><sp/><sp/>{</highlight></codeline>
<codeline lineno="15"><highlight class="normal"><sp/><sp/><sp/><sp/><sp/><sp/><sp/><sp/></highlight><highlight class="keyword">private</highlight><highlight class="normal"><sp/>readonly<sp/><ref refid="da/d72/classprojektowaniaOprogramowania_1_1Models_1_1MyDbContext" kindref="compound">MyDbContext</ref><sp/>_context;</highlight></codeline>
<codeline lineno="16"><highlight class="normal"><sp/><sp/><sp/><sp/><sp/><sp/><sp/><sp/></highlight><highlight class="keyword">private</highlight><highlight class="normal"><sp/>readonly<sp/><ref refid="df/d6e/classprojektowaniaOprogramowania_1_1Services_1_1PunktyRekrutacyjneService" kindref="compound">PunktyRekrutacyjneService</ref><sp/>_punktyRekrutacyjneService;</highlight></codeline>
<codeline lineno="17"><highlight class="normal"><sp/><sp/><sp/><sp/><sp/><sp/><sp/><sp/></highlight><highlight class="keyword">private</highlight><highlight class="normal"><sp/>readonly<sp/><ref refid="d9/da7/interfaceprojektowaniaOprogramowania_1_1Services_1_1ISessionWrapper" kindref="compound">ISessionWrapper</ref><sp/>_sessionWrapper;</highlight></codeline>
<codeline lineno="18"><highlight class="normal"></highlight></codeline>
<codeline lineno="19"><highlight class="normal"><sp/><sp/><sp/><sp/><sp/><sp/><sp/><sp/></highlight><highlight class="keyword">public</highlight><highlight class="normal"><sp/><ref refid="d9/d8a/classprojektowaniaOprogramowania_1_1Controllers_1_1PrzegladController" kindref="compound">PrzegladController</ref>(<ref refid="da/d72/classprojektowaniaOprogramowania_1_1Models_1_1MyDbContext" kindref="compound">MyDbContext</ref><sp/>context,<sp/><ref refid="df/d6e/classprojektowaniaOprogramowania_1_1Services_1_1PunktyRekrutacyjneService" kindref="compound">PunktyRekrutacyjneService</ref><sp/>punktyRekrutacyjneService,<sp/><ref refid="d9/da7/interfaceprojektowaniaOprogramowania_1_1Services_1_1ISessionWrapper" kindref="compound">ISessionWrapper</ref><sp/>sessionWrapper)</highlight></codeline>
<codeline lineno="20"><highlight class="normal"><sp/><sp/><sp/><sp/><sp/><sp/><sp/><sp/>{</highlight></codeline>
<codeline lineno="21"><highlight class="normal"><sp/><sp/><sp/><sp/><sp/><sp/><sp/><sp/><sp/><sp/><sp/><sp/>_context<sp/>=<sp/>context;</highlight></codeline>
<codeline lineno="22"><highlight class="normal"><sp/><sp/><sp/><sp/><sp/><sp/><sp/><sp/><sp/><sp/><sp/><sp/>_punktyRekrutacyjneService<sp/>=<sp/>punktyRekrutacyjneService;</highlight></codeline>
<codeline lineno="23"><highlight class="normal"><sp/><sp/><sp/><sp/><sp/><sp/><sp/><sp/><sp/><sp/><sp/><sp/>_sessionWrapper<sp/>=<sp/>sessionWrapper;</highlight></codeline>
<codeline lineno="24"><highlight class="normal"><sp/><sp/><sp/><sp/><sp/><sp/><sp/><sp/>}</highlight></codeline>
<codeline lineno="25"><highlight class="normal"></highlight></codeline>
<codeline lineno="26"><highlight class="normal"><sp/><sp/><sp/><sp/><sp/><sp/><sp/><sp/></highlight><highlight class="comment">//<sp/>funkcja<sp/>podobna<sp/>do<sp/>Predykcja/Index,<sp/>ale<sp/>nie<sp/>wyciągałem<sp/>osobnej<sp/>funkcji,<sp/>żeby<sp/>zapewnić<sp/>prostote<sp/>analizy<sp/>kodu</highlight><highlight class="normal"></highlight></codeline>
<codeline lineno="27"><highlight class="normal"><sp/><sp/><sp/><sp/><sp/><sp/><sp/><sp/></highlight><highlight class="keyword">public</highlight><highlight class="normal"><sp/>IActionResult<sp/>WszystkieKierunki(</highlight><highlight class="keywordtype">string</highlight><highlight class="normal"><sp/>kierunekNameFilter,<sp/></highlight><highlight class="keywordtype">long</highlight><highlight class="normal">?<sp/>wydzialIdFilter)</highlight></codeline>
<codeline lineno="28"><highlight class="normal"><sp/><sp/><sp/><sp/><sp/><sp/><sp/><sp/>{</highlight></codeline>
<codeline lineno="29"><highlight class="normal"><sp/><sp/><sp/><sp/><sp/><sp/><sp/><sp/><sp/><sp/><sp/><sp/>List&lt;KierunekModel&gt;<sp/>kierunki<sp/>=<sp/>_context.Kierunki.ToList();</highlight></codeline>
<codeline lineno="30"><highlight class="normal"></highlight></codeline>
<codeline lineno="31"><highlight class="normal"><sp/><sp/><sp/><sp/><sp/><sp/><sp/><sp/><sp/><sp/><sp/><sp/></highlight><highlight class="keywordflow">if</highlight><highlight class="normal"><sp/>(wydzialIdFilter<sp/>!=<sp/></highlight><highlight class="keyword">null</highlight><highlight class="normal">)</highlight></codeline>
<codeline lineno="32"><highlight class="normal"><sp/><sp/><sp/><sp/><sp/><sp/><sp/><sp/><sp/><sp/><sp/><sp/><sp/><sp/><sp/><sp/>kierunki<sp/>=<sp/>kierunki.Where(k<sp/>=&gt;<sp/>k.FkIdWydzial<sp/>==<sp/>wydzialIdFilter).ToList();</highlight></codeline>
<codeline lineno="33"><highlight class="normal"></highlight></codeline>
<codeline lineno="34"><highlight class="normal"><sp/><sp/><sp/><sp/><sp/><sp/><sp/><sp/><sp/><sp/><sp/><sp/></highlight><highlight class="keywordflow">if</highlight><highlight class="normal"><sp/>(kierunekNameFilter<sp/>!=<sp/></highlight><highlight class="keyword">null</highlight><highlight class="normal">)</highlight></codeline>
<codeline lineno="35"><highlight class="normal"><sp/><sp/><sp/><sp/><sp/><sp/><sp/><sp/><sp/><sp/><sp/><sp/><sp/><sp/><sp/><sp/>kierunki<sp/>=<sp/>kierunki.Where(k<sp/>=&gt;<sp/>k.NazwaKierunku.ToLower().Contains(kierunekNameFilter.ToLower())).ToList();</highlight></codeline>
<codeline lineno="36"><highlight class="normal"></highlight></codeline>
<codeline lineno="37"><highlight class="normal"><sp/><sp/><sp/><sp/><sp/><sp/><sp/><sp/><sp/><sp/><sp/><sp/>ViewBag.Wydzialy<sp/>=<sp/>_context.Wydzialy.ToList();</highlight></codeline>
<codeline lineno="38"><highlight class="normal"><sp/><sp/><sp/><sp/><sp/><sp/><sp/><sp/><sp/><sp/><sp/><sp/>ViewBag.KierunekNameFilter<sp/>=<sp/>kierunekNameFilter;</highlight></codeline>
<codeline lineno="39"><highlight class="normal"><sp/><sp/><sp/><sp/><sp/><sp/><sp/><sp/><sp/><sp/><sp/><sp/>ViewBag.WydzialIdFilter<sp/>=<sp/>wydzialIdFilter;</highlight></codeline>
<codeline lineno="40"><highlight class="normal"></highlight></codeline>
<codeline lineno="41"><highlight class="normal"><sp/><sp/><sp/><sp/><sp/><sp/><sp/><sp/><sp/><sp/><sp/><sp/></highlight><highlight class="keywordflow">return</highlight><highlight class="normal"><sp/>View(kierunki);</highlight></codeline>
<codeline lineno="42"><highlight class="normal"><sp/><sp/><sp/><sp/><sp/><sp/><sp/><sp/>}</highlight></codeline>
<codeline lineno="43"><highlight class="normal"></highlight></codeline>
<codeline lineno="44"><highlight class="normal"><sp/><sp/><sp/><sp/><sp/><sp/><sp/><sp/></highlight><highlight class="keyword">public</highlight><highlight class="normal"><sp/>IActionResult<sp/>DetaleKierunku(</highlight><highlight class="keywordtype">long</highlight><highlight class="normal"><sp/>kierunekId)</highlight></codeline>
<codeline lineno="45"><highlight class="normal"><sp/><sp/><sp/><sp/><sp/><sp/><sp/><sp/>{</highlight></codeline>
<codeline lineno="46"><highlight class="normal"><sp/><sp/><sp/><sp/><sp/><sp/><sp/><sp/><sp/><sp/><sp/><sp/><ref refid="dd/d2a/classprojektowaniaOprogramowania_1_1ViewModels_1_1CollegeStructures_1_1KierunekModel" kindref="compound">KierunekModel</ref><sp/>kierunek<sp/>=<sp/>_context.Kierunki.SingleOrDefault(k<sp/>=&gt;<sp/>k.Id<sp/>==<sp/>kierunekId);</highlight></codeline>
<codeline lineno="47"><highlight class="normal"><sp/><sp/><sp/><sp/><sp/><sp/><sp/><sp/><sp/><sp/><sp/><sp/></highlight><highlight class="keywordflow">if</highlight><highlight class="normal"><sp/>(kierunek<sp/>==<sp/></highlight><highlight class="keyword">null</highlight><highlight class="normal">)</highlight></codeline>
<codeline lineno="48"><highlight class="normal"><sp/><sp/><sp/><sp/><sp/><sp/><sp/><sp/><sp/><sp/><sp/><sp/><sp/><sp/><sp/><sp/></highlight><highlight class="keywordflow">return</highlight><highlight class="normal"><sp/>RedirectToAction(</highlight><highlight class="stringliteral">&quot;Error&quot;</highlight><highlight class="normal">,<sp/></highlight><highlight class="stringliteral">&quot;Home&quot;</highlight><highlight class="normal">);</highlight></codeline>
<codeline lineno="49"><highlight class="normal"></highlight></codeline>
<codeline lineno="50"><highlight class="normal"><sp/><sp/><sp/><sp/><sp/><sp/><sp/><sp/><sp/><sp/><sp/><sp/><ref refid="d6/da6/classprojektowaniaOprogramowania_1_1ViewModels_1_1Users_1_1KandydatModel" kindref="compound">KandydatModel</ref><sp/>kandydat<sp/>=<sp/>_context.Kandydaci.SingleOrDefault(k<sp/>=&gt;<sp/>k.Id<sp/>==<sp/>_sessionWrapper.GetUserId());</highlight></codeline>
<codeline lineno="51"><highlight class="normal"></highlight></codeline>
<codeline lineno="52"><highlight class="normal"><sp/><sp/><sp/><sp/><sp/><sp/><sp/><sp/><sp/><sp/><sp/><sp/></highlight><highlight class="keywordflow">if</highlight><highlight class="normal"><sp/>(kandydat<sp/>!=<sp/></highlight><highlight class="keyword">null</highlight><highlight class="normal">)</highlight></codeline>
<codeline lineno="53"><highlight class="normal"><sp/><sp/><sp/><sp/><sp/><sp/><sp/><sp/><sp/><sp/><sp/><sp/><sp/><sp/><sp/><sp/>_punktyRekrutacyjneService.WyliczPrzelicznikKandydataDlaKierunku(kandydat,<sp/>kierunek);<sp/><sp/><sp/></highlight></codeline>
<codeline lineno="54"><highlight class="normal"></highlight></codeline>
<codeline lineno="55"><highlight class="normal"><sp/><sp/><sp/><sp/><sp/><sp/><sp/><sp/><sp/><sp/><sp/><sp/></highlight><highlight class="keywordflow">return</highlight><highlight class="normal"><sp/>View(kierunek);</highlight></codeline>
<codeline lineno="56"><highlight class="normal"><sp/><sp/><sp/><sp/><sp/><sp/><sp/><sp/>}</highlight></codeline>
<codeline lineno="57"><highlight class="normal"><sp/><sp/><sp/><sp/>}</highlight></codeline>
<codeline lineno="58"><highlight class="normal">}</highlight></codeline>
    </programlisting>
    <location file="Controllers/PrzegladController.cs"/>
  </compounddef>
</doxygen>
