<?xml version='1.0' encoding='UTF-8' standalone='no'?>
<doxygen xmlns:xsi="http://www.w3.org/2001/XMLSchema-instance" xsi:noNamespaceSchemaLocation="compound.xsd" version="1.10.0" xml:lang="en-US">
  <compounddef id="dd/d10/classprojektowaniaOprogramowania_1_1ViewModels_1_1PrzelicznikDorobkuModel" kind="class" language="C#" prot="public">
    <compoundname>projektowaniaOprogramowania::ViewModels::PrzelicznikDorobkuModel</compoundname>
    <sectiondef kind="property">
      <memberdef kind="property" id="dd/d10/classprojektowaniaOprogramowania_1_1ViewModels_1_1PrzelicznikDorobkuModel_1aafb4fb40f318a0d5b3951c930f1456d7" prot="public" static="no" readable="no" writable="no" gettable="yes" privategettable="no" protectedgettable="no" settable="yes" privatesettable="no" protectedsettable="no">
        <type>long</type>
        <definition>long projektowaniaOprogramowania.ViewModels.PrzelicznikDorobkuModel.Id</definition>
        <argsstring></argsstring>
        <name>Id</name>
        <qualifiedname>projektowaniaOprogramowania.ViewModels.PrzelicznikDorobkuModel.Id</qualifiedname>
        <briefdescription>
        </briefdescription>
        <detaileddescription>
        </detaileddescription>
        <inbodydescription>
        </inbodydescription>
        <location file="Models/Other/PrzelicznikDorobkuModel.cs" line="11" column="21" bodyfile="Models/Other/PrzelicznikDorobkuModel.cs" bodystart="11" bodyend="11"/>
      </memberdef>
      <memberdef kind="property" id="dd/d10/classprojektowaniaOprogramowania_1_1ViewModels_1_1PrzelicznikDorobkuModel_1a4384fbb8223caaf52088af8393b340af" prot="public" static="no" readable="no" writable="no" gettable="yes" privategettable="no" protectedgettable="no" settable="yes" privatesettable="no" protectedsettable="no">
        <type>int</type>
        <definition>int projektowaniaOprogramowania.ViewModels.PrzelicznikDorobkuModel.PrzyznawanePunkty</definition>
        <argsstring></argsstring>
        <name>PrzyznawanePunkty</name>
        <qualifiedname>projektowaniaOprogramowania.ViewModels.PrzelicznikDorobkuModel.PrzyznawanePunkty</qualifiedname>
        <briefdescription>
        </briefdescription>
        <detaileddescription>
        </detaileddescription>
        <inbodydescription>
        </inbodydescription>
        <location file="Models/Other/PrzelicznikDorobkuModel.cs" line="14" column="20" bodyfile="Models/Other/PrzelicznikDorobkuModel.cs" bodystart="14" bodyend="14"/>
      </memberdef>
      <memberdef kind="property" id="dd/d10/classprojektowaniaOprogramowania_1_1ViewModels_1_1PrzelicznikDorobkuModel_1a2902830997d58f5a0f2965a56899db7c" prot="public" static="no" readable="no" writable="no" gettable="yes" privategettable="no" protectedgettable="no" settable="yes" privatesettable="no" protectedsettable="no">
        <type>long</type>
        <definition>long projektowaniaOprogramowania.ViewModels.PrzelicznikDorobkuModel.FkIdKategoriaDorobku</definition>
        <argsstring></argsstring>
        <name>FkIdKategoriaDorobku</name>
        <qualifiedname>projektowaniaOprogramowania.ViewModels.PrzelicznikDorobkuModel.FkIdKategoriaDorobku</qualifiedname>
        <briefdescription>
        </briefdescription>
        <detaileddescription>
        </detaileddescription>
        <inbodydescription>
        </inbodydescription>
        <location file="Models/Other/PrzelicznikDorobkuModel.cs" line="17" column="21" bodyfile="Models/Other/PrzelicznikDorobkuModel.cs" bodystart="17" bodyend="17"/>
      </memberdef>
      <memberdef kind="property" id="dd/d10/classprojektowaniaOprogramowania_1_1ViewModels_1_1PrzelicznikDorobkuModel_1a148dc2f8b4abda8160b10998fd2ccbee" prot="public" static="no" readable="no" writable="no" gettable="yes" privategettable="no" protectedgettable="no" settable="yes" privatesettable="no" protectedsettable="no">
        <type><ref refid="d1/d11/classprojektowaniaOprogramowania_1_1ViewModels_1_1KategoriaDorobkuModel" kindref="compound">KategoriaDorobkuModel</ref></type>
        <definition>KategoriaDorobkuModel projektowaniaOprogramowania.ViewModels.PrzelicznikDorobkuModel.KategoriaDorobku</definition>
        <argsstring></argsstring>
        <name>KategoriaDorobku</name>
        <qualifiedname>projektowaniaOprogramowania.ViewModels.PrzelicznikDorobkuModel.KategoriaDorobku</qualifiedname>
        <briefdescription>
        </briefdescription>
        <detaileddescription>
        </detaileddescription>
        <inbodydescription>
        </inbodydescription>
        <location file="Models/Other/PrzelicznikDorobkuModel.cs" line="18" column="38" bodyfile="Models/Other/PrzelicznikDorobkuModel.cs" bodystart="18" bodyend="18"/>
      </memberdef>
      <memberdef kind="property" id="dd/d10/classprojektowaniaOprogramowania_1_1ViewModels_1_1PrzelicznikDorobkuModel_1af1e3e3349eedecb4cb8754c046181a39" prot="public" static="no" readable="no" writable="no" gettable="yes" privategettable="no" protectedgettable="no" settable="yes" privatesettable="no" protectedsettable="no">
        <type>long</type>
        <definition>long projektowaniaOprogramowania.ViewModels.PrzelicznikDorobkuModel.FkIdPrzelicznikKierunkowy</definition>
        <argsstring></argsstring>
        <name>FkIdPrzelicznikKierunkowy</name>
        <qualifiedname>projektowaniaOprogramowania.ViewModels.PrzelicznikDorobkuModel.FkIdPrzelicznikKierunkowy</qualifiedname>
        <briefdescription>
        </briefdescription>
        <detaileddescription>
        </detaileddescription>
        <inbodydescription>
        </inbodydescription>
        <location file="Models/Other/PrzelicznikDorobkuModel.cs" line="21" column="21" bodyfile="Models/Other/PrzelicznikDorobkuModel.cs" bodystart="21" bodyend="21"/>
      </memberdef>
      <memberdef kind="property" id="dd/d10/classprojektowaniaOprogramowania_1_1ViewModels_1_1PrzelicznikDorobkuModel_1a1994f16e3c58652d24f27d696740605c" prot="public" static="no" readable="no" writable="no" gettable="yes" privategettable="no" protectedgettable="no" settable="yes" privatesettable="no" protectedsettable="no">
        <type><ref refid="dc/df4/classprojektowaniaOprogramowania_1_1ViewModels_1_1PrzelicznikKierunkowyModel" kindref="compound">PrzelicznikKierunkowyModel</ref></type>
        <definition>PrzelicznikKierunkowyModel projektowaniaOprogramowania.ViewModels.PrzelicznikDorobkuModel.PrzelicznikKierunkowy</definition>
        <argsstring></argsstring>
        <name>PrzelicznikKierunkowy</name>
        <qualifiedname>projektowaniaOprogramowania.ViewModels.PrzelicznikDorobkuModel.PrzelicznikKierunkowy</qualifiedname>
        <briefdescription>
        </briefdescription>
        <detaileddescription>
        </detaileddescription>
        <inbodydescription>
        </inbodydescription>
        <location file="Models/Other/PrzelicznikDorobkuModel.cs" line="22" column="43" bodyfile="Models/Other/PrzelicznikDorobkuModel.cs" bodystart="22" bodyend="22"/>
      </memberdef>
    </sectiondef>
    <briefdescription>
    </briefdescription>
    <detaileddescription>
    </detaileddescription>
    <location file="Models/Other/PrzelicznikDorobkuModel.cs" line="7" column="11" bodyfile="Models/Other/PrzelicznikDorobkuModel.cs" bodystart="8" bodyend="23"/>
    <listofallmembers>
      <member refid="dd/d10/classprojektowaniaOprogramowania_1_1ViewModels_1_1PrzelicznikDorobkuModel_1a2902830997d58f5a0f2965a56899db7c" prot="public" virt="non-virtual"><scope>projektowaniaOprogramowania::ViewModels::PrzelicznikDorobkuModel</scope><name>FkIdKategoriaDorobku</name></member>
      <member refid="dd/d10/classprojektowaniaOprogramowania_1_1ViewModels_1_1PrzelicznikDorobkuModel_1af1e3e3349eedecb4cb8754c046181a39" prot="public" virt="non-virtual"><scope>projektowaniaOprogramowania::ViewModels::PrzelicznikDorobkuModel</scope><name>FkIdPrzelicznikKierunkowy</name></member>
      <member refid="dd/d10/classprojektowaniaOprogramowania_1_1ViewModels_1_1PrzelicznikDorobkuModel_1aafb4fb40f318a0d5b3951c930f1456d7" prot="public" virt="non-virtual"><scope>projektowaniaOprogramowania::ViewModels::PrzelicznikDorobkuModel</scope><name>Id</name></member>
      <member refid="dd/d10/classprojektowaniaOprogramowania_1_1ViewModels_1_1PrzelicznikDorobkuModel_1a148dc2f8b4abda8160b10998fd2ccbee" prot="public" virt="non-virtual"><scope>projektowaniaOprogramowania::ViewModels::PrzelicznikDorobkuModel</scope><name>KategoriaDorobku</name></member>
      <member refid="dd/d10/classprojektowaniaOprogramowania_1_1ViewModels_1_1PrzelicznikDorobkuModel_1a1994f16e3c58652d24f27d696740605c" prot="public" virt="non-virtual"><scope>projektowaniaOprogramowania::ViewModels::PrzelicznikDorobkuModel</scope><name>PrzelicznikKierunkowy</name></member>
      <member refid="dd/d10/classprojektowaniaOprogramowania_1_1ViewModels_1_1PrzelicznikDorobkuModel_1a4384fbb8223caaf52088af8393b340af" prot="public" virt="non-virtual"><scope>projektowaniaOprogramowania::ViewModels::PrzelicznikDorobkuModel</scope><name>PrzyznawanePunkty</name></member>
    </listofallmembers>
  </compounddef>
</doxygen>
