<?xml version='1.0' encoding='UTF-8' standalone='no'?>
<doxygen xmlns:xsi="http://www.w3.org/2001/XMLSchema-instance" xsi:noNamespaceSchemaLocation="compound.xsd" version="1.10.0" xml:lang="en-US">
  <compounddef id="dc/d96/namespaceSystem_1_1Linq" kind="namespace" language="C#">
    <compoundname>System::Linq</compoundname>
    <briefdescription>
    </briefdescription>
    <detaileddescription>
    </detaileddescription>
    <location file="Controllers/HomeController.cs" line="4" column="18"/>
  </compounddef>
</doxygen>
