<?xml version='1.0' encoding='UTF-8' standalone='no'?>
<doxygen xmlns:xsi="http://www.w3.org/2001/XMLSchema-instance" xsi:noNamespaceSchemaLocation="compound.xsd" version="1.10.0" xml:lang="en-US">
  <compounddef id="d5/d41/namespaceMicrosoft_1_1AspNetCore_1_1Mvc_1_1Formatters" kind="namespace" language="C#">
    <compoundname>Microsoft::AspNetCore::Mvc::Formatters</compoundname>
    <briefdescription>
    </briefdescription>
    <detaileddescription>
    </detaileddescription>
    <location file="Controllers/PodanieController.cs" line="6" column="42"/>
  </compounddef>
</doxygen>
