<?xml version='1.0' encoding='UTF-8' standalone='no'?>
<doxygen xmlns:xsi="http://www.w3.org/2001/XMLSchema-instance" xsi:noNamespaceSchemaLocation="compound.xsd" version="1.10.0" xml:lang="en-US">
  <compounddef id="d0/da1/namespaceprojektowaniaOprogramowania_1_1Models_1_1Other" kind="namespace" language="C#">
    <compoundname>projektowaniaOprogramowania::Models::Other</compoundname>
    <innerclass refid="d4/d15/classprojektowaniaOprogramowania_1_1Models_1_1Other_1_1PracownikDzialuRekrutacjiNaPodanieKandydataModel" prot="public">projektowaniaOprogramowania::Models::Other::PracownikDzialuRekrutacjiNaPodanieKandydataModel</innerclass>
    <briefdescription>
    </briefdescription>
    <detaileddescription>
    </detaileddescription>
    <location file="Models/Other/PracownikDzialuRekrutacjiNaPodanieKandydataModel.cs" line="6" column="1"/>
  </compounddef>
</doxygen>
