<?xml version='1.0' encoding='UTF-8' standalone='no'?>
<doxygen xmlns:xsi="http://www.w3.org/2001/XMLSchema-instance" xsi:noNamespaceSchemaLocation="compound.xsd" version="1.10.0" xml:lang="en-US">
  <compounddef id="dc/d7f/classprojektowaniaOprogramowania_1_1Models_1_1ModelBuilderExtension" kind="class" language="C#" prot="public">
    <compoundname>projektowaniaOprogramowania::Models::ModelBuilderExtension</compoundname>
    <sectiondef kind="public-static-func">
      <memberdef kind="function" id="dc/d7f/classprojektowaniaOprogramowania_1_1Models_1_1ModelBuilderExtension_1a5e388d7e42dfbbdfcc3a1f82a0f5420f" prot="public" static="yes" const="no" explicit="no" inline="yes" virt="non-virtual">
        <type>void</type>
        <definition>static void projektowaniaOprogramowania.Models.ModelBuilderExtension.Seed</definition>
        <argsstring>(this ModelBuilder modelBuilder)</argsstring>
        <name>Seed</name>
        <qualifiedname>projektowaniaOprogramowania.Models.ModelBuilderExtension.Seed</qualifiedname>
        <param>
          <type>this ModelBuilder</type>
          <declname>modelBuilder</declname>
        </param>
        <briefdescription>
        </briefdescription>
        <detaileddescription>
        </detaileddescription>
        <inbodydescription>
        </inbodydescription>
        <location file="Models/ModelBuilderExtension.cs" line="15" column="28" bodyfile="Models/ModelBuilderExtension.cs" bodystart="15" bodyend="42"/>
      </memberdef>
    </sectiondef>
    <briefdescription>
    </briefdescription>
    <detaileddescription>
    </detaileddescription>
    <location file="Models/ModelBuilderExtension.cs" line="13" column="19" bodyfile="Models/ModelBuilderExtension.cs" bodystart="14" bodyend="43"/>
    <listofallmembers>
      <member refid="dc/d7f/classprojektowaniaOprogramowania_1_1Models_1_1ModelBuilderExtension_1a5e388d7e42dfbbdfcc3a1f82a0f5420f" prot="public" virt="non-virtual"><scope>projektowaniaOprogramowania::Models::ModelBuilderExtension</scope><name>Seed</name></member>
    </listofallmembers>
  </compounddef>
</doxygen>
