<?xml version='1.0' encoding='UTF-8' standalone='no'?>
<doxygen xmlns:xsi="http://www.w3.org/2001/XMLSchema-instance" xsi:noNamespaceSchemaLocation="compound.xsd" version="1.10.0" xml:lang="en-US">
  <compounddef id="dc/d07/namespaceSystem_1_1Collections" kind="namespace" language="C#">
    <compoundname>System::Collections</compoundname>
    <briefdescription>
    </briefdescription>
    <detaileddescription>
    </detaileddescription>
    <location file="Controllers/KierunekNaPodaniuController.cs" line="2" column="25"/>
  </compounddef>
</doxygen>
