<?xml version='1.0' encoding='UTF-8' standalone='no'?>
<doxygen xmlns:xsi="http://www.w3.org/2001/XMLSchema-instance" xsi:noNamespaceSchemaLocation="compound.xsd" version="1.10.0" xml:lang="en-US">
  <compounddef id="d4/dd6/classAspNetCore_1_1Views__PracownikEdycja__Edit" kind="class" language="C#" prot="public">
    <compoundname>AspNetCore::Views_PracownikEdycja_Edit</compoundname>
    <basecompoundref prot="public" virt="non-virtual">global::MicrosoftAspNetCore::Mvc::Razor::RazorPage&lt; projektowaniaOprogramowania.ViewModels.WszystkieInformacjePodaniaViewModel &gt;</basecompoundref>
    <sectiondef kind="private-static-attrib">
      <memberdef kind="variable" id="d4/dd6/classAspNetCore_1_1Views__PracownikEdycja__Edit_1a7b12bde6dbe3218f3967b3ff2be2dc86" prot="private" static="yes" mutable="no">
        <type>readonly global::Microsoft.AspNetCore.Razor.TagHelpers.TagHelperAttribute</type>
        <definition>readonly global::Microsoft.AspNetCore.Razor.TagHelpers.TagHelperAttribute AspNetCore.Views_PracownikEdycja_Edit.__tagHelperAttribute_0</definition>
        <argsstring></argsstring>
        <name>__tagHelperAttribute_0</name>
        <qualifiedname>AspNetCore.Views_PracownikEdycja_Edit.__tagHelperAttribute_0</qualifiedname>
        <initializer>= new global::Microsoft.AspNetCore.Razor.TagHelpers.TagHelperAttribute(&quot;type&quot;, &quot;hidden&quot;, global::Microsoft.AspNetCore.Razor.TagHelpers.HtmlAttributeValueStyle.DoubleQuotes)</initializer>
        <briefdescription>
        </briefdescription>
        <detaileddescription>
        </detaileddescription>
        <inbodydescription>
        </inbodydescription>
        <location file="obj/Debug/net5.0/Razor/Views/PracownikEdycja/Edit.cshtml.g.cs" line="33" column="94" bodyfile="obj/Debug/net5.0/Razor/Views/PracownikEdycja/Edit.cshtml.g.cs" bodystart="33" bodyend="-1"/>
      </memberdef>
      <memberdef kind="variable" id="d4/dd6/classAspNetCore_1_1Views__PracownikEdycja__Edit_1a312770d5f4ca41ab4899fbb0d5427f8a" prot="private" static="yes" mutable="no">
        <type>readonly global::Microsoft.AspNetCore.Razor.TagHelpers.TagHelperAttribute</type>
        <definition>readonly global::Microsoft.AspNetCore.Razor.TagHelpers.TagHelperAttribute AspNetCore.Views_PracownikEdycja_Edit.__tagHelperAttribute_1</definition>
        <argsstring></argsstring>
        <name>__tagHelperAttribute_1</name>
        <qualifiedname>AspNetCore.Views_PracownikEdycja_Edit.__tagHelperAttribute_1</qualifiedname>
        <initializer>= new global::Microsoft.AspNetCore.Razor.TagHelpers.TagHelperAttribute(&quot;class&quot;, new global::Microsoft.AspNetCore.Html.HtmlString(&quot;control-label&quot;), global::Microsoft.AspNetCore.Razor.TagHelpers.HtmlAttributeValueStyle.DoubleQuotes)</initializer>
        <briefdescription>
        </briefdescription>
        <detaileddescription>
        </detaileddescription>
        <inbodydescription>
        </inbodydescription>
        <location file="obj/Debug/net5.0/Razor/Views/PracownikEdycja/Edit.cshtml.g.cs" line="34" column="94" bodyfile="obj/Debug/net5.0/Razor/Views/PracownikEdycja/Edit.cshtml.g.cs" bodystart="34" bodyend="-1"/>
      </memberdef>
      <memberdef kind="variable" id="d4/dd6/classAspNetCore_1_1Views__PracownikEdycja__Edit_1ac403139ccf8c6d941e6f86d32d3d2609" prot="private" static="yes" mutable="no">
        <type>readonly global::Microsoft.AspNetCore.Razor.TagHelpers.TagHelperAttribute</type>
        <definition>readonly global::Microsoft.AspNetCore.Razor.TagHelpers.TagHelperAttribute AspNetCore.Views_PracownikEdycja_Edit.__tagHelperAttribute_2</definition>
        <argsstring></argsstring>
        <name>__tagHelperAttribute_2</name>
        <qualifiedname>AspNetCore.Views_PracownikEdycja_Edit.__tagHelperAttribute_2</qualifiedname>
        <initializer>= new global::Microsoft.AspNetCore.Razor.TagHelpers.TagHelperAttribute(&quot;class&quot;, new global::Microsoft.AspNetCore.Html.HtmlString(&quot;form-control&quot;), global::Microsoft.AspNetCore.Razor.TagHelpers.HtmlAttributeValueStyle.DoubleQuotes)</initializer>
        <briefdescription>
        </briefdescription>
        <detaileddescription>
        </detaileddescription>
        <inbodydescription>
        </inbodydescription>
        <location file="obj/Debug/net5.0/Razor/Views/PracownikEdycja/Edit.cshtml.g.cs" line="35" column="94" bodyfile="obj/Debug/net5.0/Razor/Views/PracownikEdycja/Edit.cshtml.g.cs" bodystart="35" bodyend="-1"/>
      </memberdef>
      <memberdef kind="variable" id="d4/dd6/classAspNetCore_1_1Views__PracownikEdycja__Edit_1ae9b218eb4bce116b0b429982e2b75ad1" prot="private" static="yes" mutable="no">
        <type>readonly global::Microsoft.AspNetCore.Razor.TagHelpers.TagHelperAttribute</type>
        <definition>readonly global::Microsoft.AspNetCore.Razor.TagHelpers.TagHelperAttribute AspNetCore.Views_PracownikEdycja_Edit.__tagHelperAttribute_3</definition>
        <argsstring></argsstring>
        <name>__tagHelperAttribute_3</name>
        <qualifiedname>AspNetCore.Views_PracownikEdycja_Edit.__tagHelperAttribute_3</qualifiedname>
        <initializer>= new global::Microsoft.AspNetCore.Razor.TagHelpers.TagHelperAttribute(&quot;class&quot;, new global::Microsoft.AspNetCore.Html.HtmlString(&quot;text-danger&quot;), global::Microsoft.AspNetCore.Razor.TagHelpers.HtmlAttributeValueStyle.DoubleQuotes)</initializer>
        <briefdescription>
        </briefdescription>
        <detaileddescription>
        </detaileddescription>
        <inbodydescription>
        </inbodydescription>
        <location file="obj/Debug/net5.0/Razor/Views/PracownikEdycja/Edit.cshtml.g.cs" line="36" column="94" bodyfile="obj/Debug/net5.0/Razor/Views/PracownikEdycja/Edit.cshtml.g.cs" bodystart="36" bodyend="-1"/>
      </memberdef>
      <memberdef kind="variable" id="d4/dd6/classAspNetCore_1_1Views__PracownikEdycja__Edit_1a6f6e3ae2005dad343f0771067364268e" prot="private" static="yes" mutable="no">
        <type>readonly global::Microsoft.AspNetCore.Razor.TagHelpers.TagHelperAttribute</type>
        <definition>readonly global::Microsoft.AspNetCore.Razor.TagHelpers.TagHelperAttribute AspNetCore.Views_PracownikEdycja_Edit.__tagHelperAttribute_4</definition>
        <argsstring></argsstring>
        <name>__tagHelperAttribute_4</name>
        <qualifiedname>AspNetCore.Views_PracownikEdycja_Edit.__tagHelperAttribute_4</qualifiedname>
        <initializer>= new global::Microsoft.AspNetCore.Razor.TagHelpers.TagHelperAttribute(&quot;type&quot;, &quot;number&quot;, global::Microsoft.AspNetCore.Razor.TagHelpers.HtmlAttributeValueStyle.DoubleQuotes)</initializer>
        <briefdescription>
        </briefdescription>
        <detaileddescription>
        </detaileddescription>
        <inbodydescription>
        </inbodydescription>
        <location file="obj/Debug/net5.0/Razor/Views/PracownikEdycja/Edit.cshtml.g.cs" line="37" column="94" bodyfile="obj/Debug/net5.0/Razor/Views/PracownikEdycja/Edit.cshtml.g.cs" bodystart="37" bodyend="-1"/>
      </memberdef>
      <memberdef kind="variable" id="d4/dd6/classAspNetCore_1_1Views__PracownikEdycja__Edit_1a6fbbc3f719d60c2024342550f8905efd" prot="private" static="yes" mutable="no">
        <type>readonly global::Microsoft.AspNetCore.Razor.TagHelpers.TagHelperAttribute</type>
        <definition>readonly global::Microsoft.AspNetCore.Razor.TagHelpers.TagHelperAttribute AspNetCore.Views_PracownikEdycja_Edit.__tagHelperAttribute_5</definition>
        <argsstring></argsstring>
        <name>__tagHelperAttribute_5</name>
        <qualifiedname>AspNetCore.Views_PracownikEdycja_Edit.__tagHelperAttribute_5</qualifiedname>
        <initializer>= new global::Microsoft.AspNetCore.Razor.TagHelpers.TagHelperAttribute(&quot;min&quot;, new global::Microsoft.AspNetCore.Html.HtmlString(&quot;0&quot;), global::Microsoft.AspNetCore.Razor.TagHelpers.HtmlAttributeValueStyle.DoubleQuotes)</initializer>
        <briefdescription>
        </briefdescription>
        <detaileddescription>
        </detaileddescription>
        <inbodydescription>
        </inbodydescription>
        <location file="obj/Debug/net5.0/Razor/Views/PracownikEdycja/Edit.cshtml.g.cs" line="38" column="94" bodyfile="obj/Debug/net5.0/Razor/Views/PracownikEdycja/Edit.cshtml.g.cs" bodystart="38" bodyend="-1"/>
      </memberdef>
      <memberdef kind="variable" id="d4/dd6/classAspNetCore_1_1Views__PracownikEdycja__Edit_1a6b397d444ba4a9e4639111fefcb3fb8c" prot="private" static="yes" mutable="no">
        <type>readonly global::Microsoft.AspNetCore.Razor.TagHelpers.TagHelperAttribute</type>
        <definition>readonly global::Microsoft.AspNetCore.Razor.TagHelpers.TagHelperAttribute AspNetCore.Views_PracownikEdycja_Edit.__tagHelperAttribute_6</definition>
        <argsstring></argsstring>
        <name>__tagHelperAttribute_6</name>
        <qualifiedname>AspNetCore.Views_PracownikEdycja_Edit.__tagHelperAttribute_6</qualifiedname>
        <initializer>= new global::Microsoft.AspNetCore.Razor.TagHelpers.TagHelperAttribute(&quot;max&quot;, new global::Microsoft.AspNetCore.Html.HtmlString(&quot;100&quot;), global::Microsoft.AspNetCore.Razor.TagHelpers.HtmlAttributeValueStyle.DoubleQuotes)</initializer>
        <briefdescription>
        </briefdescription>
        <detaileddescription>
        </detaileddescription>
        <inbodydescription>
        </inbodydescription>
        <location file="obj/Debug/net5.0/Razor/Views/PracownikEdycja/Edit.cshtml.g.cs" line="39" column="94" bodyfile="obj/Debug/net5.0/Razor/Views/PracownikEdycja/Edit.cshtml.g.cs" bodystart="39" bodyend="-1"/>
      </memberdef>
    </sectiondef>
    <sectiondef kind="private-attrib">
      <memberdef kind="variable" id="d4/dd6/classAspNetCore_1_1Views__PracownikEdycja__Edit_1ab01f955d10acc41f3ec36df5512c195b" prot="private" static="no" mutable="no">
        <type>global::Microsoft.AspNetCore.Razor.Runtime.TagHelpers.TagHelperExecutionContext</type>
        <definition>global::Microsoft.AspNetCore.Razor.Runtime.TagHelpers.TagHelperExecutionContext AspNetCore.Views_PracownikEdycja_Edit.__tagHelperExecutionContext</definition>
        <argsstring></argsstring>
        <name>__tagHelperExecutionContext</name>
        <qualifiedname>AspNetCore.Views_PracownikEdycja_Edit.__tagHelperExecutionContext</qualifiedname>
        <briefdescription>
        </briefdescription>
        <detaileddescription>
        </detaileddescription>
        <inbodydescription>
        </inbodydescription>
        <location file="obj/Debug/net5.0/Razor/Views/PracownikEdycja/Edit.cshtml.g.cs" line="42" column="92" bodyfile="obj/Debug/net5.0/Razor/Views/PracownikEdycja/Edit.cshtml.g.cs" bodystart="42" bodyend="-1"/>
      </memberdef>
      <memberdef kind="variable" id="d4/dd6/classAspNetCore_1_1Views__PracownikEdycja__Edit_1a526ead89f60e1672acbc68e0511b0c4c" prot="private" static="no" mutable="no">
        <type>global::Microsoft.AspNetCore.Razor.Runtime.TagHelpers.TagHelperRunner</type>
        <definition>global::Microsoft.AspNetCore.Razor.Runtime.TagHelpers.TagHelperRunner AspNetCore.Views_PracownikEdycja_Edit.__tagHelperRunner</definition>
        <argsstring></argsstring>
        <name>__tagHelperRunner</name>
        <qualifiedname>AspNetCore.Views_PracownikEdycja_Edit.__tagHelperRunner</qualifiedname>
        <initializer>= new global::Microsoft.AspNetCore.Razor.Runtime.TagHelpers.TagHelperRunner()</initializer>
        <briefdescription>
        </briefdescription>
        <detaileddescription>
        </detaileddescription>
        <inbodydescription>
        </inbodydescription>
        <location file="obj/Debug/net5.0/Razor/Views/PracownikEdycja/Edit.cshtml.g.cs" line="44" column="82" bodyfile="obj/Debug/net5.0/Razor/Views/PracownikEdycja/Edit.cshtml.g.cs" bodystart="44" bodyend="-1"/>
      </memberdef>
      <memberdef kind="variable" id="d4/dd6/classAspNetCore_1_1Views__PracownikEdycja__Edit_1ad9d743528ca4775842f509a3fcbdf64c" prot="private" static="no" mutable="no">
        <type>string</type>
        <definition>string AspNetCore.Views_PracownikEdycja_Edit.__tagHelperStringValueBuffer</definition>
        <argsstring></argsstring>
        <name>__tagHelperStringValueBuffer</name>
        <qualifiedname>AspNetCore.Views_PracownikEdycja_Edit.__tagHelperStringValueBuffer</qualifiedname>
        <briefdescription>
        </briefdescription>
        <detaileddescription>
        </detaileddescription>
        <inbodydescription>
        </inbodydescription>
        <location file="obj/Debug/net5.0/Razor/Views/PracownikEdycja/Edit.cshtml.g.cs" line="46" column="24" bodyfile="obj/Debug/net5.0/Razor/Views/PracownikEdycja/Edit.cshtml.g.cs" bodystart="46" bodyend="-1"/>
      </memberdef>
      <memberdef kind="variable" id="d4/dd6/classAspNetCore_1_1Views__PracownikEdycja__Edit_1abab15ed1f9e2c279956d8346a8762576" prot="private" static="no" mutable="no">
        <type>global::Microsoft.AspNetCore.Razor.Runtime.TagHelpers.TagHelperScopeManager</type>
        <definition>global::Microsoft.AspNetCore.Razor.Runtime.TagHelpers.TagHelperScopeManager AspNetCore.Views_PracownikEdycja_Edit.__backed__tagHelperScopeManager</definition>
        <argsstring></argsstring>
        <name>__backed__tagHelperScopeManager</name>
        <qualifiedname>AspNetCore.Views_PracownikEdycja_Edit.__backed__tagHelperScopeManager</qualifiedname>
        <initializer>= null</initializer>
        <briefdescription>
        </briefdescription>
        <detaileddescription>
        </detaileddescription>
        <inbodydescription>
        </inbodydescription>
        <location file="obj/Debug/net5.0/Razor/Views/PracownikEdycja/Edit.cshtml.g.cs" line="48" column="88" bodyfile="obj/Debug/net5.0/Razor/Views/PracownikEdycja/Edit.cshtml.g.cs" bodystart="48" bodyend="-1"/>
      </memberdef>
      <memberdef kind="variable" id="d4/dd6/classAspNetCore_1_1Views__PracownikEdycja__Edit_1a03a1c98d08cf78c16805dbf645f013c9" prot="private" static="no" mutable="no">
        <type>global::Microsoft.AspNetCore.Mvc.TagHelpers.InputTagHelper</type>
        <definition>global::Microsoft.AspNetCore.Mvc.TagHelpers.InputTagHelper AspNetCore.Views_PracownikEdycja_Edit.__Microsoft_AspNetCore_Mvc_TagHelpers_InputTagHelper</definition>
        <argsstring></argsstring>
        <name>__Microsoft_AspNetCore_Mvc_TagHelpers_InputTagHelper</name>
        <qualifiedname>AspNetCore.Views_PracownikEdycja_Edit.__Microsoft_AspNetCore_Mvc_TagHelpers_InputTagHelper</qualifiedname>
        <briefdescription>
        </briefdescription>
        <detaileddescription>
        </detaileddescription>
        <inbodydescription>
        </inbodydescription>
        <location file="obj/Debug/net5.0/Razor/Views/PracownikEdycja/Edit.cshtml.g.cs" line="60" column="72" bodyfile="obj/Debug/net5.0/Razor/Views/PracownikEdycja/Edit.cshtml.g.cs" bodystart="60" bodyend="-1"/>
      </memberdef>
      <memberdef kind="variable" id="d4/dd6/classAspNetCore_1_1Views__PracownikEdycja__Edit_1aa60462c757e9ced0fe7e5541abc44335" prot="private" static="no" mutable="no">
        <type>global::Microsoft.AspNetCore.Mvc.TagHelpers.LabelTagHelper</type>
        <definition>global::Microsoft.AspNetCore.Mvc.TagHelpers.LabelTagHelper AspNetCore.Views_PracownikEdycja_Edit.__Microsoft_AspNetCore_Mvc_TagHelpers_LabelTagHelper</definition>
        <argsstring></argsstring>
        <name>__Microsoft_AspNetCore_Mvc_TagHelpers_LabelTagHelper</name>
        <qualifiedname>AspNetCore.Views_PracownikEdycja_Edit.__Microsoft_AspNetCore_Mvc_TagHelpers_LabelTagHelper</qualifiedname>
        <briefdescription>
        </briefdescription>
        <detaileddescription>
        </detaileddescription>
        <inbodydescription>
        </inbodydescription>
        <location file="obj/Debug/net5.0/Razor/Views/PracownikEdycja/Edit.cshtml.g.cs" line="61" column="72" bodyfile="obj/Debug/net5.0/Razor/Views/PracownikEdycja/Edit.cshtml.g.cs" bodystart="61" bodyend="-1"/>
      </memberdef>
      <memberdef kind="variable" id="d4/dd6/classAspNetCore_1_1Views__PracownikEdycja__Edit_1a8e0795b1995e9c801c85336d55a6f857" prot="private" static="no" mutable="no">
        <type>global::Microsoft.AspNetCore.Mvc.TagHelpers.ValidationMessageTagHelper</type>
        <definition>global::Microsoft.AspNetCore.Mvc.TagHelpers.ValidationMessageTagHelper AspNetCore.Views_PracownikEdycja_Edit.__Microsoft_AspNetCore_Mvc_TagHelpers_ValidationMessageTagHelper</definition>
        <argsstring></argsstring>
        <name>__Microsoft_AspNetCore_Mvc_TagHelpers_ValidationMessageTagHelper</name>
        <qualifiedname>AspNetCore.Views_PracownikEdycja_Edit.__Microsoft_AspNetCore_Mvc_TagHelpers_ValidationMessageTagHelper</qualifiedname>
        <briefdescription>
        </briefdescription>
        <detaileddescription>
        </detaileddescription>
        <inbodydescription>
        </inbodydescription>
        <location file="obj/Debug/net5.0/Razor/Views/PracownikEdycja/Edit.cshtml.g.cs" line="62" column="84" bodyfile="obj/Debug/net5.0/Razor/Views/PracownikEdycja/Edit.cshtml.g.cs" bodystart="62" bodyend="-1"/>
      </memberdef>
    </sectiondef>
    <sectiondef kind="property">
      <memberdef kind="property" id="d4/dd6/classAspNetCore_1_1Views__PracownikEdycja__Edit_1af6703d79c1b116afc0b902112ebefb70" prot="private" static="no" readable="no" writable="no" gettable="yes" privategettable="no" protectedgettable="no" settable="no" privatesettable="no" protectedsettable="no">
        <type>global::Microsoft.AspNetCore.Razor.Runtime.TagHelpers.TagHelperScopeManager</type>
        <definition>global::Microsoft.AspNetCore.Razor.Runtime.TagHelpers.TagHelperScopeManager AspNetCore.Views_PracownikEdycja_Edit.__tagHelperScopeManager</definition>
        <argsstring></argsstring>
        <name>__tagHelperScopeManager</name>
        <qualifiedname>AspNetCore.Views_PracownikEdycja_Edit.__tagHelperScopeManager</qualifiedname>
        <briefdescription>
        </briefdescription>
        <detaileddescription>
        </detaileddescription>
        <inbodydescription>
        </inbodydescription>
        <location file="obj/Debug/net5.0/Razor/Views/PracownikEdycja/Edit.cshtml.g.cs" line="49" column="88" bodyfile="obj/Debug/net5.0/Razor/Views/PracownikEdycja/Edit.cshtml.g.cs" bodystart="50" bodyend="59"/>
      </memberdef>
      <memberdef kind="property" id="d4/dd6/classAspNetCore_1_1Views__PracownikEdycja__Edit_1ad536dd36506a7a375fea60b120f5f27d" prot="public" static="no" readable="no" writable="no" gettable="yes" privategettable="no" protectedgettable="no" settable="no" privatesettable="yes" protectedsettable="no">
        <type>global::Microsoft.AspNetCore.Mvc.ViewFeatures.IModelExpressionProvider</type>
        <definition>global::Microsoft.AspNetCore.Mvc.ViewFeatures.IModelExpressionProvider AspNetCore.Views_PracownikEdycja_Edit.ModelExpressionProvider</definition>
        <argsstring></argsstring>
        <name>ModelExpressionProvider</name>
        <qualifiedname>AspNetCore.Views_PracownikEdycja_Edit.ModelExpressionProvider</qualifiedname>
        <briefdescription>
        </briefdescription>
        <detaileddescription>
        </detaileddescription>
        <inbodydescription>
        </inbodydescription>
        <location file="obj/Debug/net5.0/Razor/Views/PracownikEdycja/Edit.cshtml.g.cs" line="819" column="83" bodyfile="obj/Debug/net5.0/Razor/Views/PracownikEdycja/Edit.cshtml.g.cs" bodystart="819" bodyend="819"/>
      </memberdef>
      <memberdef kind="property" id="d4/dd6/classAspNetCore_1_1Views__PracownikEdycja__Edit_1a2d797ffeba6d592e2d9d2bc868342e0e" prot="public" static="no" readable="no" writable="no" gettable="yes" privategettable="no" protectedgettable="no" settable="no" privatesettable="yes" protectedsettable="no">
        <type>global::Microsoft.AspNetCore.Mvc.IUrlHelper</type>
        <definition>global::Microsoft.AspNetCore.Mvc.IUrlHelper AspNetCore.Views_PracownikEdycja_Edit.Url</definition>
        <argsstring></argsstring>
        <name>Url</name>
        <qualifiedname>AspNetCore.Views_PracownikEdycja_Edit.Url</qualifiedname>
        <briefdescription>
        </briefdescription>
        <detaileddescription>
        </detaileddescription>
        <inbodydescription>
        </inbodydescription>
        <location file="obj/Debug/net5.0/Razor/Views/PracownikEdycja/Edit.cshtml.g.cs" line="821" column="57" bodyfile="obj/Debug/net5.0/Razor/Views/PracownikEdycja/Edit.cshtml.g.cs" bodystart="821" bodyend="821"/>
      </memberdef>
      <memberdef kind="property" id="d4/dd6/classAspNetCore_1_1Views__PracownikEdycja__Edit_1ad5744c81ec2319e3136813b660ad1940" prot="public" static="no" readable="no" writable="no" gettable="yes" privategettable="no" protectedgettable="no" settable="no" privatesettable="yes" protectedsettable="no">
        <type>global::Microsoft.AspNetCore.Mvc.IViewComponentHelper</type>
        <definition>global::Microsoft.AspNetCore.Mvc.IViewComponentHelper AspNetCore.Views_PracownikEdycja_Edit.Component</definition>
        <argsstring></argsstring>
        <name>Component</name>
        <qualifiedname>AspNetCore.Views_PracownikEdycja_Edit.Component</qualifiedname>
        <briefdescription>
        </briefdescription>
        <detaileddescription>
        </detaileddescription>
        <inbodydescription>
        </inbodydescription>
        <location file="obj/Debug/net5.0/Razor/Views/PracownikEdycja/Edit.cshtml.g.cs" line="823" column="67" bodyfile="obj/Debug/net5.0/Razor/Views/PracownikEdycja/Edit.cshtml.g.cs" bodystart="823" bodyend="823"/>
      </memberdef>
      <memberdef kind="property" id="d4/dd6/classAspNetCore_1_1Views__PracownikEdycja__Edit_1abfa251650b4e263ad13020b2c4c63d31" prot="public" static="no" readable="no" writable="no" gettable="yes" privategettable="no" protectedgettable="no" settable="no" privatesettable="yes" protectedsettable="no">
        <type>global::Microsoft.AspNetCore.Mvc.Rendering.IJsonHelper</type>
        <definition>global::Microsoft.AspNetCore.Mvc.Rendering.IJsonHelper AspNetCore.Views_PracownikEdycja_Edit.Json</definition>
        <argsstring></argsstring>
        <name>Json</name>
        <qualifiedname>AspNetCore.Views_PracownikEdycja_Edit.Json</qualifiedname>
        <briefdescription>
        </briefdescription>
        <detaileddescription>
        </detaileddescription>
        <inbodydescription>
        </inbodydescription>
        <location file="obj/Debug/net5.0/Razor/Views/PracownikEdycja/Edit.cshtml.g.cs" line="825" column="67" bodyfile="obj/Debug/net5.0/Razor/Views/PracownikEdycja/Edit.cshtml.g.cs" bodystart="825" bodyend="825"/>
      </memberdef>
      <memberdef kind="property" id="d4/dd6/classAspNetCore_1_1Views__PracownikEdycja__Edit_1a98cabdbf6000149c07bd5251e9b1e5a1" prot="public" static="no" readable="no" writable="no" gettable="yes" privategettable="no" protectedgettable="no" settable="no" privatesettable="yes" protectedsettable="no">
        <type>global::Microsoft.AspNetCore.Mvc.Rendering.IHtmlHelper&lt; <ref refid="de/d91/classprojektowaniaOprogramowania_1_1ViewModels_1_1WszystkieInformacjePodaniaViewModel" kindref="compound">projektowaniaOprogramowania.ViewModels.WszystkieInformacjePodaniaViewModel</ref> &gt;</type>
        <definition>global::Microsoft.AspNetCore.Mvc.Rendering.IHtmlHelper&lt;projektowaniaOprogramowania.ViewModels.WszystkieInformacjePodaniaViewModel&gt; AspNetCore.Views_PracownikEdycja_Edit.Html</definition>
        <argsstring></argsstring>
        <name>Html</name>
        <qualifiedname>AspNetCore.Views_PracownikEdycja_Edit.Html</qualifiedname>
        <briefdescription>
        </briefdescription>
        <detaileddescription>
        </detaileddescription>
        <inbodydescription>
        </inbodydescription>
        <location file="obj/Debug/net5.0/Razor/Views/PracownikEdycja/Edit.cshtml.g.cs" line="827" column="67" bodyfile="obj/Debug/net5.0/Razor/Views/PracownikEdycja/Edit.cshtml.g.cs" bodystart="827" bodyend="827"/>
      </memberdef>
    </sectiondef>
    <sectiondef kind="public-func">
      <memberdef kind="function" id="d4/dd6/classAspNetCore_1_1Views__PracownikEdycja__Edit_1aac38d6d35ebd12f70b121f84c8e30a66" prot="public" static="no" const="no" explicit="no" inline="yes" virt="non-virtual">
        <type>async override global::System.Threading.Tasks.Task</type>
        <definition>async override global::System.Threading.Tasks.Task AspNetCore.Views_PracownikEdycja_Edit.ExecuteAsync</definition>
        <argsstring>()</argsstring>
        <name>ExecuteAsync</name>
        <qualifiedname>AspNetCore.Views_PracownikEdycja_Edit.ExecuteAsync</qualifiedname>
        <briefdescription>
        </briefdescription>
        <detaileddescription>
        </detaileddescription>
        <inbodydescription>
        </inbodydescription>
        <location file="obj/Debug/net5.0/Razor/Views/PracownikEdycja/Edit.cshtml.g.cs" line="64" column="64" bodyfile="obj/Debug/net5.0/Razor/Views/PracownikEdycja/Edit.cshtml.g.cs" bodystart="64" bodyend="816"/>
      </memberdef>
    </sectiondef>
    <briefdescription>
    </briefdescription>
    <detaileddescription>
    </detaileddescription>
    <inheritancegraph>
      <node id="1">
        <label>AspNetCore.Views_PracownikEdycja_Edit</label>
        <link refid="d4/dd6/classAspNetCore_1_1Views__PracownikEdycja__Edit"/>
        <childnode refid="2" relation="public-inheritance">
        </childnode>
      </node>
      <node id="2">
        <label>global::MicrosoftAspNetCore::Mvc::Razor::RazorPage&lt; projektowaniaOprogramowania.ViewModels.WszystkieInformacjePodaniaViewModel &gt;</label>
      </node>
    </inheritancegraph>
    <collaborationgraph>
      <node id="1">
        <label>AspNetCore.Views_PracownikEdycja_Edit</label>
        <link refid="d4/dd6/classAspNetCore_1_1Views__PracownikEdycja__Edit"/>
        <childnode refid="2" relation="public-inheritance">
        </childnode>
      </node>
      <node id="2">
        <label>global::MicrosoftAspNetCore::Mvc::Razor::RazorPage&lt; projektowaniaOprogramowania.ViewModels.WszystkieInformacjePodaniaViewModel &gt;</label>
      </node>
    </collaborationgraph>
    <location file="obj/Debug/net5.0/Razor/Views/PracownikEdycja/Edit.cshtml.g.cs" line="31" column="11" bodyfile="obj/Debug/net5.0/Razor/Views/PracownikEdycja/Edit.cshtml.g.cs" bodystart="32" bodyend="828"/>
    <listofallmembers>
      <member refid="d4/dd6/classAspNetCore_1_1Views__PracownikEdycja__Edit_1abab15ed1f9e2c279956d8346a8762576" prot="private" virt="non-virtual"><scope>AspNetCore::Views_PracownikEdycja_Edit</scope><name>__backed__tagHelperScopeManager</name></member>
      <member refid="d4/dd6/classAspNetCore_1_1Views__PracownikEdycja__Edit_1a03a1c98d08cf78c16805dbf645f013c9" prot="private" virt="non-virtual"><scope>AspNetCore::Views_PracownikEdycja_Edit</scope><name>__Microsoft_AspNetCore_Mvc_TagHelpers_InputTagHelper</name></member>
      <member refid="d4/dd6/classAspNetCore_1_1Views__PracownikEdycja__Edit_1aa60462c757e9ced0fe7e5541abc44335" prot="private" virt="non-virtual"><scope>AspNetCore::Views_PracownikEdycja_Edit</scope><name>__Microsoft_AspNetCore_Mvc_TagHelpers_LabelTagHelper</name></member>
      <member refid="d4/dd6/classAspNetCore_1_1Views__PracownikEdycja__Edit_1a8e0795b1995e9c801c85336d55a6f857" prot="private" virt="non-virtual"><scope>AspNetCore::Views_PracownikEdycja_Edit</scope><name>__Microsoft_AspNetCore_Mvc_TagHelpers_ValidationMessageTagHelper</name></member>
      <member refid="d4/dd6/classAspNetCore_1_1Views__PracownikEdycja__Edit_1a7b12bde6dbe3218f3967b3ff2be2dc86" prot="private" virt="non-virtual"><scope>AspNetCore::Views_PracownikEdycja_Edit</scope><name>__tagHelperAttribute_0</name></member>
      <member refid="d4/dd6/classAspNetCore_1_1Views__PracownikEdycja__Edit_1a312770d5f4ca41ab4899fbb0d5427f8a" prot="private" virt="non-virtual"><scope>AspNetCore::Views_PracownikEdycja_Edit</scope><name>__tagHelperAttribute_1</name></member>
      <member refid="d4/dd6/classAspNetCore_1_1Views__PracownikEdycja__Edit_1ac403139ccf8c6d941e6f86d32d3d2609" prot="private" virt="non-virtual"><scope>AspNetCore::Views_PracownikEdycja_Edit</scope><name>__tagHelperAttribute_2</name></member>
      <member refid="d4/dd6/classAspNetCore_1_1Views__PracownikEdycja__Edit_1ae9b218eb4bce116b0b429982e2b75ad1" prot="private" virt="non-virtual"><scope>AspNetCore::Views_PracownikEdycja_Edit</scope><name>__tagHelperAttribute_3</name></member>
      <member refid="d4/dd6/classAspNetCore_1_1Views__PracownikEdycja__Edit_1a6f6e3ae2005dad343f0771067364268e" prot="private" virt="non-virtual"><scope>AspNetCore::Views_PracownikEdycja_Edit</scope><name>__tagHelperAttribute_4</name></member>
      <member refid="d4/dd6/classAspNetCore_1_1Views__PracownikEdycja__Edit_1a6fbbc3f719d60c2024342550f8905efd" prot="private" virt="non-virtual"><scope>AspNetCore::Views_PracownikEdycja_Edit</scope><name>__tagHelperAttribute_5</name></member>
      <member refid="d4/dd6/classAspNetCore_1_1Views__PracownikEdycja__Edit_1a6b397d444ba4a9e4639111fefcb3fb8c" prot="private" virt="non-virtual"><scope>AspNetCore::Views_PracownikEdycja_Edit</scope><name>__tagHelperAttribute_6</name></member>
      <member refid="d4/dd6/classAspNetCore_1_1Views__PracownikEdycja__Edit_1ab01f955d10acc41f3ec36df5512c195b" prot="private" virt="non-virtual"><scope>AspNetCore::Views_PracownikEdycja_Edit</scope><name>__tagHelperExecutionContext</name></member>
      <member refid="d4/dd6/classAspNetCore_1_1Views__PracownikEdycja__Edit_1a526ead89f60e1672acbc68e0511b0c4c" prot="private" virt="non-virtual"><scope>AspNetCore::Views_PracownikEdycja_Edit</scope><name>__tagHelperRunner</name></member>
      <member refid="d4/dd6/classAspNetCore_1_1Views__PracownikEdycja__Edit_1af6703d79c1b116afc0b902112ebefb70" prot="private" virt="non-virtual"><scope>AspNetCore::Views_PracownikEdycja_Edit</scope><name>__tagHelperScopeManager</name></member>
      <member refid="d4/dd6/classAspNetCore_1_1Views__PracownikEdycja__Edit_1ad9d743528ca4775842f509a3fcbdf64c" prot="private" virt="non-virtual"><scope>AspNetCore::Views_PracownikEdycja_Edit</scope><name>__tagHelperStringValueBuffer</name></member>
      <member refid="d4/dd6/classAspNetCore_1_1Views__PracownikEdycja__Edit_1ad5744c81ec2319e3136813b660ad1940" prot="public" virt="non-virtual"><scope>AspNetCore::Views_PracownikEdycja_Edit</scope><name>Component</name></member>
      <member refid="d4/dd6/classAspNetCore_1_1Views__PracownikEdycja__Edit_1aac38d6d35ebd12f70b121f84c8e30a66" prot="public" virt="non-virtual"><scope>AspNetCore::Views_PracownikEdycja_Edit</scope><name>ExecuteAsync</name></member>
      <member refid="d4/dd6/classAspNetCore_1_1Views__PracownikEdycja__Edit_1a98cabdbf6000149c07bd5251e9b1e5a1" prot="public" virt="non-virtual"><scope>AspNetCore::Views_PracownikEdycja_Edit</scope><name>Html</name></member>
      <member refid="d4/dd6/classAspNetCore_1_1Views__PracownikEdycja__Edit_1abfa251650b4e263ad13020b2c4c63d31" prot="public" virt="non-virtual"><scope>AspNetCore::Views_PracownikEdycja_Edit</scope><name>Json</name></member>
      <member refid="d4/dd6/classAspNetCore_1_1Views__PracownikEdycja__Edit_1ad536dd36506a7a375fea60b120f5f27d" prot="public" virt="non-virtual"><scope>AspNetCore::Views_PracownikEdycja_Edit</scope><name>ModelExpressionProvider</name></member>
      <member refid="d4/dd6/classAspNetCore_1_1Views__PracownikEdycja__Edit_1a2d797ffeba6d592e2d9d2bc868342e0e" prot="public" virt="non-virtual"><scope>AspNetCore::Views_PracownikEdycja_Edit</scope><name>Url</name></member>
    </listofallmembers>
  </compounddef>
</doxygen>
