<?xml version='1.0' encoding='UTF-8' standalone='no'?>
<doxygen xmlns:xsi="http://www.w3.org/2001/XMLSchema-instance" xsi:noNamespaceSchemaLocation="compound.xsd" version="1.10.0" xml:lang="en-US">
  <compounddef id="d4/dd6/namespaceMicrosoft_1_1AspNetCore_1_1HttpsPolicy" kind="namespace" language="C#">
    <compoundname>Microsoft::AspNetCore::HttpsPolicy</compoundname>
    <briefdescription>
    </briefdescription>
    <detaileddescription>
    </detaileddescription>
    <location file="Startup.cs" line="7" column="39"/>
  </compounddef>
</doxygen>
