<?xml version='1.0' encoding='UTF-8' standalone='no'?>
<doxygen xmlns:xsi="http://www.w3.org/2001/XMLSchema-instance" xsi:noNamespaceSchemaLocation="compound.xsd" version="1.10.0" xml:lang="en-US">
  <compounddef id="de/d4a/classprojektowaniaOprogramowania_1_1ViewModels_1_1DodatkoweOsiagniecieModel" kind="class" language="C#" prot="public">
    <compoundname>projektowaniaOprogramowania::ViewModels::DodatkoweOsiagniecieModel</compoundname>
    <sectiondef kind="property">
      <memberdef kind="property" id="de/d4a/classprojektowaniaOprogramowania_1_1ViewModels_1_1DodatkoweOsiagniecieModel_1afe706ad4b4d2d1436c80c27b03fe0c7a" prot="public" static="no" readable="no" writable="no" gettable="yes" privategettable="no" protectedgettable="no" settable="yes" privatesettable="no" protectedsettable="no">
        <type>long</type>
        <definition>long projektowaniaOprogramowania.ViewModels.DodatkoweOsiagniecieModel.Id</definition>
        <argsstring></argsstring>
        <name>Id</name>
        <qualifiedname>projektowaniaOprogramowania.ViewModels.DodatkoweOsiagniecieModel.Id</qualifiedname>
        <briefdescription>
        </briefdescription>
        <detaileddescription>
        </detaileddescription>
        <inbodydescription>
        </inbodydescription>
        <location file="Models/Other/DodatkoweOsiagniecieModel.cs" line="12" column="21" bodyfile="Models/Other/DodatkoweOsiagniecieModel.cs" bodystart="12" bodyend="12"/>
      </memberdef>
      <memberdef kind="property" id="de/d4a/classprojektowaniaOprogramowania_1_1ViewModels_1_1DodatkoweOsiagniecieModel_1a736a0d0f2dbead6243b6129d848ef5eb" prot="public" static="no" readable="no" writable="no" gettable="yes" privategettable="no" protectedgettable="no" settable="yes" privatesettable="no" protectedsettable="no">
        <type>DateTime</type>
        <definition>DateTime projektowaniaOprogramowania.ViewModels.DodatkoweOsiagniecieModel.DataZdobycia</definition>
        <argsstring></argsstring>
        <name>DataZdobycia</name>
        <qualifiedname>projektowaniaOprogramowania.ViewModels.DodatkoweOsiagniecieModel.DataZdobycia</qualifiedname>
        <briefdescription>
        </briefdescription>
        <detaileddescription>
        </detaileddescription>
        <inbodydescription>
        </inbodydescription>
        <location file="Models/Other/DodatkoweOsiagniecieModel.cs" line="15" column="25" bodyfile="Models/Other/DodatkoweOsiagniecieModel.cs" bodystart="15" bodyend="15"/>
      </memberdef>
      <memberdef kind="property" id="de/d4a/classprojektowaniaOprogramowania_1_1ViewModels_1_1DodatkoweOsiagniecieModel_1af776b904541b78c37a74fff3e084cdc9" prot="public" static="no" readable="no" writable="no" gettable="yes" privategettable="no" protectedgettable="no" settable="yes" privatesettable="no" protectedsettable="no">
        <type>string</type>
        <definition>string projektowaniaOprogramowania.ViewModels.DodatkoweOsiagniecieModel.Opis</definition>
        <argsstring></argsstring>
        <name>Opis</name>
        <qualifiedname>projektowaniaOprogramowania.ViewModels.DodatkoweOsiagniecieModel.Opis</qualifiedname>
        <briefdescription>
        </briefdescription>
        <detaileddescription>
        </detaileddescription>
        <inbodydescription>
        </inbodydescription>
        <location file="Models/Other/DodatkoweOsiagniecieModel.cs" line="19" column="23" bodyfile="Models/Other/DodatkoweOsiagniecieModel.cs" bodystart="19" bodyend="19"/>
      </memberdef>
      <memberdef kind="property" id="de/d4a/classprojektowaniaOprogramowania_1_1ViewModels_1_1DodatkoweOsiagniecieModel_1acb84803b372de15362f4df9a8496d32f" prot="public" static="no" readable="no" writable="no" gettable="yes" privategettable="no" protectedgettable="no" settable="yes" privatesettable="no" protectedsettable="no">
        <type>long</type>
        <definition>long projektowaniaOprogramowania.ViewModels.DodatkoweOsiagniecieModel.FkIdPodanieKandydata</definition>
        <argsstring></argsstring>
        <name>FkIdPodanieKandydata</name>
        <qualifiedname>projektowaniaOprogramowania.ViewModels.DodatkoweOsiagniecieModel.FkIdPodanieKandydata</qualifiedname>
        <briefdescription>
        </briefdescription>
        <detaileddescription>
        </detaileddescription>
        <inbodydescription>
        </inbodydescription>
        <location file="Models/Other/DodatkoweOsiagniecieModel.cs" line="22" column="21" bodyfile="Models/Other/DodatkoweOsiagniecieModel.cs" bodystart="22" bodyend="22"/>
      </memberdef>
      <memberdef kind="property" id="de/d4a/classprojektowaniaOprogramowania_1_1ViewModels_1_1DodatkoweOsiagniecieModel_1a2aac365e2780411a1299b50fe858df58" prot="public" static="no" readable="no" writable="no" gettable="yes" privategettable="no" protectedgettable="no" settable="yes" privatesettable="no" protectedsettable="no">
        <type><ref refid="db/dbf/classprojektowaniaOprogramowania_1_1ViewModels_1_1PodanieKandydataModel" kindref="compound">PodanieKandydataModel</ref></type>
        <definition>PodanieKandydataModel projektowaniaOprogramowania.ViewModels.DodatkoweOsiagniecieModel.PodanieKandydata</definition>
        <argsstring></argsstring>
        <name>PodanieKandydata</name>
        <qualifiedname>projektowaniaOprogramowania.ViewModels.DodatkoweOsiagniecieModel.PodanieKandydata</qualifiedname>
        <briefdescription>
        </briefdescription>
        <detaileddescription>
        </detaileddescription>
        <inbodydescription>
        </inbodydescription>
        <location file="Models/Other/DodatkoweOsiagniecieModel.cs" line="23" column="38" bodyfile="Models/Other/DodatkoweOsiagniecieModel.cs" bodystart="23" bodyend="23"/>
      </memberdef>
      <memberdef kind="property" id="de/d4a/classprojektowaniaOprogramowania_1_1ViewModels_1_1DodatkoweOsiagniecieModel_1aa6ba75db9d9407095f830195e20cb0a9" prot="public" static="no" readable="no" writable="no" gettable="yes" privategettable="no" protectedgettable="no" settable="yes" privatesettable="no" protectedsettable="no">
        <type>long</type>
        <definition>long projektowaniaOprogramowania.ViewModels.DodatkoweOsiagniecieModel.FkIdPrzelicznikOsiagniec</definition>
        <argsstring></argsstring>
        <name>FkIdPrzelicznikOsiagniec</name>
        <qualifiedname>projektowaniaOprogramowania.ViewModels.DodatkoweOsiagniecieModel.FkIdPrzelicznikOsiagniec</qualifiedname>
        <briefdescription>
        </briefdescription>
        <detaileddescription>
        </detaileddescription>
        <inbodydescription>
        </inbodydescription>
        <location file="Models/Other/DodatkoweOsiagniecieModel.cs" line="26" column="21" bodyfile="Models/Other/DodatkoweOsiagniecieModel.cs" bodystart="26" bodyend="26"/>
      </memberdef>
      <memberdef kind="property" id="de/d4a/classprojektowaniaOprogramowania_1_1ViewModels_1_1DodatkoweOsiagniecieModel_1a089c60f74f867cfe0c62b39ed3be0f0e" prot="public" static="no" readable="no" writable="no" gettable="yes" privategettable="no" protectedgettable="no" settable="yes" privatesettable="no" protectedsettable="no">
        <type><ref refid="dd/d0a/classprojektowaniaOprogramowania_1_1ViewModels_1_1PrzelicznikOsiagniecModel" kindref="compound">PrzelicznikOsiagniecModel</ref></type>
        <definition>PrzelicznikOsiagniecModel projektowaniaOprogramowania.ViewModels.DodatkoweOsiagniecieModel.PrzelicznikOsiagniec</definition>
        <argsstring></argsstring>
        <name>PrzelicznikOsiagniec</name>
        <qualifiedname>projektowaniaOprogramowania.ViewModels.DodatkoweOsiagniecieModel.PrzelicznikOsiagniec</qualifiedname>
        <briefdescription>
        </briefdescription>
        <detaileddescription>
        </detaileddescription>
        <inbodydescription>
        </inbodydescription>
        <location file="Models/Other/DodatkoweOsiagniecieModel.cs" line="27" column="42" bodyfile="Models/Other/DodatkoweOsiagniecieModel.cs" bodystart="27" bodyend="27"/>
      </memberdef>
    </sectiondef>
    <briefdescription>
    </briefdescription>
    <detaileddescription>
    </detaileddescription>
    <location file="Models/Other/DodatkoweOsiagniecieModel.cs" line="8" column="11" bodyfile="Models/Other/DodatkoweOsiagniecieModel.cs" bodystart="9" bodyend="28"/>
    <listofallmembers>
      <member refid="de/d4a/classprojektowaniaOprogramowania_1_1ViewModels_1_1DodatkoweOsiagniecieModel_1a736a0d0f2dbead6243b6129d848ef5eb" prot="public" virt="non-virtual"><scope>projektowaniaOprogramowania::ViewModels::DodatkoweOsiagniecieModel</scope><name>DataZdobycia</name></member>
      <member refid="de/d4a/classprojektowaniaOprogramowania_1_1ViewModels_1_1DodatkoweOsiagniecieModel_1acb84803b372de15362f4df9a8496d32f" prot="public" virt="non-virtual"><scope>projektowaniaOprogramowania::ViewModels::DodatkoweOsiagniecieModel</scope><name>FkIdPodanieKandydata</name></member>
      <member refid="de/d4a/classprojektowaniaOprogramowania_1_1ViewModels_1_1DodatkoweOsiagniecieModel_1aa6ba75db9d9407095f830195e20cb0a9" prot="public" virt="non-virtual"><scope>projektowaniaOprogramowania::ViewModels::DodatkoweOsiagniecieModel</scope><name>FkIdPrzelicznikOsiagniec</name></member>
      <member refid="de/d4a/classprojektowaniaOprogramowania_1_1ViewModels_1_1DodatkoweOsiagniecieModel_1afe706ad4b4d2d1436c80c27b03fe0c7a" prot="public" virt="non-virtual"><scope>projektowaniaOprogramowania::ViewModels::DodatkoweOsiagniecieModel</scope><name>Id</name></member>
      <member refid="de/d4a/classprojektowaniaOprogramowania_1_1ViewModels_1_1DodatkoweOsiagniecieModel_1af776b904541b78c37a74fff3e084cdc9" prot="public" virt="non-virtual"><scope>projektowaniaOprogramowania::ViewModels::DodatkoweOsiagniecieModel</scope><name>Opis</name></member>
      <member refid="de/d4a/classprojektowaniaOprogramowania_1_1ViewModels_1_1DodatkoweOsiagniecieModel_1a2aac365e2780411a1299b50fe858df58" prot="public" virt="non-virtual"><scope>projektowaniaOprogramowania::ViewModels::DodatkoweOsiagniecieModel</scope><name>PodanieKandydata</name></member>
      <member refid="de/d4a/classprojektowaniaOprogramowania_1_1ViewModels_1_1DodatkoweOsiagniecieModel_1a089c60f74f867cfe0c62b39ed3be0f0e" prot="public" virt="non-virtual"><scope>projektowaniaOprogramowania::ViewModels::DodatkoweOsiagniecieModel</scope><name>PrzelicznikOsiagniec</name></member>
    </listofallmembers>
  </compounddef>
</doxygen>
